dataset,frame,param,level,degrade,degrade_level,object_id,type,distance_m,range_bin,box_width_px,object_points,hits
nuscenes_mini_subset,scene-0103_000,yaw,0.0,none,,0,Pedestrian,37.3,>30m,29.2,1,1
nuscenes_mini_subset,scene-0103_000,yaw,0.0,none,,1,Pedestrian,18.6,15-30m,68.6,8,8
nuscenes_mini_subset,scene-0103_000,yaw,0.0,none,,2,Pedestrian,31.0,>30m,41.2,5,5
nuscenes_mini_subset,scene-0103_000,yaw,0.0,none,,3,Car,43.0,>30m,90.9,4,4
nuscenes_mini_subset,scene-0103_000,yaw,0.0,none,,4,Pedestrian,20.9,15-30m,62.8,9,9
nuscenes_mini_subset,scene-0103_000,yaw,0.0,none,,5,Pedestrian,28.7,15-30m,42.2,5,5
nuscenes_mini_subset,scene-0103_000,yaw,0.0,none,,6,Pedestrian,38.7,>30m,24.0,2,2
nuscenes_mini_subset,scene-0103_000,yaw,0.0,none,,7,Pedestrian,39.7,>30m,17.0,1,1
nuscenes_mini_subset,scene-0103_000,yaw,0.0,none,,8,Pedestrian,32.0,>30m,38.4,4,4
nuscenes_mini_subset,scene-0103_000,yaw,0.0,none,,9,Car,73.1,>30m,39.2,1,1
nuscenes_mini_subset,scene-0103_000,yaw,0.0,none,,10,Pedestrian,53.9,>30m,13.9,1,1
nuscenes_mini_subset,scene-0103_000,yaw,0.0,none,,11,Pedestrian,55.4,>30m,20.4,1,1
nuscenes_mini_subset,scene-0103_000,yaw,0.0,none,,12,Pedestrian,30.5,>30m,51.3,3,3
nuscenes_mini_subset,scene-0103_000,yaw,0.0,none,,13,Pedestrian,37.8,>30m,33.4,3,3
nuscenes_mini_subset,scene-0103_000,yaw,0.5,none,,0,Pedestrian,37.3,>30m,29.2,1,1
nuscenes_mini_subset,scene-0103_000,yaw,0.5,none,,1,Pedestrian,18.6,15-30m,68.6,8,8
nuscenes_mini_subset,scene-0103_000,yaw,0.5,none,,2,Pedestrian,31.0,>30m,41.2,5,5
nuscenes_mini_subset,scene-0103_000,yaw,0.5,none,,3,Car,43.0,>30m,90.9,4,4
nuscenes_mini_subset,scene-0103_000,yaw,0.5,none,,4,Pedestrian,20.9,15-30m,62.8,9,9
nuscenes_mini_subset,scene-0103_000,yaw,0.5,none,,5,Pedestrian,28.7,15-30m,42.2,5,4
nuscenes_mini_subset,scene-0103_000,yaw,0.5,none,,6,Pedestrian,38.7,>30m,24.0,2,1
nuscenes_mini_subset,scene-0103_000,yaw,0.5,none,,7,Pedestrian,39.7,>30m,17.0,1,0
nuscenes_mini_subset,scene-0103_000,yaw,0.5,none,,8,Pedestrian,32.0,>30m,38.4,4,4
nuscenes_mini_subset,scene-0103_000,yaw,0.5,none,,9,Car,73.1,>30m,39.2,1,1
nuscenes_mini_subset,scene-0103_000,yaw,0.5,none,,10,Pedestrian,53.9,>30m,13.9,1,0
nuscenes_mini_subset,scene-0103_000,yaw,0.5,none,,11,Pedestrian,55.4,>30m,20.4,1,0
nuscenes_mini_subset,scene-0103_000,yaw,0.5,none,,12,Pedestrian,30.5,>30m,51.3,3,2
nuscenes_mini_subset,scene-0103_000,yaw,0.5,none,,13,Pedestrian,37.8,>30m,33.4,3,3
nuscenes_mini_subset,scene-0103_000,yaw,1.0,none,,0,Pedestrian,37.3,>30m,29.2,1,0
nuscenes_mini_subset,scene-0103_000,yaw,1.0,none,,1,Pedestrian,18.6,15-30m,68.6,8,7
nuscenes_mini_subset,scene-0103_000,yaw,1.0,none,,2,Pedestrian,31.0,>30m,41.2,5,1
nuscenes_mini_subset,scene-0103_000,yaw,1.0,none,,3,Car,43.0,>30m,90.9,4,4
nuscenes_mini_subset,scene-0103_000,yaw,1.0,none,,4,Pedestrian,20.9,15-30m,62.8,9,7
nuscenes_mini_subset,scene-0103_000,yaw,1.0,none,,5,Pedestrian,28.7,15-30m,42.2,5,1
nuscenes_mini_subset,scene-0103_000,yaw,1.0,none,,6,Pedestrian,38.7,>30m,24.0,2,0
nuscenes_mini_subset,scene-0103_000,yaw,1.0,none,,7,Pedestrian,39.7,>30m,17.0,1,0
nuscenes_mini_subset,scene-0103_000,yaw,1.0,none,,8,Pedestrian,32.0,>30m,38.4,4,1
nuscenes_mini_subset,scene-0103_000,yaw,1.0,none,,9,Car,73.1,>30m,39.2,1,1
nuscenes_mini_subset,scene-0103_000,yaw,1.0,none,,10,Pedestrian,53.9,>30m,13.9,1,0
nuscenes_mini_subset,scene-0103_000,yaw,1.0,none,,11,Pedestrian,55.4,>30m,20.4,1,0
nuscenes_mini_subset,scene-0103_000,yaw,1.0,none,,12,Pedestrian,30.5,>30m,51.3,3,1
nuscenes_mini_subset,scene-0103_000,yaw,1.0,none,,13,Pedestrian,37.8,>30m,33.4,3,1
nuscenes_mini_subset,scene-0103_000,yaw,2.0,none,,0,Pedestrian,37.3,>30m,29.2,1,0
nuscenes_mini_subset,scene-0103_000,yaw,2.0,none,,1,Pedestrian,18.6,15-30m,68.6,8,1
nuscenes_mini_subset,scene-0103_000,yaw,2.0,none,,2,Pedestrian,31.0,>30m,41.2,5,0
nuscenes_mini_subset,scene-0103_000,yaw,2.0,none,,3,Car,43.0,>30m,90.9,4,2
nuscenes_mini_subset,scene-0103_000,yaw,2.0,none,,4,Pedestrian,20.9,15-30m,62.8,9,0
nuscenes_mini_subset,scene-0103_000,yaw,2.0,none,,5,Pedestrian,28.7,15-30m,42.2,5,0
nuscenes_mini_subset,scene-0103_000,yaw,2.0,none,,6,Pedestrian,38.7,>30m,24.0,2,0
nuscenes_mini_subset,scene-0103_000,yaw,2.0,none,,7,Pedestrian,39.7,>30m,17.0,1,0
nuscenes_mini_subset,scene-0103_000,yaw,2.0,none,,8,Pedestrian,32.0,>30m,38.4,4,0
nuscenes_mini_subset,scene-0103_000,yaw,2.0,none,,9,Car,73.1,>30m,39.2,1,0
nuscenes_mini_subset,scene-0103_000,yaw,2.0,none,,10,Pedestrian,53.9,>30m,13.9,1,0
nuscenes_mini_subset,scene-0103_000,yaw,2.0,none,,11,Pedestrian,55.4,>30m,20.4,1,0
nuscenes_mini_subset,scene-0103_000,yaw,2.0,none,,12,Pedestrian,30.5,>30m,51.3,3,0
nuscenes_mini_subset,scene-0103_000,yaw,2.0,none,,13,Pedestrian,37.8,>30m,33.4,3,0
nuscenes_mini_subset,scene-0103_001,yaw,0.0,none,,0,Pedestrian,32.7,>30m,34.5,2,2
nuscenes_mini_subset,scene-0103_001,yaw,0.0,none,,1,Pedestrian,14.0,0-15m,89.9,20,20
nuscenes_mini_subset,scene-0103_001,yaw,0.0,none,,2,Pedestrian,26.0,15-30m,54.0,5,5
nuscenes_mini_subset,scene-0103_001,yaw,0.0,none,,3,Pedestrian,33.5,>30m,27.1,2,2
nuscenes_mini_subset,scene-0103_001,yaw,0.0,none,,4,Car,41.6,>30m,69.8,2,2
nuscenes_mini_subset,scene-0103_001,yaw,0.0,none,,5,Car,63.1,>30m,103.5,1,1
nuscenes_mini_subset,scene-0103_001,yaw,0.0,none,,6,Pedestrian,25.5,15-30m,50.6,4,4
nuscenes_mini_subset,scene-0103_001,yaw,0.0,none,,7,Pedestrian,34.3,>30m,26.5,0,0
nuscenes_mini_subset,scene-0103_001,yaw,0.0,none,,8,Pedestrian,35.8,>30m,21.2,1,1
nuscenes_mini_subset,scene-0103_001,yaw,0.0,none,,9,Pedestrian,27.6,15-30m,45.2,5,5
nuscenes_mini_subset,scene-0103_001,yaw,0.0,none,,10,Car,64.7,>30m,44.5,0,0
nuscenes_mini_subset,scene-0103_001,yaw,0.0,none,,11,Pedestrian,50.2,>30m,14.9,2,2
nuscenes_mini_subset,scene-0103_001,yaw,0.0,none,,12,Pedestrian,31.0,>30m,36.6,3,3
nuscenes_mini_subset,scene-0103_001,yaw,0.0,none,,13,Car,76.8,>30m,42.2,1,1
nuscenes_mini_subset,scene-0103_001,yaw,0.0,none,,14,Car,39.4,>30m,92.3,3,3
nuscenes_mini_subset,scene-0103_001,yaw,0.0,none,,15,Pedestrian,52.0,>30m,22.3,2,2
nuscenes_mini_subset,scene-0103_001,yaw,0.0,none,,16,Pedestrian,26.7,15-30m,64.8,5,5
nuscenes_mini_subset,scene-0103_001,yaw,0.0,none,,17,Pedestrian,33.2,>30m,39.6,3,3
nuscenes_mini_subset,scene-0103_001,yaw,0.0,none,,18,Pedestrian,27.4,15-30m,39.9,6,6
nuscenes_mini_subset,scene-0103_001,yaw,0.5,none,,0,Pedestrian,32.7,>30m,34.5,2,2
nuscenes_mini_subset,scene-0103_001,yaw,0.5,none,,1,Pedestrian,14.0,0-15m,89.9,21,21
nuscenes_mini_subset,scene-0103_001,yaw,0.5,none,,2,Pedestrian,26.0,15-30m,54.0,5,4
nuscenes_mini_subset,scene-0103_001,yaw,0.5,none,,3,Pedestrian,33.5,>30m,27.1,2,1
nuscenes_mini_subset,scene-0103_001,yaw,0.5,none,,4,Car,41.6,>30m,69.8,2,2
nuscenes_mini_subset,scene-0103_001,yaw,0.5,none,,5,Car,63.1,>30m,103.5,1,1
nuscenes_mini_subset,scene-0103_001,yaw,0.5,none,,6,Pedestrian,25.5,15-30m,50.6,4,3
nuscenes_mini_subset,scene-0103_001,yaw,0.5,none,,7,Pedestrian,34.3,>30m,26.5,0,0
nuscenes_mini_subset,scene-0103_001,yaw,0.5,none,,8,Pedestrian,35.8,>30m,21.2,1,1
nuscenes_mini_subset,scene-0103_001,yaw,0.5,none,,9,Pedestrian,27.6,15-30m,45.2,5,5
nuscenes_mini_subset,scene-0103_001,yaw,0.5,none,,10,Car,64.7,>30m,44.5,0,0
nuscenes_mini_subset,scene-0103_001,yaw,0.5,none,,11,Pedestrian,50.2,>30m,14.9,2,1
nuscenes_mini_subset,scene-0103_001,yaw,0.5,none,,12,Pedestrian,31.0,>30m,36.6,3,2
nuscenes_mini_subset,scene-0103_001,yaw,0.5,none,,13,Car,76.8,>30m,42.2,1,1
nuscenes_mini_subset,scene-0103_001,yaw,0.5,none,,14,Car,39.4,>30m,92.3,3,3
nuscenes_mini_subset,scene-0103_001,yaw,0.5,none,,15,Pedestrian,52.0,>30m,22.3,2,0
nuscenes_mini_subset,scene-0103_001,yaw,0.5,none,,16,Pedestrian,26.7,15-30m,64.8,5,4
nuscenes_mini_subset,scene-0103_001,yaw,0.5,none,,17,Pedestrian,33.2,>30m,39.6,3,3
nuscenes_mini_subset,scene-0103_001,yaw,0.5,none,,18,Pedestrian,27.4,15-30m,39.9,6,5
nuscenes_mini_subset,scene-0103_001,yaw,1.0,none,,0,Pedestrian,32.7,>30m,34.5,2,1
nuscenes_mini_subset,scene-0103_001,yaw,1.0,none,,1,Pedestrian,14.0,0-15m,89.9,21,21
nuscenes_mini_subset,scene-0103_001,yaw,1.0,none,,2,Pedestrian,26.0,15-30m,54.0,5,3
nuscenes_mini_subset,scene-0103_001,yaw,1.0,none,,3,Pedestrian,33.5,>30m,27.1,2,0
nuscenes_mini_subset,scene-0103_001,yaw,1.0,none,,4,Car,41.6,>30m,69.8,2,1
nuscenes_mini_subset,scene-0103_001,yaw,1.0,none,,5,Car,63.1,>30m,103.5,1,0
nuscenes_mini_subset,scene-0103_001,yaw,1.0,none,,6,Pedestrian,25.5,15-30m,50.6,4,2
nuscenes_mini_subset,scene-0103_001,yaw,1.0,none,,7,Pedestrian,34.3,>30m,26.5,0,0
nuscenes_mini_subset,scene-0103_001,yaw,1.0,none,,8,Pedestrian,35.8,>30m,21.2,1,0
nuscenes_mini_subset,scene-0103_001,yaw,1.0,none,,9,Pedestrian,27.6,15-30m,45.2,5,2
nuscenes_mini_subset,scene-0103_001,yaw,1.0,none,,10,Car,64.7,>30m,44.5,0,0
nuscenes_mini_subset,scene-0103_001,yaw,1.0,none,,11,Pedestrian,50.2,>30m,14.9,2,0
nuscenes_mini_subset,scene-0103_001,yaw,1.0,none,,12,Pedestrian,31.0,>30m,36.6,3,0
nuscenes_mini_subset,scene-0103_001,yaw,1.0,none,,13,Car,76.8,>30m,42.2,1,0
nuscenes_mini_subset,scene-0103_001,yaw,1.0,none,,14,Car,39.4,>30m,92.3,3,3
nuscenes_mini_subset,scene-0103_001,yaw,1.0,none,,15,Pedestrian,52.0,>30m,22.3,2,0
nuscenes_mini_subset,scene-0103_001,yaw,1.0,none,,16,Pedestrian,26.7,15-30m,64.8,5,3
nuscenes_mini_subset,scene-0103_001,yaw,1.0,none,,17,Pedestrian,33.2,>30m,39.6,3,1
nuscenes_mini_subset,scene-0103_001,yaw,1.0,none,,18,Pedestrian,27.4,15-30m,39.9,6,1
nuscenes_mini_subset,scene-0103_001,yaw,2.0,none,,0,Pedestrian,32.7,>30m,34.5,2,0
nuscenes_mini_subset,scene-0103_001,yaw,2.0,none,,1,Pedestrian,14.0,0-15m,89.9,21,14
nuscenes_mini_subset,scene-0103_001,yaw,2.0,none,,2,Pedestrian,26.0,15-30m,54.0,5,0
nuscenes_mini_subset,scene-0103_001,yaw,2.0,none,,3,Pedestrian,33.5,>30m,27.1,2,0
nuscenes_mini_subset,scene-0103_001,yaw,2.0,none,,4,Car,41.6,>30m,69.8,2,0
nuscenes_mini_subset,scene-0103_001,yaw,2.0,none,,5,Car,63.1,>30m,103.5,1,0
nuscenes_mini_subset,scene-0103_001,yaw,2.0,none,,6,Pedestrian,25.5,15-30m,50.6,4,0
nuscenes_mini_subset,scene-0103_001,yaw,2.0,none,,7,Pedestrian,34.3,>30m,26.5,0,0
nuscenes_mini_subset,scene-0103_001,yaw,2.0,none,,8,Pedestrian,35.8,>30m,21.2,1,0
nuscenes_mini_subset,scene-0103_001,yaw,2.0,none,,9,Pedestrian,27.6,15-30m,45.2,5,0
nuscenes_mini_subset,scene-0103_001,yaw,2.0,none,,10,Car,64.7,>30m,44.5,0,0
nuscenes_mini_subset,scene-0103_001,yaw,2.0,none,,11,Pedestrian,50.2,>30m,14.9,2,0
nuscenes_mini_subset,scene-0103_001,yaw,2.0,none,,12,Pedestrian,31.0,>30m,36.6,3,0
nuscenes_mini_subset,scene-0103_001,yaw,2.0,none,,13,Car,76.8,>30m,42.2,1,0
nuscenes_mini_subset,scene-0103_001,yaw,2.0,none,,14,Car,39.4,>30m,92.3,3,1
nuscenes_mini_subset,scene-0103_001,yaw,2.0,none,,15,Pedestrian,52.0,>30m,22.3,2,0
nuscenes_mini_subset,scene-0103_001,yaw,2.0,none,,16,Pedestrian,26.7,15-30m,64.8,5,0
nuscenes_mini_subset,scene-0103_001,yaw,2.0,none,,17,Pedestrian,33.2,>30m,39.6,3,0
nuscenes_mini_subset,scene-0103_001,yaw,2.0,none,,18,Pedestrian,27.4,15-30m,39.9,6,0
nuscenes_mini_subset,scene-0103_002,yaw,0.0,none,,0,Pedestrian,28.2,15-30m,42.6,4,4
nuscenes_mini_subset,scene-0103_002,yaw,0.0,none,,1,Pedestrian,21.3,15-30m,73.6,11,11
nuscenes_mini_subset,scene-0103_002,yaw,0.0,none,,2,Pedestrian,29.1,15-30m,30.7,5,5
nuscenes_mini_subset,scene-0103_002,yaw,0.0,none,,3,Car,40.7,>30m,67.1,4,4
nuscenes_mini_subset,scene-0103_002,yaw,0.0,none,,4,Car,58.9,>30m,110.9,0,0
nuscenes_mini_subset,scene-0103_002,yaw,0.0,none,,5,Pedestrian,22.3,15-30m,61.7,8,8
nuscenes_mini_subset,scene-0103_002,yaw,0.0,none,,6,Pedestrian,29.9,15-30m,29.4,3,3
nuscenes_mini_subset,scene-0103_002,yaw,0.0,none,,7,Pedestrian,32.2,>30m,27.9,2,2
nuscenes_mini_subset,scene-0103_002,yaw,0.0,none,,8,Pedestrian,23.3,15-30m,54.3,5,5
nuscenes_mini_subset,scene-0103_002,yaw,0.0,none,,9,Car,56.5,>30m,51.4,0,0
nuscenes_mini_subset,scene-0103_002,yaw,0.0,none,,10,Car,43.3,>30m,86.6,1,1
nuscenes_mini_subset,scene-0103_002,yaw,0.0,none,,11,Pedestrian,46.7,>30m,17.8,1,1
nuscenes_mini_subset,scene-0103_002,yaw,0.0,none,,12,Pedestrian,26.5,15-30m,43.1,4,4
nuscenes_mini_subset,scene-0103_002,yaw,0.0,none,,13,Car,72.6,>30m,44.5,0,0
nuscenes_mini_subset,scene-0103_002,yaw,0.0,none,,14,Car,31.5,>30m,117.2,0,0
nuscenes_mini_subset,scene-0103_002,yaw,0.0,none,,15,Pedestrian,31.2,>30m,39.9,2,2
nuscenes_mini_subset,scene-0103_002,yaw,0.0,none,,16,Pedestrian,48.6,>30m,24.2,1,1
nuscenes_mini_subset,scene-0103_002,yaw,0.0,none,,17,Truck,105.7,>30m,39.8,3,3
nuscenes_mini_subset,scene-0103_002,yaw,0.0,none,,18,Pedestrian,28.7,15-30m,49.1,2,2
nuscenes_mini_subset,scene-0103_002,yaw,0.0,none,,19,Pedestrian,24.3,15-30m,48.6,4,4
nuscenes_mini_subset,scene-0103_002,yaw,0.5,none,,0,Pedestrian,28.2,15-30m,42.6,4,4
nuscenes_mini_subset,scene-0103_002,yaw,0.5,none,,1,Pedestrian,21.3,15-30m,73.6,11,8
nuscenes_mini_subset,scene-0103_002,yaw,0.5,none,,2,Pedestrian,29.1,15-30m,30.7,5,3
nuscenes_mini_subset,scene-0103_002,yaw,0.5,none,,3,Car,40.7,>30m,67.1,4,4
nuscenes_mini_subset,scene-0103_002,yaw,0.5,none,,4,Car,58.9,>30m,110.9,0,0
nuscenes_mini_subset,scene-0103_002,yaw,0.5,none,,5,Pedestrian,22.3,15-30m,61.7,8,7
nuscenes_mini_subset,scene-0103_002,yaw,0.5,none,,6,Pedestrian,29.9,15-30m,29.4,3,3
nuscenes_mini_subset,scene-0103_002,yaw,0.5,none,,7,Pedestrian,32.2,>30m,27.9,2,1
nuscenes_mini_subset,scene-0103_002,yaw,0.5,none,,8,Pedestrian,23.3,15-30m,54.3,5,5
nuscenes_mini_subset,scene-0103_002,yaw,0.5,none,,9,Car,56.5,>30m,51.4,0,0
nuscenes_mini_subset,scene-0103_002,yaw,0.5,none,,10,Car,43.3,>30m,86.6,1,0
nuscenes_mini_subset,scene-0103_002,yaw,0.5,none,,11,Pedestrian,46.7,>30m,17.8,1,1
nuscenes_mini_subset,scene-0103_002,yaw,0.5,none,,12,Pedestrian,26.5,15-30m,43.1,4,2
nuscenes_mini_subset,scene-0103_002,yaw,0.5,none,,13,Car,72.6,>30m,44.5,0,0
nuscenes_mini_subset,scene-0103_002,yaw,0.5,none,,14,Car,31.5,>30m,117.2,0,0
nuscenes_mini_subset,scene-0103_002,yaw,0.5,none,,15,Pedestrian,31.2,>30m,39.9,2,2
nuscenes_mini_subset,scene-0103_002,yaw,0.5,none,,16,Pedestrian,48.6,>30m,24.2,1,0
nuscenes_mini_subset,scene-0103_002,yaw,0.5,none,,17,Truck,105.7,>30m,39.8,3,2
nuscenes_mini_subset,scene-0103_002,yaw,0.5,none,,18,Pedestrian,28.7,15-30m,49.1,2,2
nuscenes_mini_subset,scene-0103_002,yaw,0.5,none,,19,Pedestrian,24.3,15-30m,48.6,4,4
nuscenes_mini_subset,scene-0103_002,yaw,1.0,none,,0,Pedestrian,28.2,15-30m,42.6,4,0
nuscenes_mini_subset,scene-0103_002,yaw,1.0,none,,1,Pedestrian,21.3,15-30m,73.6,11,7
nuscenes_mini_subset,scene-0103_002,yaw,1.0,none,,2,Pedestrian,29.1,15-30m,30.7,5,0
nuscenes_mini_subset,scene-0103_002,yaw,1.0,none,,3,Car,40.7,>30m,67.1,4,3
nuscenes_mini_subset,scene-0103_002,yaw,1.0,none,,4,Car,58.9,>30m,110.9,0,0
nuscenes_mini_subset,scene-0103_002,yaw,1.0,none,,5,Pedestrian,22.3,15-30m,61.7,8,6
nuscenes_mini_subset,scene-0103_002,yaw,1.0,none,,6,Pedestrian,29.9,15-30m,29.4,3,1
nuscenes_mini_subset,scene-0103_002,yaw,1.0,none,,7,Pedestrian,32.2,>30m,27.9,2,0
nuscenes_mini_subset,scene-0103_002,yaw,1.0,none,,8,Pedestrian,23.3,15-30m,54.3,5,1
nuscenes_mini_subset,scene-0103_002,yaw,1.0,none,,9,Car,56.5,>30m,51.4,0,0
nuscenes_mini_subset,scene-0103_002,yaw,1.0,none,,10,Car,43.3,>30m,86.6,1,0
nuscenes_mini_subset,scene-0103_002,yaw,1.0,none,,11,Pedestrian,46.7,>30m,17.8,1,0
nuscenes_mini_subset,scene-0103_002,yaw,1.0,none,,12,Pedestrian,26.5,15-30m,43.1,4,0
nuscenes_mini_subset,scene-0103_002,yaw,1.0,none,,13,Car,72.6,>30m,44.5,0,0
nuscenes_mini_subset,scene-0103_002,yaw,1.0,none,,14,Car,31.5,>30m,117.2,0,0
nuscenes_mini_subset,scene-0103_002,yaw,1.0,none,,15,Pedestrian,31.2,>30m,39.9,2,1
nuscenes_mini_subset,scene-0103_002,yaw,1.0,none,,16,Pedestrian,48.6,>30m,24.2,1,0
nuscenes_mini_subset,scene-0103_002,yaw,1.0,none,,17,Truck,105.7,>30m,39.8,3,0
nuscenes_mini_subset,scene-0103_002,yaw,1.0,none,,18,Pedestrian,28.7,15-30m,49.1,2,0
nuscenes_mini_subset,scene-0103_002,yaw,1.0,none,,19,Pedestrian,24.3,15-30m,48.6,4,2
nuscenes_mini_subset,scene-0103_002,yaw,2.0,none,,0,Pedestrian,28.2,15-30m,42.6,4,0
nuscenes_mini_subset,scene-0103_002,yaw,2.0,none,,1,Pedestrian,21.3,15-30m,73.6,11,1
nuscenes_mini_subset,scene-0103_002,yaw,2.0,none,,2,Pedestrian,29.1,15-30m,30.7,5,0
nuscenes_mini_subset,scene-0103_002,yaw,2.0,none,,3,Car,40.7,>30m,67.1,4,1
nuscenes_mini_subset,scene-0103_002,yaw,2.0,none,,4,Car,58.9,>30m,110.9,0,0
nuscenes_mini_subset,scene-0103_002,yaw,2.0,none,,5,Pedestrian,22.3,15-30m,61.7,8,0
nuscenes_mini_subset,scene-0103_002,yaw,2.0,none,,6,Pedestrian,29.9,15-30m,29.4,3,0
nuscenes_mini_subset,scene-0103_002,yaw,2.0,none,,7,Pedestrian,32.2,>30m,27.9,1,0
nuscenes_mini_subset,scene-0103_002,yaw,2.0,none,,8,Pedestrian,23.3,15-30m,54.3,5,0
nuscenes_mini_subset,scene-0103_002,yaw,2.0,none,,9,Car,56.5,>30m,51.4,0,0
nuscenes_mini_subset,scene-0103_002,yaw,2.0,none,,10,Car,43.3,>30m,86.6,1,0
nuscenes_mini_subset,scene-0103_002,yaw,2.0,none,,11,Pedestrian,46.7,>30m,17.8,1,0
nuscenes_mini_subset,scene-0103_002,yaw,2.0,none,,12,Pedestrian,26.5,15-30m,43.1,4,0
nuscenes_mini_subset,scene-0103_002,yaw,2.0,none,,13,Car,72.6,>30m,44.5,0,0
nuscenes_mini_subset,scene-0103_002,yaw,2.0,none,,14,Car,31.5,>30m,117.2,0,0
nuscenes_mini_subset,scene-0103_002,yaw,2.0,none,,15,Pedestrian,31.2,>30m,39.9,2,0
nuscenes_mini_subset,scene-0103_002,yaw,2.0,none,,16,Pedestrian,48.6,>30m,24.2,1,0
nuscenes_mini_subset,scene-0103_002,yaw,2.0,none,,17,Truck,105.7,>30m,39.8,3,0
nuscenes_mini_subset,scene-0103_002,yaw,2.0,none,,18,Pedestrian,28.7,15-30m,49.1,2,0
nuscenes_mini_subset,scene-0103_002,yaw,2.0,none,,19,Pedestrian,24.3,15-30m,48.6,4,0
nuscenes_mini_subset,scene-0103_003,yaw,0.0,none,,0,Pedestrian,23.9,15-30m,55.8,5,5
nuscenes_mini_subset,scene-0103_003,yaw,0.0,none,,1,Pedestrian,16.7,15-30m,104.0,15,15
nuscenes_mini_subset,scene-0103_003,yaw,0.0,none,,2,Pedestrian,24.8,15-30m,40.0,4,4
nuscenes_mini_subset,scene-0103_003,yaw,0.0,none,,3,Car,40.2,>30m,67.6,7,7
nuscenes_mini_subset,scene-0103_003,yaw,0.0,none,,4,Pedestrian,42.9,>30m,19.9,1,1
nuscenes_mini_subset,scene-0103_003,yaw,0.0,none,,5,Car,54.7,>30m,119.5,0,0
nuscenes_mini_subset,scene-0103_003,yaw,0.0,none,,6,Pedestrian,19.2,15-30m,75.5,4,4
nuscenes_mini_subset,scene-0103_003,yaw,0.0,none,,7,Pedestrian,25.6,15-30m,32.1,1,1
nuscenes_mini_subset,scene-0103_003,yaw,0.0,none,,8,Pedestrian,19.3,15-30m,71.4,8,8
nuscenes_mini_subset,scene-0103_003,yaw,0.0,none,,9,Car,48.2,>30m,61.1,4,4
nuscenes_mini_subset,scene-0103_003,yaw,0.0,none,,10,Car,39.1,>30m,97.9,0,0
nuscenes_mini_subset,scene-0103_003,yaw,0.0,none,,11,Pedestrian,43.2,>30m,21.5,1,1
nuscenes_mini_subset,scene-0103_003,yaw,0.0,none,,12,Pedestrian,22.0,15-30m,53.4,3,3
nuscenes_mini_subset,scene-0103_003,yaw,0.0,none,,13,Car,68.5,>30m,47.3,0,0
nuscenes_mini_subset,scene-0103_003,yaw,0.0,none,,14,Car,22.9,15-30m,168.1,12,12
nuscenes_mini_subset,scene-0103_003,yaw,0.0,none,,15,Pedestrian,27.0,15-30m,45.9,4,4
nuscenes_mini_subset,scene-0103_003,yaw,0.0,none,,16,Pedestrian,45.3,>30m,26.3,1,1
nuscenes_mini_subset,scene-0103_003,yaw,0.0,none,,17,Pedestrian,62.6,>30m,14.6,1,1
nuscenes_mini_subset,scene-0103_003,yaw,0.0,none,,18,Truck,101.5,>30m,41.2,0,0
nuscenes_mini_subset,scene-0103_003,yaw,0.0,none,,19,Pedestrian,24.5,15-30m,64.1,4,4
nuscenes_mini_subset,scene-0103_003,yaw,0.0,none,,20,Pedestrian,21.1,15-30m,61.0,1,1
nuscenes_mini_subset,scene-0103_003,yaw,0.5,none,,0,Pedestrian,23.9,15-30m,55.8,5,5
nuscenes_mini_subset,scene-0103_003,yaw,0.5,none,,1,Pedestrian,16.7,15-30m,104.0,15,15
nuscenes_mini_subset,scene-0103_003,yaw,0.5,none,,2,Pedestrian,24.8,15-30m,40.0,4,4
nuscenes_mini_subset,scene-0103_003,yaw,0.5,none,,3,Car,40.2,>30m,67.6,7,6
nuscenes_mini_subset,scene-0103_003,yaw,0.5,none,,4,Pedestrian,42.9,>30m,19.9,1,1
nuscenes_mini_subset,scene-0103_003,yaw,0.5,none,,5,Car,54.7,>30m,119.5,0,0
nuscenes_mini_subset,scene-0103_003,yaw,0.5,none,,6,Pedestrian,19.2,15-30m,75.5,4,4
nuscenes_mini_subset,scene-0103_003,yaw,0.5,none,,7,Pedestrian,25.6,15-30m,32.1,1,1
nuscenes_mini_subset,scene-0103_003,yaw,0.5,none,,8,Pedestrian,19.3,15-30m,71.4,8,8
nuscenes_mini_subset,scene-0103_003,yaw,0.5,none,,9,Car,48.2,>30m,61.1,4,3
nuscenes_mini_subset,scene-0103_003,yaw,0.5,none,,10,Car,39.1,>30m,97.9,0,0
nuscenes_mini_subset,scene-0103_003,yaw,0.5,none,,11,Pedestrian,43.2,>30m,21.5,1,1
nuscenes_mini_subset,scene-0103_003,yaw,0.5,none,,12,Pedestrian,22.0,15-30m,53.4,3,2
nuscenes_mini_subset,scene-0103_003,yaw,0.5,none,,13,Car,68.5,>30m,47.3,0,0
nuscenes_mini_subset,scene-0103_003,yaw,0.5,none,,14,Car,22.9,15-30m,168.1,12,12
nuscenes_mini_subset,scene-0103_003,yaw,0.5,none,,15,Pedestrian,27.0,15-30m,45.9,4,3
nuscenes_mini_subset,scene-0103_003,yaw,0.5,none,,16,Pedestrian,45.3,>30m,26.3,1,0
nuscenes_mini_subset,scene-0103_003,yaw,0.5,none,,17,Pedestrian,62.6,>30m,14.6,1,0
nuscenes_mini_subset,scene-0103_003,yaw,0.5,none,,18,Truck,101.5,>30m,41.2,0,0
nuscenes_mini_subset,scene-0103_003,yaw,0.5,none,,19,Pedestrian,24.5,15-30m,64.1,4,4
nuscenes_mini_subset,scene-0103_003,yaw,0.5,none,,20,Pedestrian,21.1,15-30m,61.0,1,1
nuscenes_mini_subset,scene-0103_003,yaw,1.0,none,,0,Pedestrian,23.9,15-30m,55.8,5,3
nuscenes_mini_subset,scene-0103_003,yaw,1.0,none,,1,Pedestrian,16.7,15-30m,104.0,15,12
nuscenes_mini_subset,scene-0103_003,yaw,1.0,none,,2,Pedestrian,24.8,15-30m,40.0,4,1
nuscenes_mini_subset,scene-0103_003,yaw,1.0,none,,3,Car,40.2,>30m,67.6,7,5
nuscenes_mini_subset,scene-0103_003,yaw,1.0,none,,4,Pedestrian,42.9,>30m,19.9,1,0
nuscenes_mini_subset,scene-0103_003,yaw,1.0,none,,5,Car,54.7,>30m,119.5,0,0
nuscenes_mini_subset,scene-0103_003,yaw,1.0,none,,6,Pedestrian,19.2,15-30m,75.5,4,4
nuscenes_mini_subset,scene-0103_003,yaw,1.0,none,,7,Pedestrian,25.6,15-30m,32.1,1,0
nuscenes_mini_subset,scene-0103_003,yaw,1.0,none,,8,Pedestrian,19.3,15-30m,71.4,8,5
nuscenes_mini_subset,scene-0103_003,yaw,1.0,none,,9,Car,48.2,>30m,61.1,4,2
nuscenes_mini_subset,scene-0103_003,yaw,1.0,none,,10,Car,39.1,>30m,97.9,0,0
nuscenes_mini_subset,scene-0103_003,yaw,1.0,none,,11,Pedestrian,43.2,>30m,21.5,1,0
nuscenes_mini_subset,scene-0103_003,yaw,1.0,none,,12,Pedestrian,22.0,15-30m,53.4,3,2
nuscenes_mini_subset,scene-0103_003,yaw,1.0,none,,13,Car,68.5,>30m,47.3,0,0
nuscenes_mini_subset,scene-0103_003,yaw,1.0,none,,14,Car,22.9,15-30m,168.1,12,12
nuscenes_mini_subset,scene-0103_003,yaw,1.0,none,,15,Pedestrian,27.0,15-30m,45.9,4,1
nuscenes_mini_subset,scene-0103_003,yaw,1.0,none,,16,Pedestrian,45.3,>30m,26.3,1,0
nuscenes_mini_subset,scene-0103_003,yaw,1.0,none,,17,Pedestrian,62.6,>30m,14.6,1,0
nuscenes_mini_subset,scene-0103_003,yaw,1.0,none,,18,Truck,101.5,>30m,41.2,0,0
nuscenes_mini_subset,scene-0103_003,yaw,1.0,none,,19,Pedestrian,24.5,15-30m,64.1,4,4
nuscenes_mini_subset,scene-0103_003,yaw,1.0,none,,20,Pedestrian,21.1,15-30m,61.0,1,0
nuscenes_mini_subset,scene-0103_003,yaw,2.0,none,,0,Pedestrian,23.9,15-30m,55.8,5,0
nuscenes_mini_subset,scene-0103_003,yaw,2.0,none,,1,Pedestrian,16.7,15-30m,104.0,15,3
nuscenes_mini_subset,scene-0103_003,yaw,2.0,none,,2,Pedestrian,24.8,15-30m,40.0,4,0
nuscenes_mini_subset,scene-0103_003,yaw,2.0,none,,3,Car,40.2,>30m,67.6,7,2
nuscenes_mini_subset,scene-0103_003,yaw,2.0,none,,4,Pedestrian,42.9,>30m,19.9,1,0
nuscenes_mini_subset,scene-0103_003,yaw,2.0,none,,5,Car,54.7,>30m,119.5,0,0
nuscenes_mini_subset,scene-0103_003,yaw,2.0,none,,6,Pedestrian,19.2,15-30m,75.5,4,1
nuscenes_mini_subset,scene-0103_003,yaw,2.0,none,,7,Pedestrian,25.6,15-30m,32.1,1,0
nuscenes_mini_subset,scene-0103_003,yaw,2.0,none,,8,Pedestrian,19.3,15-30m,71.4,8,0
nuscenes_mini_subset,scene-0103_003,yaw,2.0,none,,9,Car,48.2,>30m,61.1,4,0
nuscenes_mini_subset,scene-0103_003,yaw,2.0,none,,10,Car,39.1,>30m,97.9,0,0
nuscenes_mini_subset,scene-0103_003,yaw,2.0,none,,11,Pedestrian,43.2,>30m,21.5,1,0
nuscenes_mini_subset,scene-0103_003,yaw,2.0,none,,12,Pedestrian,22.0,15-30m,53.4,3,0
nuscenes_mini_subset,scene-0103_003,yaw,2.0,none,,13,Car,68.5,>30m,47.3,0,0
nuscenes_mini_subset,scene-0103_003,yaw,2.0,none,,14,Car,22.9,15-30m,168.1,12,11
nuscenes_mini_subset,scene-0103_003,yaw,2.0,none,,15,Pedestrian,27.0,15-30m,45.9,4,0
nuscenes_mini_subset,scene-0103_003,yaw,2.0,none,,16,Pedestrian,45.3,>30m,26.3,1,0
nuscenes_mini_subset,scene-0103_003,yaw,2.0,none,,17,Pedestrian,62.6,>30m,14.6,1,0
nuscenes_mini_subset,scene-0103_003,yaw,2.0,none,,18,Truck,101.5,>30m,41.2,0,0
nuscenes_mini_subset,scene-0103_003,yaw,2.0,none,,19,Pedestrian,24.5,15-30m,64.1,4,1
nuscenes_mini_subset,scene-0103_003,yaw,2.0,none,,20,Pedestrian,21.1,15-30m,61.0,1,0
nuscenes_mini_subset,scene-0103_004,yaw,0.0,none,,0,Pedestrian,19.8,15-30m,52.7,10,10
nuscenes_mini_subset,scene-0103_004,yaw,0.0,none,,1,Pedestrian,20.5,15-30m,53.1,6,6
nuscenes_mini_subset,scene-0103_004,yaw,0.0,none,,2,Car,40.8,>30m,66.3,1,1
nuscenes_mini_subset,scene-0103_004,yaw,0.0,none,,3,Pedestrian,39.3,>30m,22.4,0,0
nuscenes_mini_subset,scene-0103_004,yaw,0.0,none,,4,Car,50.6,>30m,129.7,0,0
nuscenes_mini_subset,scene-0103_004,yaw,0.0,none,,5,Pedestrian,16.3,15-30m,9.4,0,0
nuscenes_mini_subset,scene-0103_004,yaw,0.0,none,,6,Pedestrian,21.3,15-30m,43.9,7,7
nuscenes_mini_subset,scene-0103_004,yaw,0.0,none,,7,Car,50.7,>30m,116.7,1,1
nuscenes_mini_subset,scene-0103_004,yaw,0.0,none,,8,Pedestrian,15.6,15-30m,101.9,16,16
nuscenes_mini_subset,scene-0103_004,yaw,0.0,none,,9,Car,39.7,>30m,76.4,0,0
nuscenes_mini_subset,scene-0103_004,yaw,0.0,none,,10,Car,34.8,>30m,113.3,1,1
nuscenes_mini_subset,scene-0103_004,yaw,0.0,none,,11,Pedestrian,39.7,>30m,25.3,1,1
nuscenes_mini_subset,scene-0103_004,yaw,0.0,none,,12,Pedestrian,17.8,15-30m,76.8,9,9
nuscenes_mini_subset,scene-0103_004,yaw,0.0,none,,13,Pedestrian,23.1,15-30m,38.2,3,3
nuscenes_mini_subset,scene-0103_004,yaw,0.0,none,,14,Car,64.3,>30m,50.8,0,0
nuscenes_mini_subset,scene-0103_004,yaw,0.0,none,,16,Car,14.3,0-15m,331.8,53,53
nuscenes_mini_subset,scene-0103_004,yaw,0.0,none,,17,Car,49.2,>30m,62.8,5,5
nuscenes_mini_subset,scene-0103_004,yaw,0.0,none,,18,Pedestrian,22.9,15-30m,42.7,2,2
nuscenes_mini_subset,scene-0103_004,yaw,0.0,none,,19,Pedestrian,41.9,>30m,28.9,1,1
nuscenes_mini_subset,scene-0103_004,yaw,0.0,none,,20,Pedestrian,59.4,>30m,15.5,2,2
nuscenes_mini_subset,scene-0103_004,yaw,0.0,none,,21,Truck,97.3,>30m,42.9,1,1
nuscenes_mini_subset,scene-0103_004,yaw,0.0,none,,22,Pedestrian,18.1,15-30m,50.1,6,6
nuscenes_mini_subset,scene-0103_004,yaw,0.5,none,,0,Pedestrian,19.8,15-30m,52.7,3,3
nuscenes_mini_subset,scene-0103_004,yaw,0.5,none,,1,Pedestrian,20.5,15-30m,53.1,6,4
nuscenes_mini_subset,scene-0103_004,yaw,0.5,none,,2,Car,40.8,>30m,66.3,1,1
nuscenes_mini_subset,scene-0103_004,yaw,0.5,none,,3,Pedestrian,39.3,>30m,22.4,0,0
nuscenes_mini_subset,scene-0103_004,yaw,0.5,none,,4,Car,50.6,>30m,129.7,0,0
nuscenes_mini_subset,scene-0103_004,yaw,0.5,none,,5,Pedestrian,16.3,15-30m,9.4,0,0
nuscenes_mini_subset,scene-0103_004,yaw,0.5,none,,6,Pedestrian,21.3,15-30m,43.9,7,7
nuscenes_mini_subset,scene-0103_004,yaw,0.5,none,,7,Car,50.7,>30m,116.7,1,1
nuscenes_mini_subset,scene-0103_004,yaw,0.5,none,,8,Pedestrian,15.6,15-30m,101.9,16,16
nuscenes_mini_subset,scene-0103_004,yaw,0.5,none,,9,Car,39.7,>30m,76.4,0,0
nuscenes_mini_subset,scene-0103_004,yaw,0.5,none,,10,Car,34.8,>30m,113.3,1,1
nuscenes_mini_subset,scene-0103_004,yaw,0.5,none,,11,Pedestrian,39.7,>30m,25.3,1,1
nuscenes_mini_subset,scene-0103_004,yaw,0.5,none,,12,Pedestrian,17.8,15-30m,76.8,9,9
nuscenes_mini_subset,scene-0103_004,yaw,0.5,none,,13,Pedestrian,23.1,15-30m,38.2,3,3
nuscenes_mini_subset,scene-0103_004,yaw,0.5,none,,14,Car,64.3,>30m,50.8,0,0
nuscenes_mini_subset,scene-0103_004,yaw,0.5,none,,16,Car,14.3,0-15m,331.8,53,53
nuscenes_mini_subset,scene-0103_004,yaw,0.5,none,,17,Car,49.2,>30m,62.8,5,5
nuscenes_mini_subset,scene-0103_004,yaw,0.5,none,,18,Pedestrian,22.9,15-30m,42.7,2,2
nuscenes_mini_subset,scene-0103_004,yaw,0.5,none,,19,Pedestrian,41.9,>30m,28.9,1,0
nuscenes_mini_subset,scene-0103_004,yaw,0.5,none,,20,Pedestrian,59.4,>30m,15.5,2,0
nuscenes_mini_subset,scene-0103_004,yaw,0.5,none,,21,Truck,97.3,>30m,42.9,1,0
nuscenes_mini_subset,scene-0103_004,yaw,0.5,none,,22,Pedestrian,18.1,15-30m,50.1,9,8
nuscenes_mini_subset,scene-0103_004,yaw,1.0,none,,0,Pedestrian,19.8,15-30m,52.7,0,0
nuscenes_mini_subset,scene-0103_004,yaw,1.0,none,,1,Pedestrian,20.5,15-30m,53.1,6,4
nuscenes_mini_subset,scene-0103_004,yaw,1.0,none,,2,Car,40.8,>30m,66.3,1,0
nuscenes_mini_subset,scene-0103_004,yaw,1.0,none,,3,Pedestrian,39.3,>30m,22.4,0,0
nuscenes_mini_subset,scene-0103_004,yaw,1.0,none,,4,Car,50.6,>30m,129.7,0,0
nuscenes_mini_subset,scene-0103_004,yaw,1.0,none,,5,Pedestrian,16.3,15-30m,9.4,4,3
nuscenes_mini_subset,scene-0103_004,yaw,1.0,none,,6,Pedestrian,21.3,15-30m,43.9,7,2
nuscenes_mini_subset,scene-0103_004,yaw,1.0,none,,7,Car,50.7,>30m,116.7,1,1
nuscenes_mini_subset,scene-0103_004,yaw,1.0,none,,8,Pedestrian,15.6,15-30m,101.9,16,15
nuscenes_mini_subset,scene-0103_004,yaw,1.0,none,,9,Car,39.7,>30m,76.4,0,0
nuscenes_mini_subset,scene-0103_004,yaw,1.0,none,,10,Car,34.8,>30m,113.3,1,1
nuscenes_mini_subset,scene-0103_004,yaw,1.0,none,,11,Pedestrian,39.7,>30m,25.3,1,0
nuscenes_mini_subset,scene-0103_004,yaw,1.0,none,,12,Pedestrian,17.8,15-30m,76.8,9,7
nuscenes_mini_subset,scene-0103_004,yaw,1.0,none,,13,Pedestrian,23.1,15-30m,38.2,3,0
nuscenes_mini_subset,scene-0103_004,yaw,1.0,none,,14,Car,64.3,>30m,50.8,0,0
nuscenes_mini_subset,scene-0103_004,yaw,1.0,none,,16,Car,14.3,0-15m,331.8,53,53
nuscenes_mini_subset,scene-0103_004,yaw,1.0,none,,17,Car,49.2,>30m,62.8,5,4
nuscenes_mini_subset,scene-0103_004,yaw,1.0,none,,18,Pedestrian,22.9,15-30m,42.7,2,0
nuscenes_mini_subset,scene-0103_004,yaw,1.0,none,,19,Pedestrian,41.9,>30m,28.9,1,0
nuscenes_mini_subset,scene-0103_004,yaw,1.0,none,,20,Pedestrian,59.4,>30m,15.5,2,0
nuscenes_mini_subset,scene-0103_004,yaw,1.0,none,,21,Truck,97.3,>30m,42.9,1,0
nuscenes_mini_subset,scene-0103_004,yaw,1.0,none,,22,Pedestrian,18.1,15-30m,50.1,9,7
nuscenes_mini_subset,scene-0103_004,yaw,2.0,none,,0,Pedestrian,19.8,15-30m,52.7,0,0
nuscenes_mini_subset,scene-0103_004,yaw,2.0,none,,1,Pedestrian,20.5,15-30m,53.1,6,0
nuscenes_mini_subset,scene-0103_004,yaw,2.0,none,,2,Car,40.8,>30m,66.3,1,0
nuscenes_mini_subset,scene-0103_004,yaw,2.0,none,,3,Pedestrian,39.3,>30m,22.4,0,0
nuscenes_mini_subset,scene-0103_004,yaw,2.0,none,,4,Car,50.6,>30m,129.7,0,0
nuscenes_mini_subset,scene-0103_004,yaw,2.0,none,,5,Pedestrian,16.3,15-30m,9.4,10,1
nuscenes_mini_subset,scene-0103_004,yaw,2.0,none,,6,Pedestrian,21.3,15-30m,43.9,7,0
nuscenes_mini_subset,scene-0103_004,yaw,2.0,none,,7,Car,50.7,>30m,116.7,1,1
nuscenes_mini_subset,scene-0103_004,yaw,2.0,none,,8,Pedestrian,15.6,15-30m,101.9,16,7
nuscenes_mini_subset,scene-0103_004,yaw,2.0,none,,9,Car,39.7,>30m,76.4,0,0
nuscenes_mini_subset,scene-0103_004,yaw,2.0,none,,10,Car,34.8,>30m,113.3,1,0
nuscenes_mini_subset,scene-0103_004,yaw,2.0,none,,11,Pedestrian,39.7,>30m,25.3,1,0
nuscenes_mini_subset,scene-0103_004,yaw,2.0,none,,12,Pedestrian,17.8,15-30m,76.8,9,0
nuscenes_mini_subset,scene-0103_004,yaw,2.0,none,,13,Pedestrian,23.1,15-30m,38.2,3,0
nuscenes_mini_subset,scene-0103_004,yaw,2.0,none,,14,Car,64.3,>30m,50.8,0,0
nuscenes_mini_subset,scene-0103_004,yaw,2.0,none,,16,Car,14.3,0-15m,331.8,53,51
nuscenes_mini_subset,scene-0103_004,yaw,2.0,none,,17,Car,49.2,>30m,62.8,5,1
nuscenes_mini_subset,scene-0103_004,yaw,2.0,none,,18,Pedestrian,22.9,15-30m,42.7,2,0
nuscenes_mini_subset,scene-0103_004,yaw,2.0,none,,19,Pedestrian,41.9,>30m,28.9,1,0
nuscenes_mini_subset,scene-0103_004,yaw,2.0,none,,20,Pedestrian,59.4,>30m,15.5,2,0
nuscenes_mini_subset,scene-0103_004,yaw,2.0,none,,21,Truck,97.3,>30m,42.9,1,0
nuscenes_mini_subset,scene-0103_004,yaw,2.0,none,,22,Pedestrian,18.1,15-30m,50.1,9,0
nuscenes_mini_subset,scene-0103_005,yaw,0.0,none,,0,Pedestrian,16.2,15-30m,79.3,13,13
nuscenes_mini_subset,scene-0103_005,yaw,0.0,none,,1,Car,40.0,>30m,67.4,2,2
nuscenes_mini_subset,scene-0103_005,yaw,0.0,none,,2,Pedestrian,35.6,>30m,25.7,2,2
nuscenes_mini_subset,scene-0103_005,yaw,0.0,none,,3,Car,46.3,>30m,142.1,0,0
nuscenes_mini_subset,scene-0103_005,yaw,0.0,none,,4,Pedestrian,17.0,15-30m,60.9,9,9
nuscenes_mini_subset,scene-0103_005,yaw,0.0,none,,5,Car,46.4,>30m,130.9,6,6
nuscenes_mini_subset,scene-0103_005,yaw,0.0,none,,6,Car,31.0,>30m,102.3,0,0
nuscenes_mini_subset,scene-0103_005,yaw,0.0,none,,7,Car,30.4,>30m,135.7,5,5
nuscenes_mini_subset,scene-0103_005,yaw,0.0,none,,8,Pedestrian,36.1,>30m,30.1,3,3
nuscenes_mini_subset,scene-0103_005,yaw,0.0,none,,9,Pedestrian,18.7,15-30m,53.3,7,7
nuscenes_mini_subset,scene-0103_005,yaw,0.0,none,,10,Car,60.0,>30m,55.1,0,0
nuscenes_mini_subset,scene-0103_005,yaw,0.0,none,,12,Car,6.4,0-15m,326.5,79,79
nuscenes_mini_subset,scene-0103_005,yaw,0.0,none,,13,Car,44.9,>30m,68.2,0,0
nuscenes_mini_subset,scene-0103_005,yaw,0.0,none,,14,Pedestrian,18.5,15-30m,58.3,2,2
nuscenes_mini_subset,scene-0103_005,yaw,0.0,none,,15,Pedestrian,38.5,>30m,32.2,1,1
nuscenes_mini_subset,scene-0103_005,yaw,0.0,none,,16,Pedestrian,55.9,>30m,16.5,1,1
nuscenes_mini_subset,scene-0103_005,yaw,0.0,none,,17,Truck,93.0,>30m,44.9,2,2
nuscenes_mini_subset,scene-0103_005,yaw,0.0,none,,18,Car,66.5,>30m,41.4,0,0
nuscenes_mini_subset,scene-0103_005,yaw,0.0,none,,19,Pedestrian,56.3,>30m,16.9,1,1
nuscenes_mini_subset,scene-0103_005,yaw,0.5,none,,0,Pedestrian,16.2,15-30m,79.3,13,13
nuscenes_mini_subset,scene-0103_005,yaw,0.5,none,,1,Car,40.0,>30m,67.4,2,1
nuscenes_mini_subset,scene-0103_005,yaw,0.5,none,,2,Pedestrian,35.6,>30m,25.7,2,2
nuscenes_mini_subset,scene-0103_005,yaw,0.5,none,,3,Car,46.3,>30m,142.1,0,0
nuscenes_mini_subset,scene-0103_005,yaw,0.5,none,,4,Pedestrian,17.0,15-30m,60.9,9,9
nuscenes_mini_subset,scene-0103_005,yaw,0.5,none,,5,Car,46.4,>30m,130.9,6,6
nuscenes_mini_subset,scene-0103_005,yaw,0.5,none,,6,Car,31.0,>30m,102.3,0,0
nuscenes_mini_subset,scene-0103_005,yaw,0.5,none,,7,Car,30.4,>30m,135.7,5,5
nuscenes_mini_subset,scene-0103_005,yaw,0.5,none,,8,Pedestrian,36.1,>30m,30.1,3,2
nuscenes_mini_subset,scene-0103_005,yaw,0.5,none,,9,Pedestrian,18.7,15-30m,53.3,7,7
nuscenes_mini_subset,scene-0103_005,yaw,0.5,none,,10,Car,60.0,>30m,55.1,0,0
nuscenes_mini_subset,scene-0103_005,yaw,0.5,none,,12,Car,6.4,0-15m,326.5,76,76
nuscenes_mini_subset,scene-0103_005,yaw,0.5,none,,13,Car,44.9,>30m,68.2,0,0
nuscenes_mini_subset,scene-0103_005,yaw,0.5,none,,14,Pedestrian,18.5,15-30m,58.3,2,2
nuscenes_mini_subset,scene-0103_005,yaw,0.5,none,,15,Pedestrian,38.5,>30m,32.2,1,0
nuscenes_mini_subset,scene-0103_005,yaw,0.5,none,,16,Pedestrian,55.9,>30m,16.5,1,0
nuscenes_mini_subset,scene-0103_005,yaw,0.5,none,,17,Truck,93.0,>30m,44.9,2,1
nuscenes_mini_subset,scene-0103_005,yaw,0.5,none,,18,Car,66.5,>30m,41.4,0,0
nuscenes_mini_subset,scene-0103_005,yaw,0.5,none,,19,Pedestrian,56.3,>30m,16.9,1,1
nuscenes_mini_subset,scene-0103_005,yaw,1.0,none,,0,Pedestrian,16.2,15-30m,79.3,13,12
nuscenes_mini_subset,scene-0103_005,yaw,1.0,none,,1,Car,40.0,>30m,67.4,2,1
nuscenes_mini_subset,scene-0103_005,yaw,1.0,none,,2,Pedestrian,35.6,>30m,25.7,2,0
nuscenes_mini_subset,scene-0103_005,yaw,1.0,none,,3,Car,46.3,>30m,142.1,0,0
nuscenes_mini_subset,scene-0103_005,yaw,1.0,none,,4,Pedestrian,17.0,15-30m,60.9,9,4
nuscenes_mini_subset,scene-0103_005,yaw,1.0,none,,5,Car,46.4,>30m,130.9,6,6
nuscenes_mini_subset,scene-0103_005,yaw,1.0,none,,6,Car,31.0,>30m,102.3,0,0
nuscenes_mini_subset,scene-0103_005,yaw,1.0,none,,7,Car,30.4,>30m,135.7,5,5
nuscenes_mini_subset,scene-0103_005,yaw,1.0,none,,8,Pedestrian,36.1,>30m,30.1,3,1
nuscenes_mini_subset,scene-0103_005,yaw,1.0,none,,9,Pedestrian,18.7,15-30m,53.3,7,5
nuscenes_mini_subset,scene-0103_005,yaw,1.0,none,,10,Car,60.0,>30m,55.1,0,0
nuscenes_mini_subset,scene-0103_005,yaw,1.0,none,,12,Car,6.4,0-15m,326.5,71,71
nuscenes_mini_subset,scene-0103_005,yaw,1.0,none,,13,Car,44.9,>30m,68.2,0,0
nuscenes_mini_subset,scene-0103_005,yaw,1.0,none,,14,Pedestrian,18.5,15-30m,58.3,2,0
nuscenes_mini_subset,scene-0103_005,yaw,1.0,none,,15,Pedestrian,38.5,>30m,32.2,1,0
nuscenes_mini_subset,scene-0103_005,yaw,1.0,none,,16,Pedestrian,55.9,>30m,16.5,1,0
nuscenes_mini_subset,scene-0103_005,yaw,1.0,none,,17,Truck,93.0,>30m,44.9,2,1
nuscenes_mini_subset,scene-0103_005,yaw,1.0,none,,18,Car,66.5,>30m,41.4,0,0
nuscenes_mini_subset,scene-0103_005,yaw,1.0,none,,19,Pedestrian,56.3,>30m,16.9,1,0
nuscenes_mini_subset,scene-0103_005,yaw,2.0,none,,0,Pedestrian,16.2,15-30m,79.3,13,2
nuscenes_mini_subset,scene-0103_005,yaw,2.0,none,,1,Car,40.0,>30m,67.4,2,0
nuscenes_mini_subset,scene-0103_005,yaw,2.0,none,,2,Pedestrian,35.6,>30m,25.7,2,0
nuscenes_mini_subset,scene-0103_005,yaw,2.0,none,,3,Car,46.3,>30m,142.1,0,0
nuscenes_mini_subset,scene-0103_005,yaw,2.0,none,,4,Pedestrian,17.0,15-30m,60.9,9,0
nuscenes_mini_subset,scene-0103_005,yaw,2.0,none,,5,Car,46.4,>30m,130.9,6,6
nuscenes_mini_subset,scene-0103_005,yaw,2.0,none,,6,Car,31.0,>30m,102.3,0,0
nuscenes_mini_subset,scene-0103_005,yaw,2.0,none,,7,Car,30.4,>30m,135.7,5,5
nuscenes_mini_subset,scene-0103_005,yaw,2.0,none,,8,Pedestrian,36.1,>30m,30.1,3,0
nuscenes_mini_subset,scene-0103_005,yaw,2.0,none,,9,Pedestrian,18.7,15-30m,53.3,7,0
nuscenes_mini_subset,scene-0103_005,yaw,2.0,none,,10,Car,60.0,>30m,55.1,0,0
nuscenes_mini_subset,scene-0103_005,yaw,2.0,none,,12,Car,6.4,0-15m,326.5,63,63
nuscenes_mini_subset,scene-0103_005,yaw,2.0,none,,13,Car,44.9,>30m,68.2,0,0
nuscenes_mini_subset,scene-0103_005,yaw,2.0,none,,14,Pedestrian,18.5,15-30m,58.3,2,0
nuscenes_mini_subset,scene-0103_005,yaw,2.0,none,,15,Pedestrian,38.5,>30m,32.2,1,0
nuscenes_mini_subset,scene-0103_005,yaw,2.0,none,,16,Pedestrian,55.9,>30m,16.5,1,0
nuscenes_mini_subset,scene-0103_005,yaw,2.0,none,,17,Truck,93.0,>30m,44.9,2,0
nuscenes_mini_subset,scene-0103_005,yaw,2.0,none,,18,Car,66.5,>30m,41.4,0,0
nuscenes_mini_subset,scene-0103_005,yaw,2.0,none,,19,Pedestrian,56.3,>30m,16.9,1,0
nuscenes_mini_subset,scene-0103_006,yaw,0.0,none,,0,Car,40.3,>30m,66.6,6,6
nuscenes_mini_subset,scene-0103_006,yaw,0.0,none,,1,Pedestrian,32.1,>30m,30.1,2,2
nuscenes_mini_subset,scene-0103_006,yaw,0.0,none,,2,Car,42.1,>30m,157.9,3,3
nuscenes_mini_subset,scene-0103_006,yaw,0.0,none,,3,Car,42.3,>30m,149.7,7,7
nuscenes_mini_subset,scene-0103_006,yaw,0.0,none,,4,Car,22.4,15-30m,155.0,19,19
nuscenes_mini_subset,scene-0103_006,yaw,0.0,none,,5,Car,26.1,15-30m,170.7,14,14
nuscenes_mini_subset,scene-0103_006,yaw,0.0,none,,6,Pedestrian,32.6,>30m,35.8,3,3
nuscenes_mini_subset,scene-0103_006,yaw,0.0,none,,7,Pedestrian,14.4,0-15m,43.6,5,4
nuscenes_mini_subset,scene-0103_006,yaw,0.0,none,,8,Car,55.7,>30m,60.6,0,0
nuscenes_mini_subset,scene-0103_006,yaw,0.0,none,,10,Car,40.7,>30m,78.1,0,0
nuscenes_mini_subset,scene-0103_006,yaw,0.0,none,,11,Pedestrian,35.0,>30m,36.1,3,3
nuscenes_mini_subset,scene-0103_006,yaw,0.0,none,,12,Pedestrian,52.5,>30m,17.5,1,1
nuscenes_mini_subset,scene-0103_006,yaw,0.0,none,,13,Truck,88.7,>30m,47.3,1,1
nuscenes_mini_subset,scene-0103_006,yaw,0.0,none,,14,Car,59.9,>30m,46.7,0,0
nuscenes_mini_subset,scene-0103_006,yaw,0.0,none,,15,Pedestrian,51.5,>30m,17.2,1,1
nuscenes_mini_subset,scene-0103_006,yaw,0.5,none,,0,Car,40.3,>30m,66.6,6,6
nuscenes_mini_subset,scene-0103_006,yaw,0.5,none,,1,Pedestrian,32.1,>30m,30.1,2,1
nuscenes_mini_subset,scene-0103_006,yaw,0.5,none,,2,Car,42.1,>30m,157.9,3,3
nuscenes_mini_subset,scene-0103_006,yaw,0.5,none,,3,Car,42.3,>30m,149.7,7,7
nuscenes_mini_subset,scene-0103_006,yaw,0.5,none,,4,Car,22.4,15-30m,155.0,19,18
nuscenes_mini_subset,scene-0103_006,yaw,0.5,none,,5,Car,26.1,15-30m,170.7,14,14
nuscenes_mini_subset,scene-0103_006,yaw,0.5,none,,6,Pedestrian,32.6,>30m,35.8,3,3
nuscenes_mini_subset,scene-0103_006,yaw,0.5,none,,7,Pedestrian,14.4,0-15m,43.6,9,9
nuscenes_mini_subset,scene-0103_006,yaw,0.5,none,,8,Car,55.7,>30m,60.6,0,0
nuscenes_mini_subset,scene-0103_006,yaw,0.5,none,,10,Car,40.7,>30m,78.1,0,0
nuscenes_mini_subset,scene-0103_006,yaw,0.5,none,,11,Pedestrian,35.0,>30m,36.1,3,3
nuscenes_mini_subset,scene-0103_006,yaw,0.5,none,,12,Pedestrian,52.5,>30m,17.5,1,0
nuscenes_mini_subset,scene-0103_006,yaw,0.5,none,,13,Truck,88.7,>30m,47.3,1,1
nuscenes_mini_subset,scene-0103_006,yaw,0.5,none,,14,Car,59.9,>30m,46.7,0,0
nuscenes_mini_subset,scene-0103_006,yaw,0.5,none,,15,Pedestrian,51.5,>30m,17.2,1,0
nuscenes_mini_subset,scene-0103_006,yaw,1.0,none,,0,Car,40.3,>30m,66.6,6,4
nuscenes_mini_subset,scene-0103_006,yaw,1.0,none,,1,Pedestrian,32.1,>30m,30.1,2,0
nuscenes_mini_subset,scene-0103_006,yaw,1.0,none,,2,Car,42.1,>30m,157.9,3,3
nuscenes_mini_subset,scene-0103_006,yaw,1.0,none,,3,Car,42.3,>30m,149.7,7,7
nuscenes_mini_subset,scene-0103_006,yaw,1.0,none,,4,Car,22.4,15-30m,155.0,19,17
nuscenes_mini_subset,scene-0103_006,yaw,1.0,none,,5,Car,26.1,15-30m,170.7,14,14
nuscenes_mini_subset,scene-0103_006,yaw,1.0,none,,6,Pedestrian,32.6,>30m,35.8,3,2
nuscenes_mini_subset,scene-0103_006,yaw,1.0,none,,7,Pedestrian,14.4,0-15m,43.6,10,8
nuscenes_mini_subset,scene-0103_006,yaw,1.0,none,,8,Car,55.7,>30m,60.6,0,0
nuscenes_mini_subset,scene-0103_006,yaw,1.0,none,,10,Car,40.7,>30m,78.1,0,0
nuscenes_mini_subset,scene-0103_006,yaw,1.0,none,,11,Pedestrian,35.0,>30m,36.1,3,1
nuscenes_mini_subset,scene-0103_006,yaw,1.0,none,,12,Pedestrian,52.5,>30m,17.5,1,0
nuscenes_mini_subset,scene-0103_006,yaw,1.0,none,,13,Truck,88.7,>30m,47.3,1,1
nuscenes_mini_subset,scene-0103_006,yaw,1.0,none,,14,Car,59.9,>30m,46.7,0,0
nuscenes_mini_subset,scene-0103_006,yaw,1.0,none,,15,Pedestrian,51.5,>30m,17.2,1,0
nuscenes_mini_subset,scene-0103_006,yaw,2.0,none,,0,Car,40.3,>30m,66.6,6,1
nuscenes_mini_subset,scene-0103_006,yaw,2.0,none,,1,Pedestrian,32.1,>30m,30.1,2,0
nuscenes_mini_subset,scene-0103_006,yaw,2.0,none,,2,Car,42.1,>30m,157.9,3,3
nuscenes_mini_subset,scene-0103_006,yaw,2.0,none,,3,Car,42.3,>30m,149.7,7,7
nuscenes_mini_subset,scene-0103_006,yaw,2.0,none,,4,Car,22.4,15-30m,155.0,19,14
nuscenes_mini_subset,scene-0103_006,yaw,2.0,none,,5,Car,26.1,15-30m,170.7,14,11
nuscenes_mini_subset,scene-0103_006,yaw,2.0,none,,6,Pedestrian,32.6,>30m,35.8,3,0
nuscenes_mini_subset,scene-0103_006,yaw,2.0,none,,7,Pedestrian,14.4,0-15m,43.6,10,1
nuscenes_mini_subset,scene-0103_006,yaw,2.0,none,,8,Car,55.7,>30m,60.6,0,0
nuscenes_mini_subset,scene-0103_006,yaw,2.0,none,,10,Car,40.7,>30m,78.1,0,0
nuscenes_mini_subset,scene-0103_006,yaw,2.0,none,,11,Pedestrian,35.0,>30m,36.1,3,0
nuscenes_mini_subset,scene-0103_006,yaw,2.0,none,,12,Pedestrian,52.5,>30m,17.5,1,0
nuscenes_mini_subset,scene-0103_006,yaw,2.0,none,,13,Truck,88.7,>30m,47.3,1,0
nuscenes_mini_subset,scene-0103_006,yaw,2.0,none,,14,Car,59.9,>30m,46.7,0,0
nuscenes_mini_subset,scene-0103_006,yaw,2.0,none,,15,Pedestrian,51.5,>30m,17.2,1,0
nuscenes_mini_subset,scene-0103_007,yaw,0.0,none,,0,Car,40.4,>30m,66.2,1,1
nuscenes_mini_subset,scene-0103_007,yaw,0.0,none,,1,Pedestrian,28.6,15-30m,36.3,2,2
nuscenes_mini_subset,scene-0103_007,yaw,0.0,none,,2,Car,37.7,>30m,178.5,7,7
nuscenes_mini_subset,scene-0103_007,yaw,0.0,none,,3,Car,38.3,>30m,174.1,2,2
nuscenes_mini_subset,scene-0103_007,yaw,0.0,none,,4,Car,13.1,0-15m,327.1,101,101
nuscenes_mini_subset,scene-0103_007,yaw,0.0,none,,5,Car,21.8,15-30m,227.8,11,11
nuscenes_mini_subset,scene-0103_007,yaw,0.0,none,,7,Pedestrian,29.0,15-30m,43.5,2,2
nuscenes_mini_subset,scene-0103_007,yaw,0.0,none,,8,Car,67.9,>30m,32.6,0,0
nuscenes_mini_subset,scene-0103_007,yaw,0.0,none,,9,Car,51.3,>30m,67.8,0,0
nuscenes_mini_subset,scene-0103_007,yaw,0.0,none,,11,Car,36.3,>30m,91.1,8,8
nuscenes_mini_subset,scene-0103_007,yaw,0.0,none,,12,Pedestrian,31.4,>30m,41.4,5,5
nuscenes_mini_subset,scene-0103_007,yaw,0.0,none,,13,Pedestrian,48.9,>30m,18.8,0,0
nuscenes_mini_subset,scene-0103_007,yaw,0.0,none,,14,Truck,84.3,>30m,50.3,2,2
nuscenes_mini_subset,scene-0103_007,yaw,0.0,none,,15,Car,53.3,>30m,53.8,1,1
nuscenes_mini_subset,scene-0103_007,yaw,0.0,none,,16,Pedestrian,46.6,>30m,20.0,2,2
nuscenes_mini_subset,scene-0103_007,yaw,0.5,none,,0,Car,40.4,>30m,66.2,1,1
nuscenes_mini_subset,scene-0103_007,yaw,0.5,none,,1,Pedestrian,28.6,15-30m,36.3,2,2
nuscenes_mini_subset,scene-0103_007,yaw,0.5,none,,2,Car,37.7,>30m,178.5,7,7
nuscenes_mini_subset,scene-0103_007,yaw,0.5,none,,3,Car,38.3,>30m,174.1,2,2
nuscenes_mini_subset,scene-0103_007,yaw,0.5,none,,4,Car,13.1,0-15m,327.1,101,101
nuscenes_mini_subset,scene-0103_007,yaw,0.5,none,,5,Car,21.8,15-30m,227.8,11,11
nuscenes_mini_subset,scene-0103_007,yaw,0.5,none,,7,Pedestrian,29.0,15-30m,43.5,2,2
nuscenes_mini_subset,scene-0103_007,yaw,0.5,none,,8,Car,67.9,>30m,32.6,0,0
nuscenes_mini_subset,scene-0103_007,yaw,0.5,none,,9,Car,51.3,>30m,67.8,0,0
nuscenes_mini_subset,scene-0103_007,yaw,0.5,none,,11,Car,36.3,>30m,91.1,8,8
nuscenes_mini_subset,scene-0103_007,yaw,0.5,none,,12,Pedestrian,31.4,>30m,41.4,5,5
nuscenes_mini_subset,scene-0103_007,yaw,0.5,none,,13,Pedestrian,48.9,>30m,18.8,0,0
nuscenes_mini_subset,scene-0103_007,yaw,0.5,none,,14,Truck,84.3,>30m,50.3,2,2
nuscenes_mini_subset,scene-0103_007,yaw,0.5,none,,15,Car,53.3,>30m,53.8,1,0
nuscenes_mini_subset,scene-0103_007,yaw,0.5,none,,16,Pedestrian,46.6,>30m,20.0,2,1
nuscenes_mini_subset,scene-0103_007,yaw,1.0,none,,0,Car,40.4,>30m,66.2,1,1
nuscenes_mini_subset,scene-0103_007,yaw,1.0,none,,1,Pedestrian,28.6,15-30m,36.3,2,0
nuscenes_mini_subset,scene-0103_007,yaw,1.0,none,,2,Car,37.7,>30m,178.5,7,7
nuscenes_mini_subset,scene-0103_007,yaw,1.0,none,,3,Car,38.3,>30m,174.1,2,2
nuscenes_mini_subset,scene-0103_007,yaw,1.0,none,,4,Car,13.1,0-15m,327.1,101,100
nuscenes_mini_subset,scene-0103_007,yaw,1.0,none,,5,Car,21.8,15-30m,227.8,11,10
nuscenes_mini_subset,scene-0103_007,yaw,1.0,none,,7,Pedestrian,29.0,15-30m,43.5,2,2
nuscenes_mini_subset,scene-0103_007,yaw,1.0,none,,8,Car,67.9,>30m,32.6,0,0
nuscenes_mini_subset,scene-0103_007,yaw,1.0,none,,9,Car,51.3,>30m,67.8,0,0
nuscenes_mini_subset,scene-0103_007,yaw,1.0,none,,11,Car,36.3,>30m,91.1,8,8
nuscenes_mini_subset,scene-0103_007,yaw,1.0,none,,12,Pedestrian,31.4,>30m,41.4,5,3
nuscenes_mini_subset,scene-0103_007,yaw,1.0,none,,13,Pedestrian,48.9,>30m,18.8,0,0
nuscenes_mini_subset,scene-0103_007,yaw,1.0,none,,14,Truck,84.3,>30m,50.3,2,2
nuscenes_mini_subset,scene-0103_007,yaw,1.0,none,,15,Car,53.3,>30m,53.8,1,0
nuscenes_mini_subset,scene-0103_007,yaw,1.0,none,,16,Pedestrian,46.6,>30m,20.0,2,0
nuscenes_mini_subset,scene-0103_007,yaw,2.0,none,,0,Car,40.4,>30m,66.2,1,1
nuscenes_mini_subset,scene-0103_007,yaw,2.0,none,,1,Pedestrian,28.6,15-30m,36.3,2,0
nuscenes_mini_subset,scene-0103_007,yaw,2.0,none,,2,Car,37.7,>30m,178.5,7,6
nuscenes_mini_subset,scene-0103_007,yaw,2.0,none,,3,Car,38.3,>30m,174.1,2,2
nuscenes_mini_subset,scene-0103_007,yaw,2.0,none,,4,Car,13.1,0-15m,327.1,101,96
nuscenes_mini_subset,scene-0103_007,yaw,2.0,none,,5,Car,21.8,15-30m,227.8,11,8
nuscenes_mini_subset,scene-0103_007,yaw,2.0,none,,7,Pedestrian,29.0,15-30m,43.5,2,0
nuscenes_mini_subset,scene-0103_007,yaw,2.0,none,,8,Car,67.9,>30m,32.6,0,0
nuscenes_mini_subset,scene-0103_007,yaw,2.0,none,,9,Car,51.3,>30m,67.8,0,0
nuscenes_mini_subset,scene-0103_007,yaw,2.0,none,,11,Car,36.3,>30m,91.1,8,5
nuscenes_mini_subset,scene-0103_007,yaw,2.0,none,,12,Pedestrian,31.4,>30m,41.4,5,0
nuscenes_mini_subset,scene-0103_007,yaw,2.0,none,,13,Pedestrian,48.9,>30m,18.8,0,0
nuscenes_mini_subset,scene-0103_007,yaw,2.0,none,,14,Truck,84.3,>30m,50.3,2,0
nuscenes_mini_subset,scene-0103_007,yaw,2.0,none,,15,Car,53.3,>30m,53.8,1,0
nuscenes_mini_subset,scene-0103_007,yaw,2.0,none,,16,Pedestrian,46.6,>30m,20.0,2,0
nuscenes_mini_subset,scene-0103_008,yaw,0.0,none,,0,Car,40.9,>30m,65.3,1,1
nuscenes_mini_subset,scene-0103_008,yaw,0.0,none,,1,Pedestrian,25.2,15-30m,45.3,2,2
nuscenes_mini_subset,scene-0103_008,yaw,0.0,none,,2,Car,33.4,>30m,206.7,5,5
nuscenes_mini_subset,scene-0103_008,yaw,0.0,none,,3,Car,34.1,>30m,206.6,1,1
nuscenes_mini_subset,scene-0103_008,yaw,0.0,none,,4,Car,4.9,0-15m,176.9,61,61
nuscenes_mini_subset,scene-0103_008,yaw,0.0,none,,5,Car,17.7,15-30m,333.6,48,48
nuscenes_mini_subset,scene-0103_008,yaw,0.0,none,,7,Pedestrian,25.6,15-30m,54.8,1,1
nuscenes_mini_subset,scene-0103_008,yaw,0.0,none,,8,Car,63.5,>30m,35.2,4,4
nuscenes_mini_subset,scene-0103_008,yaw,0.0,none,,9,Car,46.9,>30m,76.8,0,0
nuscenes_mini_subset,scene-0103_008,yaw,0.0,none,,11,Car,31.9,>30m,107.1,7,7
nuscenes_mini_subset,scene-0103_008,yaw,0.0,none,,12,Pedestrian,27.8,15-30m,48.6,5,5
nuscenes_mini_subset,scene-0103_008,yaw,0.0,none,,13,Pedestrian,45.2,>30m,20.4,0,0
nuscenes_mini_subset,scene-0103_008,yaw,0.0,none,,14,Truck,79.8,>30m,53.7,3,3
nuscenes_mini_subset,scene-0103_008,yaw,0.0,none,,15,Car,46.6,>30m,63.6,0,0
nuscenes_mini_subset,scene-0103_008,yaw,0.0,none,,16,Pedestrian,41.5,>30m,23.7,2,2
nuscenes_mini_subset,scene-0103_008,yaw,0.5,none,,0,Car,40.9,>30m,65.3,1,0
nuscenes_mini_subset,scene-0103_008,yaw,0.5,none,,1,Pedestrian,25.2,15-30m,45.3,2,2
nuscenes_mini_subset,scene-0103_008,yaw,0.5,none,,2,Car,33.4,>30m,206.7,5,5
nuscenes_mini_subset,scene-0103_008,yaw,0.5,none,,3,Car,34.1,>30m,206.6,1,1
nuscenes_mini_subset,scene-0103_008,yaw,0.5,none,,4,Car,4.9,0-15m,176.9,52,52
nuscenes_mini_subset,scene-0103_008,yaw,0.5,none,,5,Car,17.7,15-30m,333.6,48,48
nuscenes_mini_subset,scene-0103_008,yaw,0.5,none,,7,Pedestrian,25.6,15-30m,54.8,1,1
nuscenes_mini_subset,scene-0103_008,yaw,0.5,none,,8,Car,63.5,>30m,35.2,4,3
nuscenes_mini_subset,scene-0103_008,yaw,0.5,none,,9,Car,46.9,>30m,76.8,0,0
nuscenes_mini_subset,scene-0103_008,yaw,0.5,none,,11,Car,31.9,>30m,107.1,7,7
nuscenes_mini_subset,scene-0103_008,yaw,0.5,none,,12,Pedestrian,27.8,15-30m,48.6,5,5
nuscenes_mini_subset,scene-0103_008,yaw,0.5,none,,13,Pedestrian,45.2,>30m,20.4,0,0
nuscenes_mini_subset,scene-0103_008,yaw,0.5,none,,14,Truck,79.8,>30m,53.7,3,2
nuscenes_mini_subset,scene-0103_008,yaw,0.5,none,,15,Car,46.6,>30m,63.6,0,0
nuscenes_mini_subset,scene-0103_008,yaw,0.5,none,,16,Pedestrian,41.5,>30m,23.7,2,1
nuscenes_mini_subset,scene-0103_008,yaw,1.0,none,,0,Car,40.9,>30m,65.3,1,0
nuscenes_mini_subset,scene-0103_008,yaw,1.0,none,,1,Pedestrian,25.2,15-30m,45.3,2,0
nuscenes_mini_subset,scene-0103_008,yaw,1.0,none,,2,Car,33.4,>30m,206.7,5,5
nuscenes_mini_subset,scene-0103_008,yaw,1.0,none,,3,Car,34.1,>30m,206.6,1,1
nuscenes_mini_subset,scene-0103_008,yaw,1.0,none,,4,Car,4.9,0-15m,176.9,42,42
nuscenes_mini_subset,scene-0103_008,yaw,1.0,none,,5,Car,17.7,15-30m,333.6,48,48
nuscenes_mini_subset,scene-0103_008,yaw,1.0,none,,7,Pedestrian,25.6,15-30m,54.8,1,1
nuscenes_mini_subset,scene-0103_008,yaw,1.0,none,,8,Car,63.5,>30m,35.2,4,1
nuscenes_mini_subset,scene-0103_008,yaw,1.0,none,,9,Car,46.9,>30m,76.8,0,0
nuscenes_mini_subset,scene-0103_008,yaw,1.0,none,,11,Car,31.9,>30m,107.1,7,7
nuscenes_mini_subset,scene-0103_008,yaw,1.0,none,,12,Pedestrian,27.8,15-30m,48.6,5,4
nuscenes_mini_subset,scene-0103_008,yaw,1.0,none,,13,Pedestrian,45.2,>30m,20.4,0,0
nuscenes_mini_subset,scene-0103_008,yaw,1.0,none,,14,Truck,79.8,>30m,53.7,3,2
nuscenes_mini_subset,scene-0103_008,yaw,1.0,none,,15,Car,46.6,>30m,63.6,0,0
nuscenes_mini_subset,scene-0103_008,yaw,1.0,none,,16,Pedestrian,41.5,>30m,23.7,2,0
nuscenes_mini_subset,scene-0103_008,yaw,2.0,none,,0,Car,40.9,>30m,65.3,1,0
nuscenes_mini_subset,scene-0103_008,yaw,2.0,none,,1,Pedestrian,25.2,15-30m,45.3,2,0
nuscenes_mini_subset,scene-0103_008,yaw,2.0,none,,2,Car,33.4,>30m,206.7,5,4
nuscenes_mini_subset,scene-0103_008,yaw,2.0,none,,3,Car,34.1,>30m,206.6,1,1
nuscenes_mini_subset,scene-0103_008,yaw,2.0,none,,4,Car,4.9,0-15m,176.9,26,26
nuscenes_mini_subset,scene-0103_008,yaw,2.0,none,,5,Car,17.7,15-30m,333.6,48,43
nuscenes_mini_subset,scene-0103_008,yaw,2.0,none,,7,Pedestrian,25.6,15-30m,54.8,1,0
nuscenes_mini_subset,scene-0103_008,yaw,2.0,none,,8,Car,63.5,>30m,35.2,4,0
nuscenes_mini_subset,scene-0103_008,yaw,2.0,none,,9,Car,46.9,>30m,76.8,0,0
nuscenes_mini_subset,scene-0103_008,yaw,2.0,none,,11,Car,31.9,>30m,107.1,7,5
nuscenes_mini_subset,scene-0103_008,yaw,2.0,none,,12,Pedestrian,27.8,15-30m,48.6,5,0
nuscenes_mini_subset,scene-0103_008,yaw,2.0,none,,13,Pedestrian,45.2,>30m,20.4,0,0
nuscenes_mini_subset,scene-0103_008,yaw,2.0,none,,14,Truck,79.8,>30m,53.7,3,0
nuscenes_mini_subset,scene-0103_008,yaw,2.0,none,,15,Car,46.6,>30m,63.6,0,0
nuscenes_mini_subset,scene-0103_008,yaw,2.0,none,,16,Pedestrian,41.5,>30m,23.7,2,0
nuscenes_mini_subset,scene-0103_009,yaw,0.0,none,,0,Car,41.3,>30m,64.5,3,3
nuscenes_mini_subset,scene-0103_009,yaw,0.0,none,,1,Pedestrian,21.9,15-30m,41.3,1,1
nuscenes_mini_subset,scene-0103_009,yaw,0.0,none,,2,Car,29.1,15-30m,243.1,10,10
nuscenes_mini_subset,scene-0103_009,yaw,0.0,none,,3,Car,66.0,>30m,49.0,1,1
nuscenes_mini_subset,scene-0103_009,yaw,0.0,none,,4,Car,30.1,>30m,250.7,7,7
nuscenes_mini_subset,scene-0103_009,yaw,0.0,none,,5,Car,13.8,0-15m,268.0,58,58
nuscenes_mini_subset,scene-0103_009,yaw,0.0,none,,7,Pedestrian,22.4,15-30m,13.4,1,1
nuscenes_mini_subset,scene-0103_009,yaw,0.0,none,,8,Car,59.1,>30m,38.4,2,2
nuscenes_mini_subset,scene-0103_009,yaw,0.0,none,,9,Car,42.5,>30m,88.1,1,1
nuscenes_mini_subset,scene-0103_009,yaw,0.0,none,,11,Car,27.4,15-30m,130.2,19,19
nuscenes_mini_subset,scene-0103_009,yaw,0.0,none,,12,Pedestrian,24.2,15-30m,59.2,9,9
nuscenes_mini_subset,scene-0103_009,yaw,0.0,none,,13,Pedestrian,41.6,>30m,22.5,0,0
nuscenes_mini_subset,scene-0103_009,yaw,0.0,none,,14,Truck,75.3,>30m,57.6,2,2
nuscenes_mini_subset,scene-0103_009,yaw,0.0,none,,15,Car,39.9,>30m,77.3,4,4
nuscenes_mini_subset,scene-0103_009,yaw,0.0,none,,16,Pedestrian,36.4,>30m,28.7,1,1
nuscenes_mini_subset,scene-0103_009,yaw,0.5,none,,0,Car,41.3,>30m,64.5,3,3
nuscenes_mini_subset,scene-0103_009,yaw,0.5,none,,1,Pedestrian,21.9,15-30m,41.3,0,0
nuscenes_mini_subset,scene-0103_009,yaw,0.5,none,,2,Car,29.1,15-30m,243.1,10,10
nuscenes_mini_subset,scene-0103_009,yaw,0.5,none,,3,Car,66.0,>30m,49.0,1,1
nuscenes_mini_subset,scene-0103_009,yaw,0.5,none,,4,Car,30.1,>30m,250.7,7,7
nuscenes_mini_subset,scene-0103_009,yaw,0.5,none,,5,Car,13.8,0-15m,268.0,53,53
nuscenes_mini_subset,scene-0103_009,yaw,0.5,none,,7,Pedestrian,22.4,15-30m,13.4,0,0
nuscenes_mini_subset,scene-0103_009,yaw,0.5,none,,8,Car,59.1,>30m,38.4,2,2
nuscenes_mini_subset,scene-0103_009,yaw,0.5,none,,9,Car,42.5,>30m,88.1,1,1
nuscenes_mini_subset,scene-0103_009,yaw,0.5,none,,11,Car,27.4,15-30m,130.2,19,19
nuscenes_mini_subset,scene-0103_009,yaw,0.5,none,,12,Pedestrian,24.2,15-30m,59.2,9,9
nuscenes_mini_subset,scene-0103_009,yaw,0.5,none,,13,Pedestrian,41.6,>30m,22.5,0,0
nuscenes_mini_subset,scene-0103_009,yaw,0.5,none,,14,Truck,75.3,>30m,57.6,2,2
nuscenes_mini_subset,scene-0103_009,yaw,0.5,none,,15,Car,39.9,>30m,77.3,4,4
nuscenes_mini_subset,scene-0103_009,yaw,0.5,none,,16,Pedestrian,36.4,>30m,28.7,1,1
nuscenes_mini_subset,scene-0103_009,yaw,1.0,none,,0,Car,41.3,>30m,64.5,3,2
nuscenes_mini_subset,scene-0103_009,yaw,1.0,none,,1,Pedestrian,21.9,15-30m,41.3,0,0
nuscenes_mini_subset,scene-0103_009,yaw,1.0,none,,2,Car,29.1,15-30m,243.1,10,10
nuscenes_mini_subset,scene-0103_009,yaw,1.0,none,,3,Car,66.0,>30m,49.0,1,1
nuscenes_mini_subset,scene-0103_009,yaw,1.0,none,,4,Car,30.1,>30m,250.7,7,7
nuscenes_mini_subset,scene-0103_009,yaw,1.0,none,,5,Car,13.8,0-15m,268.0,49,49
nuscenes_mini_subset,scene-0103_009,yaw,1.0,none,,7,Pedestrian,22.4,15-30m,13.4,0,0
nuscenes_mini_subset,scene-0103_009,yaw,1.0,none,,8,Car,59.1,>30m,38.4,2,1
nuscenes_mini_subset,scene-0103_009,yaw,1.0,none,,9,Car,42.5,>30m,88.1,1,1
nuscenes_mini_subset,scene-0103_009,yaw,1.0,none,,11,Car,27.4,15-30m,130.2,19,18
nuscenes_mini_subset,scene-0103_009,yaw,1.0,none,,12,Pedestrian,24.2,15-30m,59.2,9,7
nuscenes_mini_subset,scene-0103_009,yaw,1.0,none,,13,Pedestrian,41.6,>30m,22.5,0,0
nuscenes_mini_subset,scene-0103_009,yaw,1.0,none,,14,Truck,75.3,>30m,57.6,2,2
nuscenes_mini_subset,scene-0103_009,yaw,1.0,none,,15,Car,39.9,>30m,77.3,4,2
nuscenes_mini_subset,scene-0103_009,yaw,1.0,none,,16,Pedestrian,36.4,>30m,28.7,1,1
nuscenes_mini_subset,scene-0103_009,yaw,2.0,none,,0,Car,41.3,>30m,64.5,3,2
nuscenes_mini_subset,scene-0103_009,yaw,2.0,none,,1,Pedestrian,21.9,15-30m,41.3,0,0
nuscenes_mini_subset,scene-0103_009,yaw,2.0,none,,2,Car,29.1,15-30m,243.1,10,9
nuscenes_mini_subset,scene-0103_009,yaw,2.0,none,,3,Car,66.0,>30m,49.0,1,0
nuscenes_mini_subset,scene-0103_009,yaw,2.0,none,,4,Car,30.1,>30m,250.7,7,6
nuscenes_mini_subset,scene-0103_009,yaw,2.0,none,,5,Car,13.8,0-15m,268.0,40,40
nuscenes_mini_subset,scene-0103_009,yaw,2.0,none,,7,Pedestrian,22.4,15-30m,13.4,0,0
nuscenes_mini_subset,scene-0103_009,yaw,2.0,none,,8,Car,59.1,>30m,38.4,2,0
nuscenes_mini_subset,scene-0103_009,yaw,2.0,none,,9,Car,42.5,>30m,88.1,1,1
nuscenes_mini_subset,scene-0103_009,yaw,2.0,none,,11,Car,27.4,15-30m,130.2,19,16
nuscenes_mini_subset,scene-0103_009,yaw,2.0,none,,12,Pedestrian,24.2,15-30m,59.2,9,0
nuscenes_mini_subset,scene-0103_009,yaw,2.0,none,,13,Pedestrian,41.6,>30m,22.5,0,0
nuscenes_mini_subset,scene-0103_009,yaw,2.0,none,,14,Truck,75.3,>30m,57.6,2,0
nuscenes_mini_subset,scene-0103_009,yaw,2.0,none,,15,Car,39.9,>30m,77.3,4,1
nuscenes_mini_subset,scene-0103_009,yaw,2.0,none,,16,Pedestrian,36.4,>30m,28.7,1,0
nuscenes_mini_subset,scene-0103_010,yaw,0.0,none,,0,Car,41.5,>30m,64.1,7,7
nuscenes_mini_subset,scene-0103_010,yaw,0.0,none,,1,Car,24.9,15-30m,285.9,38,38
nuscenes_mini_subset,scene-0103_010,yaw,0.0,none,,2,Car,61.7,>30m,54.2,0,0
nuscenes_mini_subset,scene-0103_010,yaw,0.0,none,,3,Car,26.4,15-30m,163.8,15,15
nuscenes_mini_subset,scene-0103_010,yaw,0.0,none,,4,Car,10.4,0-15m,11.1,0,0
nuscenes_mini_subset,scene-0103_010,yaw,0.0,none,,6,Car,54.7,>30m,42.2,0,0
nuscenes_mini_subset,scene-0103_010,yaw,0.0,none,,7,Car,38.2,>30m,102.6,1,1
nuscenes_mini_subset,scene-0103_010,yaw,0.0,none,,9,Car,23.1,15-30m,164.8,25,25
nuscenes_mini_subset,scene-0103_010,yaw,0.0,none,,10,Pedestrian,20.7,15-30m,75.9,9,9
nuscenes_mini_subset,scene-0103_010,yaw,0.0,none,,11,Pedestrian,38.0,>30m,25.1,2,2
nuscenes_mini_subset,scene-0103_010,yaw,0.0,none,,12,Truck,71.0,>30m,62.0,4,4
nuscenes_mini_subset,scene-0103_010,yaw,0.0,none,,13,Car,35.1,>30m,90.6,0,0
nuscenes_mini_subset,scene-0103_010,yaw,0.0,none,,14,Pedestrian,31.4,>30m,35.7,3,3
nuscenes_mini_subset,scene-0103_010,yaw,0.5,none,,0,Car,41.5,>30m,64.1,7,6
nuscenes_mini_subset,scene-0103_010,yaw,0.5,none,,1,Car,24.9,15-30m,285.9,38,38
nuscenes_mini_subset,scene-0103_010,yaw,0.5,none,,2,Car,61.7,>30m,54.2,0,0
nuscenes_mini_subset,scene-0103_010,yaw,0.5,none,,3,Car,26.4,15-30m,163.8,14,14
nuscenes_mini_subset,scene-0103_010,yaw,0.5,none,,4,Car,10.4,0-15m,11.1,0,0
nuscenes_mini_subset,scene-0103_010,yaw,0.5,none,,6,Car,54.7,>30m,42.2,0,0
nuscenes_mini_subset,scene-0103_010,yaw,0.5,none,,7,Car,38.2,>30m,102.6,1,1
nuscenes_mini_subset,scene-0103_010,yaw,0.5,none,,9,Car,23.1,15-30m,164.8,25,25
nuscenes_mini_subset,scene-0103_010,yaw,0.5,none,,10,Pedestrian,20.7,15-30m,75.9,9,8
nuscenes_mini_subset,scene-0103_010,yaw,0.5,none,,11,Pedestrian,38.0,>30m,25.1,2,1
nuscenes_mini_subset,scene-0103_010,yaw,0.5,none,,12,Truck,71.0,>30m,62.0,4,4
nuscenes_mini_subset,scene-0103_010,yaw,0.5,none,,13,Car,35.1,>30m,90.6,0,0
nuscenes_mini_subset,scene-0103_010,yaw,0.5,none,,14,Pedestrian,31.4,>30m,35.7,3,3
nuscenes_mini_subset,scene-0103_010,yaw,1.0,none,,0,Car,41.5,>30m,64.1,7,4
nuscenes_mini_subset,scene-0103_010,yaw,1.0,none,,1,Car,24.9,15-30m,285.9,38,38
nuscenes_mini_subset,scene-0103_010,yaw,1.0,none,,2,Car,61.7,>30m,54.2,0,0
nuscenes_mini_subset,scene-0103_010,yaw,1.0,none,,3,Car,26.4,15-30m,163.8,12,12
nuscenes_mini_subset,scene-0103_010,yaw,1.0,none,,4,Car,10.4,0-15m,11.1,0,0
nuscenes_mini_subset,scene-0103_010,yaw,1.0,none,,6,Car,54.7,>30m,42.2,0,0
nuscenes_mini_subset,scene-0103_010,yaw,1.0,none,,7,Car,38.2,>30m,102.6,1,1
nuscenes_mini_subset,scene-0103_010,yaw,1.0,none,,9,Car,23.1,15-30m,164.8,25,24
nuscenes_mini_subset,scene-0103_010,yaw,1.0,none,,10,Pedestrian,20.7,15-30m,75.9,9,7
nuscenes_mini_subset,scene-0103_010,yaw,1.0,none,,11,Pedestrian,38.0,>30m,25.1,2,0
nuscenes_mini_subset,scene-0103_010,yaw,1.0,none,,12,Truck,71.0,>30m,62.0,4,3
nuscenes_mini_subset,scene-0103_010,yaw,1.0,none,,13,Car,35.1,>30m,90.6,0,0
nuscenes_mini_subset,scene-0103_010,yaw,1.0,none,,14,Pedestrian,31.4,>30m,35.7,3,2
nuscenes_mini_subset,scene-0103_010,yaw,2.0,none,,0,Car,41.5,>30m,64.1,7,1
nuscenes_mini_subset,scene-0103_010,yaw,2.0,none,,1,Car,24.9,15-30m,285.9,38,37
nuscenes_mini_subset,scene-0103_010,yaw,2.0,none,,2,Car,61.7,>30m,54.2,0,0
nuscenes_mini_subset,scene-0103_010,yaw,2.0,none,,3,Car,26.4,15-30m,163.8,7,7
nuscenes_mini_subset,scene-0103_010,yaw,2.0,none,,4,Car,10.4,0-15m,11.1,0,0
nuscenes_mini_subset,scene-0103_010,yaw,2.0,none,,6,Car,54.7,>30m,42.2,0,0
nuscenes_mini_subset,scene-0103_010,yaw,2.0,none,,7,Car,38.2,>30m,102.6,1,1
nuscenes_mini_subset,scene-0103_010,yaw,2.0,none,,9,Car,23.1,15-30m,164.8,25,22
nuscenes_mini_subset,scene-0103_010,yaw,2.0,none,,10,Pedestrian,20.7,15-30m,75.9,9,1
nuscenes_mini_subset,scene-0103_010,yaw,2.0,none,,11,Pedestrian,38.0,>30m,25.1,2,0
nuscenes_mini_subset,scene-0103_010,yaw,2.0,none,,12,Truck,71.0,>30m,62.0,4,1
nuscenes_mini_subset,scene-0103_010,yaw,2.0,none,,13,Car,35.1,>30m,90.6,0,0
nuscenes_mini_subset,scene-0103_010,yaw,2.0,none,,14,Pedestrian,31.4,>30m,35.7,3,0
nuscenes_mini_subset,scene-0103_011,yaw,0.0,none,,0,Car,43.7,>30m,60.9,1,1
nuscenes_mini_subset,scene-0103_011,yaw,0.0,none,,1,Car,21.2,15-30m,348.0,45,45
nuscenes_mini_subset,scene-0103_011,yaw,0.0,none,,2,Car,57.9,>30m,59.8,1,1
nuscenes_mini_subset,scene-0103_011,yaw,0.0,none,,3,Car,23.2,15-30m,36.4,1,1
nuscenes_mini_subset,scene-0103_011,yaw,0.0,none,,5,Car,50.8,>30m,46.3,1,1
nuscenes_mini_subset,scene-0103_011,yaw,0.0,none,,6,Car,34.4,>30m,119.7,1,1
nuscenes_mini_subset,scene-0103_011,yaw,0.0,none,,8,Car,19.3,15-30m,213.3,34,34
nuscenes_mini_subset,scene-0103_011,yaw,0.0,none,,9,Pedestrian,17.8,15-30m,64.8,12,12
nuscenes_mini_subset,scene-0103_011,yaw,0.0,none,,10,Pedestrian,35.0,>30m,27.9,2,2
nuscenes_mini_subset,scene-0103_011,yaw,0.0,none,,11,Truck,67.1,>30m,66.3,3,3
nuscenes_mini_subset,scene-0103_011,yaw,0.0,none,,12,Car,30.8,>30m,107.0,1,1
nuscenes_mini_subset,scene-0103_011,yaw,0.0,none,,13,Pedestrian,27.0,15-30m,45.1,3,3
nuscenes_mini_subset,scene-0103_011,yaw,0.5,none,,0,Car,43.7,>30m,60.9,1,1
nuscenes_mini_subset,scene-0103_011,yaw,0.5,none,,1,Car,21.2,15-30m,348.0,45,45
nuscenes_mini_subset,scene-0103_011,yaw,0.5,none,,2,Car,57.9,>30m,59.8,1,1
nuscenes_mini_subset,scene-0103_011,yaw,0.5,none,,3,Car,23.2,15-30m,36.4,1,1
nuscenes_mini_subset,scene-0103_011,yaw,0.5,none,,5,Car,50.8,>30m,46.3,1,1
nuscenes_mini_subset,scene-0103_011,yaw,0.5,none,,6,Car,34.4,>30m,119.7,1,1
nuscenes_mini_subset,scene-0103_011,yaw,0.5,none,,8,Car,19.3,15-30m,213.3,34,34
nuscenes_mini_subset,scene-0103_011,yaw,0.5,none,,9,Pedestrian,17.8,15-30m,64.8,13,13
nuscenes_mini_subset,scene-0103_011,yaw,0.5,none,,10,Pedestrian,35.0,>30m,27.9,2,1
nuscenes_mini_subset,scene-0103_011,yaw,0.5,none,,11,Truck,67.1,>30m,66.3,3,3
nuscenes_mini_subset,scene-0103_011,yaw,0.5,none,,12,Car,30.8,>30m,107.0,1,1
nuscenes_mini_subset,scene-0103_011,yaw,0.5,none,,13,Pedestrian,27.0,15-30m,45.1,3,3
nuscenes_mini_subset,scene-0103_011,yaw,1.0,none,,0,Car,43.7,>30m,60.9,1,1
nuscenes_mini_subset,scene-0103_011,yaw,1.0,none,,1,Car,21.2,15-30m,348.0,45,45
nuscenes_mini_subset,scene-0103_011,yaw,1.0,none,,2,Car,57.9,>30m,59.8,1,1
nuscenes_mini_subset,scene-0103_011,yaw,1.0,none,,3,Car,23.2,15-30m,36.4,0,0
nuscenes_mini_subset,scene-0103_011,yaw,1.0,none,,5,Car,50.8,>30m,46.3,1,0
nuscenes_mini_subset,scene-0103_011,yaw,1.0,none,,6,Car,34.4,>30m,119.7,1,1
nuscenes_mini_subset,scene-0103_011,yaw,1.0,none,,8,Car,19.3,15-30m,213.3,34,34
nuscenes_mini_subset,scene-0103_011,yaw,1.0,none,,9,Pedestrian,17.8,15-30m,64.8,13,9
nuscenes_mini_subset,scene-0103_011,yaw,1.0,none,,10,Pedestrian,35.0,>30m,27.9,2,0
nuscenes_mini_subset,scene-0103_011,yaw,1.0,none,,11,Truck,67.1,>30m,66.3,3,3
nuscenes_mini_subset,scene-0103_011,yaw,1.0,none,,12,Car,30.8,>30m,107.0,1,1
nuscenes_mini_subset,scene-0103_011,yaw,1.0,none,,13,Pedestrian,27.0,15-30m,45.1,3,2
nuscenes_mini_subset,scene-0103_011,yaw,2.0,none,,0,Car,43.7,>30m,60.9,1,1
nuscenes_mini_subset,scene-0103_011,yaw,2.0,none,,1,Car,21.2,15-30m,348.0,45,45
nuscenes_mini_subset,scene-0103_011,yaw,2.0,none,,2,Car,57.9,>30m,59.8,1,0
nuscenes_mini_subset,scene-0103_011,yaw,2.0,none,,3,Car,23.2,15-30m,36.4,0,0
nuscenes_mini_subset,scene-0103_011,yaw,2.0,none,,5,Car,50.8,>30m,46.3,1,0
nuscenes_mini_subset,scene-0103_011,yaw,2.0,none,,6,Car,34.4,>30m,119.7,1,1
nuscenes_mini_subset,scene-0103_011,yaw,2.0,none,,8,Car,19.3,15-30m,213.3,34,30
nuscenes_mini_subset,scene-0103_011,yaw,2.0,none,,9,Pedestrian,17.8,15-30m,64.8,13,2
nuscenes_mini_subset,scene-0103_011,yaw,2.0,none,,10,Pedestrian,35.0,>30m,27.9,2,0
nuscenes_mini_subset,scene-0103_011,yaw,2.0,none,,11,Truck,67.1,>30m,66.3,3,1
nuscenes_mini_subset,scene-0103_011,yaw,2.0,none,,12,Car,30.8,>30m,107.0,1,1
nuscenes_mini_subset,scene-0103_011,yaw,2.0,none,,13,Pedestrian,27.0,15-30m,45.1,3,0
nuscenes_mini_subset,scene-0103_012,yaw,0.0,none,,0,Car,18.1,15-30m,423.9,47,47
nuscenes_mini_subset,scene-0103_012,yaw,0.0,none,,1,Car,54.7,>30m,65.2,0,0
nuscenes_mini_subset,scene-0103_012,yaw,0.0,none,,3,Car,60.2,>30m,75.1,1,1
nuscenes_mini_subset,scene-0103_012,yaw,0.0,none,,4,Car,47.5,>30m,50.3,4,4
nuscenes_mini_subset,scene-0103_012,yaw,0.0,none,,5,Car,31.2,>30m,139.0,1,1
nuscenes_mini_subset,scene-0103_012,yaw,0.0,none,,7,Car,16.1,15-30m,279.7,61,61
nuscenes_mini_subset,scene-0103_012,yaw,0.0,none,,8,Pedestrian,32.5,>30m,30.5,1,1
nuscenes_mini_subset,scene-0103_012,yaw,0.0,none,,9,Truck,63.8,>30m,70.6,1,1
nuscenes_mini_subset,scene-0103_012,yaw,0.0,none,,10,Car,27.0,15-30m,126.6,11,11
nuscenes_mini_subset,scene-0103_012,yaw,0.0,none,,11,Car,87.2,>30m,27.1,1,1
nuscenes_mini_subset,scene-0103_012,yaw,0.0,none,,12,Pedestrian,23.2,15-30m,57.2,6,6
nuscenes_mini_subset,scene-0103_012,yaw,0.0,none,,13,Car,37.4,>30m,113.2,2,2
nuscenes_mini_subset,scene-0103_012,yaw,0.5,none,,0,Car,18.1,15-30m,423.9,47,47
nuscenes_mini_subset,scene-0103_012,yaw,0.5,none,,1,Car,54.7,>30m,65.2,0,0
nuscenes_mini_subset,scene-0103_012,yaw,0.5,none,,3,Car,60.2,>30m,75.1,1,1
nuscenes_mini_subset,scene-0103_012,yaw,0.5,none,,4,Car,47.5,>30m,50.3,4,4
nuscenes_mini_subset,scene-0103_012,yaw,0.5,none,,5,Car,31.2,>30m,139.0,1,1
nuscenes_mini_subset,scene-0103_012,yaw,0.5,none,,7,Car,16.1,15-30m,279.7,61,61
nuscenes_mini_subset,scene-0103_012,yaw,0.5,none,,8,Pedestrian,32.5,>30m,30.5,1,0
nuscenes_mini_subset,scene-0103_012,yaw,0.5,none,,9,Truck,63.8,>30m,70.6,1,1
nuscenes_mini_subset,scene-0103_012,yaw,0.5,none,,10,Car,27.0,15-30m,126.6,11,11
nuscenes_mini_subset,scene-0103_012,yaw,0.5,none,,11,Car,87.2,>30m,27.1,1,0
nuscenes_mini_subset,scene-0103_012,yaw,0.5,none,,12,Pedestrian,23.2,15-30m,57.2,6,6
nuscenes_mini_subset,scene-0103_012,yaw,0.5,none,,13,Car,37.4,>30m,113.2,2,2
nuscenes_mini_subset,scene-0103_012,yaw,1.0,none,,0,Car,18.1,15-30m,423.9,47,47
nuscenes_mini_subset,scene-0103_012,yaw,1.0,none,,1,Car,54.7,>30m,65.2,0,0
nuscenes_mini_subset,scene-0103_012,yaw,1.0,none,,3,Car,60.2,>30m,75.1,1,1
nuscenes_mini_subset,scene-0103_012,yaw,1.0,none,,4,Car,47.5,>30m,50.3,4,3
nuscenes_mini_subset,scene-0103_012,yaw,1.0,none,,5,Car,31.2,>30m,139.0,1,1
nuscenes_mini_subset,scene-0103_012,yaw,1.0,none,,7,Car,16.1,15-30m,279.7,61,60
nuscenes_mini_subset,scene-0103_012,yaw,1.0,none,,8,Pedestrian,32.5,>30m,30.5,1,0
nuscenes_mini_subset,scene-0103_012,yaw,1.0,none,,9,Truck,63.8,>30m,70.6,1,1
nuscenes_mini_subset,scene-0103_012,yaw,1.0,none,,10,Car,27.0,15-30m,126.6,11,9
nuscenes_mini_subset,scene-0103_012,yaw,1.0,none,,11,Car,87.2,>30m,27.1,1,0
nuscenes_mini_subset,scene-0103_012,yaw,1.0,none,,12,Pedestrian,23.2,15-30m,57.2,6,6
nuscenes_mini_subset,scene-0103_012,yaw,1.0,none,,13,Car,37.4,>30m,113.2,2,2
nuscenes_mini_subset,scene-0103_012,yaw,2.0,none,,0,Car,18.1,15-30m,423.9,47,47
nuscenes_mini_subset,scene-0103_012,yaw,2.0,none,,1,Car,54.7,>30m,65.2,0,0
nuscenes_mini_subset,scene-0103_012,yaw,2.0,none,,3,Car,60.2,>30m,75.1,1,0
nuscenes_mini_subset,scene-0103_012,yaw,2.0,none,,4,Car,47.5,>30m,50.3,4,0
nuscenes_mini_subset,scene-0103_012,yaw,2.0,none,,5,Car,31.2,>30m,139.0,1,1
nuscenes_mini_subset,scene-0103_012,yaw,2.0,none,,7,Car,16.1,15-30m,279.7,61,54
nuscenes_mini_subset,scene-0103_012,yaw,2.0,none,,8,Pedestrian,32.5,>30m,30.5,1,0
nuscenes_mini_subset,scene-0103_012,yaw,2.0,none,,9,Truck,63.8,>30m,70.6,1,1
nuscenes_mini_subset,scene-0103_012,yaw,2.0,none,,10,Car,27.0,15-30m,126.6,11,8
nuscenes_mini_subset,scene-0103_012,yaw,2.0,none,,11,Car,87.2,>30m,27.1,1,0
nuscenes_mini_subset,scene-0103_012,yaw,2.0,none,,12,Pedestrian,23.2,15-30m,57.2,6,0
nuscenes_mini_subset,scene-0103_012,yaw,2.0,none,,13,Car,37.4,>30m,113.2,2,2
nuscenes_mini_subset,scene-0103_013,yaw,0.0,none,,0,Car,59.8,>30m,81.4,1,1
nuscenes_mini_subset,scene-0103_013,yaw,0.0,none,,1,Car,16.2,15-30m,490.1,71,71
nuscenes_mini_subset,scene-0103_013,yaw,0.0,none,,2,Car,52.7,>30m,69.2,0,0
nuscenes_mini_subset,scene-0103_013,yaw,0.0,none,,4,Car,58.1,>30m,79.1,1,1
nuscenes_mini_subset,scene-0103_013,yaw,0.0,none,,5,Car,45.4,>30m,53.2,3,3
nuscenes_mini_subset,scene-0103_013,yaw,0.0,none,,6,Car,29.2,15-30m,155.1,3,3
nuscenes_mini_subset,scene-0103_013,yaw,0.0,none,,8,Car,14.1,0-15m,345.7,89,89
nuscenes_mini_subset,scene-0103_013,yaw,0.0,none,,9,Pedestrian,31.2,>30m,32.0,4,4
nuscenes_mini_subset,scene-0103_013,yaw,0.0,none,,10,Truck,61.7,>30m,73.6,1,1
nuscenes_mini_subset,scene-0103_013,yaw,0.0,none,,11,Car,33.9,>30m,137.2,2,2
nuscenes_mini_subset,scene-0103_013,yaw,0.0,none,,12,Car,25.0,15-30m,141.2,16,16
nuscenes_mini_subset,scene-0103_013,yaw,0.0,none,,13,Car,85.1,>30m,27.9,1,1
nuscenes_mini_subset,scene-0103_013,yaw,0.0,none,,14,Pedestrian,20.6,15-30m,68.9,6,6
nuscenes_mini_subset,scene-0103_013,yaw,0.0,none,,15,Car,35.3,>30m,123.1,1,1
nuscenes_mini_subset,scene-0103_013,yaw,0.5,none,,0,Car,59.8,>30m,81.4,1,1
nuscenes_mini_subset,scene-0103_013,yaw,0.5,none,,1,Car,16.2,15-30m,490.1,71,71
nuscenes_mini_subset,scene-0103_013,yaw,0.5,none,,2,Car,52.7,>30m,69.2,0,0
nuscenes_mini_subset,scene-0103_013,yaw,0.5,none,,4,Car,58.1,>30m,79.1,1,1
nuscenes_mini_subset,scene-0103_013,yaw,0.5,none,,5,Car,45.4,>30m,53.2,3,3
nuscenes_mini_subset,scene-0103_013,yaw,0.5,none,,6,Car,29.2,15-30m,155.1,3,3
nuscenes_mini_subset,scene-0103_013,yaw,0.5,none,,8,Car,14.1,0-15m,345.7,89,89
nuscenes_mini_subset,scene-0103_013,yaw,0.5,none,,9,Pedestrian,31.2,>30m,32.0,4,3
nuscenes_mini_subset,scene-0103_013,yaw,0.5,none,,10,Truck,61.7,>30m,73.6,1,1
nuscenes_mini_subset,scene-0103_013,yaw,0.5,none,,11,Car,33.9,>30m,137.2,2,2
nuscenes_mini_subset,scene-0103_013,yaw,0.5,none,,12,Car,25.0,15-30m,141.2,16,16
nuscenes_mini_subset,scene-0103_013,yaw,0.5,none,,13,Car,85.1,>30m,27.9,1,0
nuscenes_mini_subset,scene-0103_013,yaw,0.5,none,,14,Pedestrian,20.6,15-30m,68.9,6,6
nuscenes_mini_subset,scene-0103_013,yaw,0.5,none,,15,Car,35.3,>30m,123.1,1,1
nuscenes_mini_subset,scene-0103_013,yaw,1.0,none,,0,Car,59.8,>30m,81.4,1,1
nuscenes_mini_subset,scene-0103_013,yaw,1.0,none,,1,Car,16.2,15-30m,490.1,71,71
nuscenes_mini_subset,scene-0103_013,yaw,1.0,none,,2,Car,52.7,>30m,69.2,0,0
nuscenes_mini_subset,scene-0103_013,yaw,1.0,none,,4,Car,58.1,>30m,79.1,1,1
nuscenes_mini_subset,scene-0103_013,yaw,1.0,none,,5,Car,45.4,>30m,53.2,3,2
nuscenes_mini_subset,scene-0103_013,yaw,1.0,none,,6,Car,29.2,15-30m,155.1,3,3
nuscenes_mini_subset,scene-0103_013,yaw,1.0,none,,8,Car,14.1,0-15m,345.7,89,89
nuscenes_mini_subset,scene-0103_013,yaw,1.0,none,,9,Pedestrian,31.2,>30m,32.0,4,1
nuscenes_mini_subset,scene-0103_013,yaw,1.0,none,,10,Truck,61.7,>30m,73.6,1,1
nuscenes_mini_subset,scene-0103_013,yaw,1.0,none,,11,Car,33.9,>30m,137.2,2,1
nuscenes_mini_subset,scene-0103_013,yaw,1.0,none,,12,Car,25.0,15-30m,141.2,16,15
nuscenes_mini_subset,scene-0103_013,yaw,1.0,none,,13,Car,85.1,>30m,27.9,1,0
nuscenes_mini_subset,scene-0103_013,yaw,1.0,none,,14,Pedestrian,20.6,15-30m,68.9,6,6
nuscenes_mini_subset,scene-0103_013,yaw,1.0,none,,15,Car,35.3,>30m,123.1,1,1
nuscenes_mini_subset,scene-0103_013,yaw,2.0,none,,0,Car,59.8,>30m,81.4,1,1
nuscenes_mini_subset,scene-0103_013,yaw,2.0,none,,1,Car,16.2,15-30m,490.1,71,70
nuscenes_mini_subset,scene-0103_013,yaw,2.0,none,,2,Car,52.7,>30m,69.2,0,0
nuscenes_mini_subset,scene-0103_013,yaw,2.0,none,,4,Car,58.1,>30m,79.1,1,0
nuscenes_mini_subset,scene-0103_013,yaw,2.0,none,,5,Car,45.4,>30m,53.2,3,0
nuscenes_mini_subset,scene-0103_013,yaw,2.0,none,,6,Car,29.2,15-30m,155.1,3,3
nuscenes_mini_subset,scene-0103_013,yaw,2.0,none,,8,Car,14.1,0-15m,345.7,89,85
nuscenes_mini_subset,scene-0103_013,yaw,2.0,none,,9,Pedestrian,31.2,>30m,32.0,4,0
nuscenes_mini_subset,scene-0103_013,yaw,2.0,none,,10,Truck,61.7,>30m,73.6,1,1
nuscenes_mini_subset,scene-0103_013,yaw,2.0,none,,11,Car,33.9,>30m,137.2,2,1
nuscenes_mini_subset,scene-0103_013,yaw,2.0,none,,12,Car,25.0,15-30m,141.2,16,12
nuscenes_mini_subset,scene-0103_013,yaw,2.0,none,,13,Car,85.1,>30m,27.9,1,0
nuscenes_mini_subset,scene-0103_013,yaw,2.0,none,,14,Pedestrian,20.6,15-30m,68.9,6,1
nuscenes_mini_subset,scene-0103_013,yaw,2.0,none,,15,Car,35.3,>30m,123.1,1,1
nuscenes_mini_subset,scene-0103_014,yaw,0.0,none,,0,Car,57.8,>30m,85.9,0,0
nuscenes_mini_subset,scene-0103_014,yaw,0.0,none,,1,Car,14.4,0-15m,556.5,130,130
nuscenes_mini_subset,scene-0103_014,yaw,0.0,none,,2,Car,50.7,>30m,73.6,0,0
nuscenes_mini_subset,scene-0103_014,yaw,0.0,none,,3,Pedestrian,23.9,15-30m,67.7,2,2
nuscenes_mini_subset,scene-0103_014,yaw,0.0,none,,4,Pedestrian,23.8,15-30m,56.2,1,1
nuscenes_mini_subset,scene-0103_014,yaw,0.0,none,,5,Car,56.1,>30m,83.5,0,0
nuscenes_mini_subset,scene-0103_014,yaw,0.0,none,,6,Car,43.4,>30m,56.4,4,4
nuscenes_mini_subset,scene-0103_014,yaw,0.0,none,,7,Car,27.1,15-30m,174.9,1,1
nuscenes_mini_subset,scene-0103_014,yaw,0.0,none,,9,Car,12.2,0-15m,444.7,131,131
nuscenes_mini_subset,scene-0103_014,yaw,0.0,none,,10,Pedestrian,30.1,>30m,33.5,2,2
nuscenes_mini_subset,scene-0103_014,yaw,0.0,none,,11,Truck,59.6,>30m,76.9,1,1
nuscenes_mini_subset,scene-0103_014,yaw,0.0,none,,12,Car,32.0,>30m,152.2,1,1
nuscenes_mini_subset,scene-0103_014,yaw,0.0,none,,13,Car,22.9,15-30m,158.6,26,26
nuscenes_mini_subset,scene-0103_014,yaw,0.0,none,,14,Car,83.0,>30m,28.7,1,1
nuscenes_mini_subset,scene-0103_014,yaw,0.0,none,,15,Pedestrian,18.2,15-30m,85.5,5,5
nuscenes_mini_subset,scene-0103_014,yaw,0.0,none,,16,Car,33.3,>30m,134.2,4,4
nuscenes_mini_subset,scene-0103_014,yaw,0.5,none,,0,Car,57.8,>30m,85.9,0,0
nuscenes_mini_subset,scene-0103_014,yaw,0.5,none,,1,Car,14.4,0-15m,556.5,130,130
nuscenes_mini_subset,scene-0103_014,yaw,0.5,none,,2,Car,50.7,>30m,73.6,0,0
nuscenes_mini_subset,scene-0103_014,yaw,0.5,none,,3,Pedestrian,23.9,15-30m,67.7,2,2
nuscenes_mini_subset,scene-0103_014,yaw,0.5,none,,4,Pedestrian,23.8,15-30m,56.2,1,1
nuscenes_mini_subset,scene-0103_014,yaw,0.5,none,,5,Car,56.1,>30m,83.5,0,0
nuscenes_mini_subset,scene-0103_014,yaw,0.5,none,,6,Car,43.4,>30m,56.4,4,4
nuscenes_mini_subset,scene-0103_014,yaw,0.5,none,,7,Car,27.1,15-30m,174.9,1,1
nuscenes_mini_subset,scene-0103_014,yaw,0.5,none,,9,Car,12.2,0-15m,444.7,131,131
nuscenes_mini_subset,scene-0103_014,yaw,0.5,none,,10,Pedestrian,30.1,>30m,33.5,2,2
nuscenes_mini_subset,scene-0103_014,yaw,0.5,none,,11,Truck,59.6,>30m,76.9,1,1
nuscenes_mini_subset,scene-0103_014,yaw,0.5,none,,12,Car,32.0,>30m,152.2,1,1
nuscenes_mini_subset,scene-0103_014,yaw,0.5,none,,13,Car,22.9,15-30m,158.6,26,26
nuscenes_mini_subset,scene-0103_014,yaw,0.5,none,,14,Car,83.0,>30m,28.7,1,0
nuscenes_mini_subset,scene-0103_014,yaw,0.5,none,,15,Pedestrian,18.2,15-30m,85.5,5,5
nuscenes_mini_subset,scene-0103_014,yaw,0.5,none,,16,Car,33.3,>30m,134.2,4,4
nuscenes_mini_subset,scene-0103_014,yaw,1.0,none,,0,Car,57.8,>30m,85.9,0,0
nuscenes_mini_subset,scene-0103_014,yaw,1.0,none,,1,Car,14.4,0-15m,556.5,128,128
nuscenes_mini_subset,scene-0103_014,yaw,1.0,none,,2,Car,50.7,>30m,73.6,0,0
nuscenes_mini_subset,scene-0103_014,yaw,1.0,none,,3,Pedestrian,23.9,15-30m,67.7,2,1
nuscenes_mini_subset,scene-0103_014,yaw,1.0,none,,4,Pedestrian,23.8,15-30m,56.2,1,1
nuscenes_mini_subset,scene-0103_014,yaw,1.0,none,,5,Car,56.1,>30m,83.5,0,0
nuscenes_mini_subset,scene-0103_014,yaw,1.0,none,,6,Car,43.4,>30m,56.4,4,3
nuscenes_mini_subset,scene-0103_014,yaw,1.0,none,,7,Car,27.1,15-30m,174.9,1,1
nuscenes_mini_subset,scene-0103_014,yaw,1.0,none,,9,Car,12.2,0-15m,444.7,131,130
nuscenes_mini_subset,scene-0103_014,yaw,1.0,none,,10,Pedestrian,30.1,>30m,33.5,2,0
nuscenes_mini_subset,scene-0103_014,yaw,1.0,none,,11,Truck,59.6,>30m,76.9,1,1
nuscenes_mini_subset,scene-0103_014,yaw,1.0,none,,12,Car,32.0,>30m,152.2,1,0
nuscenes_mini_subset,scene-0103_014,yaw,1.0,none,,13,Car,22.9,15-30m,158.6,26,24
nuscenes_mini_subset,scene-0103_014,yaw,1.0,none,,14,Car,83.0,>30m,28.7,1,0
nuscenes_mini_subset,scene-0103_014,yaw,1.0,none,,15,Pedestrian,18.2,15-30m,85.5,5,4
nuscenes_mini_subset,scene-0103_014,yaw,1.0,none,,16,Car,33.3,>30m,134.2,4,4
nuscenes_mini_subset,scene-0103_014,yaw,2.0,none,,0,Car,57.8,>30m,85.9,0,0
nuscenes_mini_subset,scene-0103_014,yaw,2.0,none,,1,Car,14.4,0-15m,556.5,124,124
nuscenes_mini_subset,scene-0103_014,yaw,2.0,none,,2,Car,50.7,>30m,73.6,0,0
nuscenes_mini_subset,scene-0103_014,yaw,2.0,none,,3,Pedestrian,23.9,15-30m,67.7,2,0
nuscenes_mini_subset,scene-0103_014,yaw,2.0,none,,4,Pedestrian,23.8,15-30m,56.2,1,0
nuscenes_mini_subset,scene-0103_014,yaw,2.0,none,,5,Car,56.1,>30m,83.5,0,0
nuscenes_mini_subset,scene-0103_014,yaw,2.0,none,,6,Car,43.4,>30m,56.4,4,0
nuscenes_mini_subset,scene-0103_014,yaw,2.0,none,,7,Car,27.1,15-30m,174.9,1,1
nuscenes_mini_subset,scene-0103_014,yaw,2.0,none,,9,Car,12.2,0-15m,444.7,131,125
nuscenes_mini_subset,scene-0103_014,yaw,2.0,none,,10,Pedestrian,30.1,>30m,33.5,2,0
nuscenes_mini_subset,scene-0103_014,yaw,2.0,none,,11,Truck,59.6,>30m,76.9,1,1
nuscenes_mini_subset,scene-0103_014,yaw,2.0,none,,12,Car,32.0,>30m,152.2,1,0
nuscenes_mini_subset,scene-0103_014,yaw,2.0,none,,13,Car,22.9,15-30m,158.6,26,18
nuscenes_mini_subset,scene-0103_014,yaw,2.0,none,,14,Car,83.0,>30m,28.7,1,0
nuscenes_mini_subset,scene-0103_014,yaw,2.0,none,,15,Pedestrian,18.2,15-30m,85.5,5,0
nuscenes_mini_subset,scene-0103_014,yaw,2.0,none,,16,Car,33.3,>30m,134.2,4,3
nuscenes_mini_subset,scene-0103_015,yaw,0.0,none,,0,Car,56.4,>30m,89.4,0,0
nuscenes_mini_subset,scene-0103_015,yaw,0.0,none,,1,Car,13.1,0-15m,601.2,157,157
nuscenes_mini_subset,scene-0103_015,yaw,0.0,none,,2,Car,49.3,>30m,77.0,0,0
nuscenes_mini_subset,scene-0103_015,yaw,0.0,none,,3,Pedestrian,22.0,15-30m,46.3,4,4
nuscenes_mini_subset,scene-0103_015,yaw,0.0,none,,4,Pedestrian,22.2,15-30m,64.5,8,8
nuscenes_mini_subset,scene-0103_015,yaw,0.0,none,,5,Car,54.7,>30m,86.9,0,0
nuscenes_mini_subset,scene-0103_015,yaw,0.0,none,,6,Car,41.9,>30m,59.0,6,6
nuscenes_mini_subset,scene-0103_015,yaw,0.0,none,,7,Car,25.6,15-30m,192.3,2,2
nuscenes_mini_subset,scene-0103_015,yaw,0.0,none,,9,Car,10.8,0-15m,406.9,162,162
nuscenes_mini_subset,scene-0103_015,yaw,0.0,none,,11,Pedestrian,29.5,15-30m,34.2,1,1
nuscenes_mini_subset,scene-0103_015,yaw,0.0,none,,12,Truck,58.2,>30m,79.4,1,1
nuscenes_mini_subset,scene-0103_015,yaw,0.0,none,,13,Car,30.7,>30m,164.6,2,2
nuscenes_mini_subset,scene-0103_015,yaw,0.0,none,,14,Car,21.5,15-30m,173.7,23,23
nuscenes_mini_subset,scene-0103_015,yaw,0.0,none,,15,Car,81.6,>30m,29.3,0,0
nuscenes_mini_subset,scene-0103_015,yaw,0.0,none,,16,Pedestrian,16.2,15-30m,45.5,4,4
nuscenes_mini_subset,scene-0103_015,yaw,0.0,none,,17,Car,31.9,>30m,143.1,1,1
nuscenes_mini_subset,scene-0103_015,yaw,0.5,none,,0,Car,56.4,>30m,89.4,0,0
nuscenes_mini_subset,scene-0103_015,yaw,0.5,none,,1,Car,13.1,0-15m,601.2,157,157
nuscenes_mini_subset,scene-0103_015,yaw,0.5,none,,2,Car,49.3,>30m,77.0,0,0
nuscenes_mini_subset,scene-0103_015,yaw,0.5,none,,3,Pedestrian,22.0,15-30m,46.3,2,2
nuscenes_mini_subset,scene-0103_015,yaw,0.5,none,,4,Pedestrian,22.2,15-30m,64.5,8,8
nuscenes_mini_subset,scene-0103_015,yaw,0.5,none,,5,Car,54.7,>30m,86.9,0,0
nuscenes_mini_subset,scene-0103_015,yaw,0.5,none,,6,Car,41.9,>30m,59.0,6,6
nuscenes_mini_subset,scene-0103_015,yaw,0.5,none,,7,Car,25.6,15-30m,192.3,2,2
nuscenes_mini_subset,scene-0103_015,yaw,0.5,none,,9,Car,10.8,0-15m,406.9,167,166
nuscenes_mini_subset,scene-0103_015,yaw,0.5,none,,11,Pedestrian,29.5,15-30m,34.2,1,0
nuscenes_mini_subset,scene-0103_015,yaw,0.5,none,,12,Truck,58.2,>30m,79.4,1,1
nuscenes_mini_subset,scene-0103_015,yaw,0.5,none,,13,Car,30.7,>30m,164.6,2,2
nuscenes_mini_subset,scene-0103_015,yaw,0.5,none,,14,Car,21.5,15-30m,173.7,23,23
nuscenes_mini_subset,scene-0103_015,yaw,0.5,none,,15,Car,81.6,>30m,29.3,0,0
nuscenes_mini_subset,scene-0103_015,yaw,0.5,none,,16,Pedestrian,16.2,15-30m,45.5,8,7
nuscenes_mini_subset,scene-0103_015,yaw,0.5,none,,17,Car,31.9,>30m,143.1,1,1
nuscenes_mini_subset,scene-0103_015,yaw,1.0,none,,0,Car,56.4,>30m,89.4,0,0
nuscenes_mini_subset,scene-0103_015,yaw,1.0,none,,1,Car,13.1,0-15m,601.2,157,157
nuscenes_mini_subset,scene-0103_015,yaw,1.0,none,,2,Car,49.3,>30m,77.0,0,0
nuscenes_mini_subset,scene-0103_015,yaw,1.0,none,,3,Pedestrian,22.0,15-30m,46.3,0,0
nuscenes_mini_subset,scene-0103_015,yaw,1.0,none,,4,Pedestrian,22.2,15-30m,64.5,8,6
nuscenes_mini_subset,scene-0103_015,yaw,1.0,none,,5,Car,54.7,>30m,86.9,0,0
nuscenes_mini_subset,scene-0103_015,yaw,1.0,none,,6,Car,41.9,>30m,59.0,6,4
nuscenes_mini_subset,scene-0103_015,yaw,1.0,none,,7,Car,25.6,15-30m,192.3,2,2
nuscenes_mini_subset,scene-0103_015,yaw,1.0,none,,9,Car,10.8,0-15m,406.9,174,174
nuscenes_mini_subset,scene-0103_015,yaw,1.0,none,,11,Pedestrian,29.5,15-30m,34.2,1,0
nuscenes_mini_subset,scene-0103_015,yaw,1.0,none,,12,Truck,58.2,>30m,79.4,1,1
nuscenes_mini_subset,scene-0103_015,yaw,1.0,none,,13,Car,30.7,>30m,164.6,2,1
nuscenes_mini_subset,scene-0103_015,yaw,1.0,none,,14,Car,21.5,15-30m,173.7,23,23
nuscenes_mini_subset,scene-0103_015,yaw,1.0,none,,15,Car,81.6,>30m,29.3,0,0
nuscenes_mini_subset,scene-0103_015,yaw,1.0,none,,16,Pedestrian,16.2,15-30m,45.5,9,8
nuscenes_mini_subset,scene-0103_015,yaw,1.0,none,,17,Car,31.9,>30m,143.1,1,1
nuscenes_mini_subset,scene-0103_015,yaw,2.0,none,,0,Car,56.4,>30m,89.4,0,0
nuscenes_mini_subset,scene-0103_015,yaw,2.0,none,,1,Car,13.1,0-15m,601.2,157,154
nuscenes_mini_subset,scene-0103_015,yaw,2.0,none,,2,Car,49.3,>30m,77.0,0,0
nuscenes_mini_subset,scene-0103_015,yaw,2.0,none,,3,Pedestrian,22.0,15-30m,46.3,0,0
nuscenes_mini_subset,scene-0103_015,yaw,2.0,none,,4,Pedestrian,22.2,15-30m,64.5,6,0
nuscenes_mini_subset,scene-0103_015,yaw,2.0,none,,5,Car,54.7,>30m,86.9,0,0
nuscenes_mini_subset,scene-0103_015,yaw,2.0,none,,6,Car,41.9,>30m,59.0,6,1
nuscenes_mini_subset,scene-0103_015,yaw,2.0,none,,7,Car,25.6,15-30m,192.3,2,2
nuscenes_mini_subset,scene-0103_015,yaw,2.0,none,,9,Car,10.8,0-15m,406.9,184,178
nuscenes_mini_subset,scene-0103_015,yaw,2.0,none,,11,Pedestrian,29.5,15-30m,34.2,1,0
nuscenes_mini_subset,scene-0103_015,yaw,2.0,none,,12,Truck,58.2,>30m,79.4,1,1
nuscenes_mini_subset,scene-0103_015,yaw,2.0,none,,13,Car,30.7,>30m,164.6,2,1
nuscenes_mini_subset,scene-0103_015,yaw,2.0,none,,14,Car,21.5,15-30m,173.7,23,20
nuscenes_mini_subset,scene-0103_015,yaw,2.0,none,,15,Car,81.6,>30m,29.3,0,0
nuscenes_mini_subset,scene-0103_015,yaw,2.0,none,,16,Pedestrian,16.2,15-30m,45.5,9,1
nuscenes_mini_subset,scene-0103_015,yaw,2.0,none,,17,Car,31.9,>30m,143.1,1,1
nuscenes_mini_subset,scene-0103_016,yaw,0.0,none,,0,Car,55.6,>30m,91.7,0,0
nuscenes_mini_subset,scene-0103_016,yaw,0.0,none,,1,Car,12.7,0-15m,570.4,146,146
nuscenes_mini_subset,scene-0103_016,yaw,0.0,none,,2,Car,48.5,>30m,79.4,0,0
nuscenes_mini_subset,scene-0103_016,yaw,0.0,none,,3,Pedestrian,21.0,15-30m,34.4,4,4
nuscenes_mini_subset,scene-0103_016,yaw,0.0,none,,4,Car,53.8,>30m,89.2,0,0
nuscenes_mini_subset,scene-0103_016,yaw,0.0,none,,5,Car,41.0,>30m,60.7,4,4
nuscenes_mini_subset,scene-0103_016,yaw,0.0,none,,6,Car,24.6,15-30m,205.7,0,0
nuscenes_mini_subset,scene-0103_016,yaw,0.0,none,,8,Car,65.4,>30m,53.5,1,1
nuscenes_mini_subset,scene-0103_016,yaw,0.0,none,,9,Car,9.9,0-15m,374.9,162,160
nuscenes_mini_subset,scene-0103_016,yaw,0.0,none,,11,Pedestrian,29.3,15-30m,34.6,4,4
nuscenes_mini_subset,scene-0103_016,yaw,0.0,none,,12,Truck,57.3,>30m,81.0,7,7
nuscenes_mini_subset,scene-0103_016,yaw,0.0,none,,13,Car,29.8,15-30m,173.2,1,1
nuscenes_mini_subset,scene-0103_016,yaw,0.0,none,,14,Car,20.5,15-30m,204.1,5,5
nuscenes_mini_subset,scene-0103_016,yaw,0.0,none,,15,Car,80.6,>30m,29.7,1,1
nuscenes_mini_subset,scene-0103_016,yaw,0.0,none,,16,Car,31.0,>30m,149.5,0,0
nuscenes_mini_subset,scene-0103_016,yaw,0.5,none,,0,Car,55.6,>30m,91.7,0,0
nuscenes_mini_subset,scene-0103_016,yaw,0.5,none,,1,Car,12.7,0-15m,570.4,146,145
nuscenes_mini_subset,scene-0103_016,yaw,0.5,none,,2,Car,48.5,>30m,79.4,0,0
nuscenes_mini_subset,scene-0103_016,yaw,0.5,none,,3,Pedestrian,21.0,15-30m,34.4,2,2
nuscenes_mini_subset,scene-0103_016,yaw,0.5,none,,4,Car,53.8,>30m,89.2,0,0
nuscenes_mini_subset,scene-0103_016,yaw,0.5,none,,5,Car,41.0,>30m,60.7,4,4
nuscenes_mini_subset,scene-0103_016,yaw,0.5,none,,6,Car,24.6,15-30m,205.7,0,0
nuscenes_mini_subset,scene-0103_016,yaw,0.5,none,,8,Car,65.4,>30m,53.5,1,1
nuscenes_mini_subset,scene-0103_016,yaw,0.5,none,,9,Car,9.9,0-15m,374.9,168,168
nuscenes_mini_subset,scene-0103_016,yaw,0.5,none,,11,Pedestrian,29.3,15-30m,34.6,4,3
nuscenes_mini_subset,scene-0103_016,yaw,0.5,none,,12,Truck,57.3,>30m,81.0,7,6
nuscenes_mini_subset,scene-0103_016,yaw,0.5,none,,13,Car,29.8,15-30m,173.2,1,1
nuscenes_mini_subset,scene-0103_016,yaw,0.5,none,,14,Car,20.5,15-30m,204.1,5,5
nuscenes_mini_subset,scene-0103_016,yaw,0.5,none,,15,Car,80.6,>30m,29.7,1,1
nuscenes_mini_subset,scene-0103_016,yaw,0.5,none,,16,Car,31.0,>30m,149.5,0,0
nuscenes_mini_subset,scene-0103_016,yaw,1.0,none,,0,Car,55.6,>30m,91.7,0,0
nuscenes_mini_subset,scene-0103_016,yaw,1.0,none,,1,Car,12.7,0-15m,570.4,146,144
nuscenes_mini_subset,scene-0103_016,yaw,1.0,none,,2,Car,48.5,>30m,79.4,0,0
nuscenes_mini_subset,scene-0103_016,yaw,1.0,none,,3,Pedestrian,21.0,15-30m,34.4,0,0
nuscenes_mini_subset,scene-0103_016,yaw,1.0,none,,4,Car,53.8,>30m,89.2,0,0
nuscenes_mini_subset,scene-0103_016,yaw,1.0,none,,5,Car,41.0,>30m,60.7,4,3
nuscenes_mini_subset,scene-0103_016,yaw,1.0,none,,6,Car,24.6,15-30m,205.7,0,0
nuscenes_mini_subset,scene-0103_016,yaw,1.0,none,,8,Car,65.4,>30m,53.5,1,1
nuscenes_mini_subset,scene-0103_016,yaw,1.0,none,,9,Car,9.9,0-15m,374.9,178,177
nuscenes_mini_subset,scene-0103_016,yaw,1.0,none,,11,Pedestrian,29.3,15-30m,34.6,4,0
nuscenes_mini_subset,scene-0103_016,yaw,1.0,none,,12,Truck,57.3,>30m,81.0,7,5
nuscenes_mini_subset,scene-0103_016,yaw,1.0,none,,13,Car,29.8,15-30m,173.2,1,1
nuscenes_mini_subset,scene-0103_016,yaw,1.0,none,,14,Car,20.5,15-30m,204.1,5,5
nuscenes_mini_subset,scene-0103_016,yaw,1.0,none,,15,Car,80.6,>30m,29.7,1,0
nuscenes_mini_subset,scene-0103_016,yaw,1.0,none,,16,Car,31.0,>30m,149.5,0,0
nuscenes_mini_subset,scene-0103_016,yaw,2.0,none,,0,Car,55.6,>30m,91.7,0,0
nuscenes_mini_subset,scene-0103_016,yaw,2.0,none,,1,Car,12.7,0-15m,570.4,146,140
nuscenes_mini_subset,scene-0103_016,yaw,2.0,none,,2,Car,48.5,>30m,79.4,0,0
nuscenes_mini_subset,scene-0103_016,yaw,2.0,none,,3,Pedestrian,21.0,15-30m,34.4,0,0
nuscenes_mini_subset,scene-0103_016,yaw,2.0,none,,4,Car,53.8,>30m,89.2,0,0
nuscenes_mini_subset,scene-0103_016,yaw,2.0,none,,5,Car,41.0,>30m,60.7,4,0
nuscenes_mini_subset,scene-0103_016,yaw,2.0,none,,6,Car,24.6,15-30m,205.7,0,0
nuscenes_mini_subset,scene-0103_016,yaw,2.0,none,,8,Car,65.4,>30m,53.5,1,0
nuscenes_mini_subset,scene-0103_016,yaw,2.0,none,,9,Car,9.9,0-15m,374.9,194,186
nuscenes_mini_subset,scene-0103_016,yaw,2.0,none,,11,Pedestrian,29.3,15-30m,34.6,4,0
nuscenes_mini_subset,scene-0103_016,yaw,2.0,none,,12,Truck,57.3,>30m,81.0,7,2
nuscenes_mini_subset,scene-0103_016,yaw,2.0,none,,13,Car,29.8,15-30m,173.2,1,1
nuscenes_mini_subset,scene-0103_016,yaw,2.0,none,,14,Car,20.5,15-30m,204.1,5,4
nuscenes_mini_subset,scene-0103_016,yaw,2.0,none,,15,Car,80.6,>30m,29.7,1,0
nuscenes_mini_subset,scene-0103_016,yaw,2.0,none,,16,Car,31.0,>30m,149.5,0,0
nuscenes_mini_subset,scene-0103_017,yaw,0.0,none,,0,Car,54.9,>30m,93.6,0,0
nuscenes_mini_subset,scene-0103_017,yaw,0.0,none,,1,Car,48.5,>30m,34.6,0,0
nuscenes_mini_subset,scene-0103_017,yaw,0.0,none,,2,Car,12.9,0-15m,525.9,113,113
nuscenes_mini_subset,scene-0103_017,yaw,0.0,none,,3,Car,47.7,>30m,81.3,0,0
nuscenes_mini_subset,scene-0103_017,yaw,0.0,none,,4,Car,77.5,>30m,36.1,1,1
nuscenes_mini_subset,scene-0103_017,yaw,0.0,none,,5,Car,52.4,>30m,85.1,1,1
nuscenes_mini_subset,scene-0103_017,yaw,0.0,none,,6,Car,53.1,>30m,91.0,0,0
nuscenes_mini_subset,scene-0103_017,yaw,0.0,none,,7,Car,40.2,>30m,62.1,6,6
nuscenes_mini_subset,scene-0103_017,yaw,0.0,none,,8,Car,56.9,>30m,53.2,1,1
nuscenes_mini_subset,scene-0103_017,yaw,0.0,none,,9,Car,23.8,15-30m,218.1,27,27
nuscenes_mini_subset,scene-0103_017,yaw,0.0,none,,11,Car,64.7,>30m,54.3,0,0
nuscenes_mini_subset,scene-0103_017,yaw,0.0,none,,12,Car,9.2,0-15m,346.4,141,140
nuscenes_mini_subset,scene-0103_017,yaw,0.0,none,,14,Pedestrian,29.3,15-30m,35.3,3,3
nuscenes_mini_subset,scene-0103_017,yaw,0.0,none,,15,Truck,56.5,>30m,82.4,9,9
nuscenes_mini_subset,scene-0103_017,yaw,0.0,none,,16,Car,29.0,15-30m,182.9,9,9
nuscenes_mini_subset,scene-0103_017,yaw,0.0,none,,17,Car,19.3,15-30m,225.4,0,0
nuscenes_mini_subset,scene-0103_017,yaw,0.0,none,,18,Car,79.9,>30m,30.0,0,0
nuscenes_mini_subset,scene-0103_017,yaw,0.0,none,,19,Car,31.1,>30m,54.0,2,2
nuscenes_mini_subset,scene-0103_017,yaw,0.0,none,,20,Car,30.2,>30m,155.1,0,0
nuscenes_mini_subset,scene-0103_017,yaw,0.0,none,,21,Car,45.0,>30m,80.6,2,2
nuscenes_mini_subset,scene-0103_017,yaw,0.5,none,,0,Car,54.9,>30m,93.6,0,0
nuscenes_mini_subset,scene-0103_017,yaw,0.5,none,,1,Car,48.5,>30m,34.6,0,0
nuscenes_mini_subset,scene-0103_017,yaw,0.5,none,,2,Car,12.9,0-15m,525.9,113,113
nuscenes_mini_subset,scene-0103_017,yaw,0.5,none,,3,Car,47.7,>30m,81.3,0,0
nuscenes_mini_subset,scene-0103_017,yaw,0.5,none,,4,Car,77.5,>30m,36.1,1,1
nuscenes_mini_subset,scene-0103_017,yaw,0.5,none,,5,Car,52.4,>30m,85.1,1,1
nuscenes_mini_subset,scene-0103_017,yaw,0.5,none,,6,Car,53.1,>30m,91.0,0,0
nuscenes_mini_subset,scene-0103_017,yaw,0.5,none,,7,Car,40.2,>30m,62.1,6,6
nuscenes_mini_subset,scene-0103_017,yaw,0.5,none,,8,Car,56.9,>30m,53.2,1,0
nuscenes_mini_subset,scene-0103_017,yaw,0.5,none,,9,Car,23.8,15-30m,218.1,27,27
nuscenes_mini_subset,scene-0103_017,yaw,0.5,none,,11,Car,64.7,>30m,54.3,0,0
nuscenes_mini_subset,scene-0103_017,yaw,0.5,none,,12,Car,9.2,0-15m,346.4,149,148
nuscenes_mini_subset,scene-0103_017,yaw,0.5,none,,14,Pedestrian,29.3,15-30m,35.3,3,3
nuscenes_mini_subset,scene-0103_017,yaw,0.5,none,,15,Truck,56.5,>30m,82.4,9,8
nuscenes_mini_subset,scene-0103_017,yaw,0.5,none,,16,Car,29.0,15-30m,182.9,9,9
nuscenes_mini_subset,scene-0103_017,yaw,0.5,none,,17,Car,19.3,15-30m,225.4,0,0
nuscenes_mini_subset,scene-0103_017,yaw,0.5,none,,18,Car,79.9,>30m,30.0,0,0
nuscenes_mini_subset,scene-0103_017,yaw,0.5,none,,19,Car,31.1,>30m,54.0,2,2
nuscenes_mini_subset,scene-0103_017,yaw,0.5,none,,20,Car,30.2,>30m,155.1,0,0
nuscenes_mini_subset,scene-0103_017,yaw,0.5,none,,21,Car,45.0,>30m,80.6,2,2
nuscenes_mini_subset,scene-0103_017,yaw,1.0,none,,0,Car,54.9,>30m,93.6,0,0
nuscenes_mini_subset,scene-0103_017,yaw,1.0,none,,1,Car,48.5,>30m,34.6,1,1
nuscenes_mini_subset,scene-0103_017,yaw,1.0,none,,2,Car,12.9,0-15m,525.9,113,113
nuscenes_mini_subset,scene-0103_017,yaw,1.0,none,,3,Car,47.7,>30m,81.3,0,0
nuscenes_mini_subset,scene-0103_017,yaw,1.0,none,,4,Car,77.5,>30m,36.1,1,0
nuscenes_mini_subset,scene-0103_017,yaw,1.0,none,,5,Car,52.4,>30m,85.1,1,1
nuscenes_mini_subset,scene-0103_017,yaw,1.0,none,,6,Car,53.1,>30m,91.0,0,0
nuscenes_mini_subset,scene-0103_017,yaw,1.0,none,,7,Car,40.2,>30m,62.1,6,4
nuscenes_mini_subset,scene-0103_017,yaw,1.0,none,,8,Car,56.9,>30m,53.2,1,0
nuscenes_mini_subset,scene-0103_017,yaw,1.0,none,,9,Car,23.8,15-30m,218.1,27,26
nuscenes_mini_subset,scene-0103_017,yaw,1.0,none,,11,Car,64.7,>30m,54.3,0,0
nuscenes_mini_subset,scene-0103_017,yaw,1.0,none,,12,Car,9.2,0-15m,346.4,155,154
nuscenes_mini_subset,scene-0103_017,yaw,1.0,none,,14,Pedestrian,29.3,15-30m,35.3,3,0
nuscenes_mini_subset,scene-0103_017,yaw,1.0,none,,15,Truck,56.5,>30m,82.4,9,7
nuscenes_mini_subset,scene-0103_017,yaw,1.0,none,,16,Car,29.0,15-30m,182.9,9,7
nuscenes_mini_subset,scene-0103_017,yaw,1.0,none,,17,Car,19.3,15-30m,225.4,0,0
nuscenes_mini_subset,scene-0103_017,yaw,1.0,none,,18,Car,79.9,>30m,30.0,0,0
nuscenes_mini_subset,scene-0103_017,yaw,1.0,none,,19,Car,31.1,>30m,54.0,2,2
nuscenes_mini_subset,scene-0103_017,yaw,1.0,none,,20,Car,30.2,>30m,155.1,0,0
nuscenes_mini_subset,scene-0103_017,yaw,1.0,none,,21,Car,45.0,>30m,80.6,2,1
nuscenes_mini_subset,scene-0103_017,yaw,2.0,none,,0,Car,54.9,>30m,93.6,0,0
nuscenes_mini_subset,scene-0103_017,yaw,2.0,none,,1,Car,48.5,>30m,34.6,1,0
nuscenes_mini_subset,scene-0103_017,yaw,2.0,none,,2,Car,12.9,0-15m,525.9,113,110
nuscenes_mini_subset,scene-0103_017,yaw,2.0,none,,3,Car,47.7,>30m,81.3,0,0
nuscenes_mini_subset,scene-0103_017,yaw,2.0,none,,4,Car,77.5,>30m,36.1,1,0
nuscenes_mini_subset,scene-0103_017,yaw,2.0,none,,5,Car,52.4,>30m,85.1,1,0
nuscenes_mini_subset,scene-0103_017,yaw,2.0,none,,6,Car,53.1,>30m,91.0,0,0
nuscenes_mini_subset,scene-0103_017,yaw,2.0,none,,7,Car,40.2,>30m,62.1,6,1
nuscenes_mini_subset,scene-0103_017,yaw,2.0,none,,8,Car,56.9,>30m,53.2,1,0
nuscenes_mini_subset,scene-0103_017,yaw,2.0,none,,9,Car,23.8,15-30m,218.1,27,21
nuscenes_mini_subset,scene-0103_017,yaw,2.0,none,,11,Car,64.7,>30m,54.3,0,0
nuscenes_mini_subset,scene-0103_017,yaw,2.0,none,,12,Car,9.2,0-15m,346.4,170,163
nuscenes_mini_subset,scene-0103_017,yaw,2.0,none,,14,Pedestrian,29.3,15-30m,35.3,3,0
nuscenes_mini_subset,scene-0103_017,yaw,2.0,none,,15,Truck,56.5,>30m,82.4,9,4
nuscenes_mini_subset,scene-0103_017,yaw,2.0,none,,16,Car,29.0,15-30m,182.9,9,7
nuscenes_mini_subset,scene-0103_017,yaw,2.0,none,,17,Car,19.3,15-30m,225.4,0,0
nuscenes_mini_subset,scene-0103_017,yaw,2.0,none,,18,Car,79.9,>30m,30.0,0,0
nuscenes_mini_subset,scene-0103_017,yaw,2.0,none,,19,Car,31.1,>30m,54.0,2,0
nuscenes_mini_subset,scene-0103_017,yaw,2.0,none,,20,Car,30.2,>30m,155.1,0,0
nuscenes_mini_subset,scene-0103_017,yaw,2.0,none,,21,Car,45.0,>30m,80.6,2,0
nuscenes_mini_subset,scene-0103_018,yaw,0.0,none,,0,Car,54.1,>30m,95.7,0,0
nuscenes_mini_subset,scene-0103_018,yaw,0.0,none,,1,Car,47.8,>30m,24.0,0,0
nuscenes_mini_subset,scene-0103_018,yaw,0.0,none,,2,Car,13.4,0-15m,453.8,102,102
nuscenes_mini_subset,scene-0103_018,yaw,0.0,none,,3,Car,46.9,>30m,83.4,1,1
nuscenes_mini_subset,scene-0103_018,yaw,0.0,none,,4,Car,76.6,>30m,36.6,0,0
nuscenes_mini_subset,scene-0103_018,yaw,0.0,none,,5,Car,51.6,>30m,86.9,0,0
nuscenes_mini_subset,scene-0103_018,yaw,0.0,none,,6,Car,52.3,>30m,93.1,0,0
nuscenes_mini_subset,scene-0103_018,yaw,0.0,none,,7,Car,39.2,>30m,64.2,2,2
nuscenes_mini_subset,scene-0103_018,yaw,0.0,none,,8,Car,56.1,>30m,54.1,0,0
nuscenes_mini_subset,scene-0103_018,yaw,0.0,none,,9,Car,22.9,15-30m,233.2,38,38
nuscenes_mini_subset,scene-0103_018,yaw,0.0,none,,11,Car,63.8,>30m,55.2,0,0
nuscenes_mini_subset,scene-0103_018,yaw,0.0,none,,12,Car,8.4,0-15m,311.2,143,143
nuscenes_mini_subset,scene-0103_018,yaw,0.0,none,,14,Car,49.9,>30m,58.9,1,1
nuscenes_mini_subset,scene-0103_018,yaw,0.0,none,,15,Pedestrian,29.1,15-30m,36.0,1,1
nuscenes_mini_subset,scene-0103_018,yaw,0.0,none,,16,Truck,55.7,>30m,84.1,5,5
nuscenes_mini_subset,scene-0103_018,yaw,0.0,none,,17,Car,28.1,15-30m,194.7,7,7
nuscenes_mini_subset,scene-0103_018,yaw,0.0,none,,18,Car,17.9,15-30m,253.2,32,32
nuscenes_mini_subset,scene-0103_018,yaw,0.0,none,,19,Car,79.1,>30m,30.4,0,0
nuscenes_mini_subset,scene-0103_018,yaw,0.0,none,,20,Car,30.4,>30m,36.5,0,0
nuscenes_mini_subset,scene-0103_018,yaw,0.0,none,,21,Car,29.4,15-30m,162.0,2,2
nuscenes_mini_subset,scene-0103_018,yaw,0.0,none,,22,Car,44.1,>30m,82.5,0,0
nuscenes_mini_subset,scene-0103_018,yaw,0.5,none,,0,Car,54.1,>30m,95.7,0,0
nuscenes_mini_subset,scene-0103_018,yaw,0.5,none,,1,Car,47.8,>30m,24.0,0,0
nuscenes_mini_subset,scene-0103_018,yaw,0.5,none,,2,Car,13.4,0-15m,453.8,102,102
nuscenes_mini_subset,scene-0103_018,yaw,0.5,none,,3,Car,46.9,>30m,83.4,1,1
nuscenes_mini_subset,scene-0103_018,yaw,0.5,none,,4,Car,76.6,>30m,36.6,0,0
nuscenes_mini_subset,scene-0103_018,yaw,0.5,none,,5,Car,51.6,>30m,86.9,0,0
nuscenes_mini_subset,scene-0103_018,yaw,0.5,none,,6,Car,52.3,>30m,93.1,0,0
nuscenes_mini_subset,scene-0103_018,yaw,0.5,none,,7,Car,39.2,>30m,64.2,2,2
nuscenes_mini_subset,scene-0103_018,yaw,0.5,none,,8,Car,56.1,>30m,54.1,0,0
nuscenes_mini_subset,scene-0103_018,yaw,0.5,none,,9,Car,22.9,15-30m,233.2,38,38
nuscenes_mini_subset,scene-0103_018,yaw,0.5,none,,11,Car,63.8,>30m,55.2,0,0
nuscenes_mini_subset,scene-0103_018,yaw,0.5,none,,12,Car,8.4,0-15m,311.2,153,152
nuscenes_mini_subset,scene-0103_018,yaw,0.5,none,,14,Car,49.9,>30m,58.9,1,0
nuscenes_mini_subset,scene-0103_018,yaw,0.5,none,,15,Pedestrian,29.1,15-30m,36.0,1,0
nuscenes_mini_subset,scene-0103_018,yaw,0.5,none,,16,Truck,55.7,>30m,84.1,5,5
nuscenes_mini_subset,scene-0103_018,yaw,0.5,none,,17,Car,28.1,15-30m,194.7,7,6
nuscenes_mini_subset,scene-0103_018,yaw,0.5,none,,18,Car,17.9,15-30m,253.2,32,32
nuscenes_mini_subset,scene-0103_018,yaw,0.5,none,,19,Car,79.1,>30m,30.4,0,0
nuscenes_mini_subset,scene-0103_018,yaw,0.5,none,,20,Car,30.4,>30m,36.5,1,1
nuscenes_mini_subset,scene-0103_018,yaw,0.5,none,,21,Car,29.4,15-30m,162.0,2,2
nuscenes_mini_subset,scene-0103_018,yaw,0.5,none,,22,Car,44.1,>30m,82.5,0,0
nuscenes_mini_subset,scene-0103_018,yaw,1.0,none,,0,Car,54.1,>30m,95.7,0,0
nuscenes_mini_subset,scene-0103_018,yaw,1.0,none,,1,Car,47.8,>30m,24.0,0,0
nuscenes_mini_subset,scene-0103_018,yaw,1.0,none,,2,Car,13.4,0-15m,453.8,102,102
nuscenes_mini_subset,scene-0103_018,yaw,1.0,none,,3,Car,46.9,>30m,83.4,1,1
nuscenes_mini_subset,scene-0103_018,yaw,1.0,none,,4,Car,76.6,>30m,36.6,0,0
nuscenes_mini_subset,scene-0103_018,yaw,1.0,none,,5,Car,51.6,>30m,86.9,0,0
nuscenes_mini_subset,scene-0103_018,yaw,1.0,none,,6,Car,52.3,>30m,93.1,0,0
nuscenes_mini_subset,scene-0103_018,yaw,1.0,none,,7,Car,39.2,>30m,64.2,2,1
nuscenes_mini_subset,scene-0103_018,yaw,1.0,none,,8,Car,56.1,>30m,54.1,0,0
nuscenes_mini_subset,scene-0103_018,yaw,1.0,none,,9,Car,22.9,15-30m,233.2,38,37
nuscenes_mini_subset,scene-0103_018,yaw,1.0,none,,11,Car,63.8,>30m,55.2,0,0
nuscenes_mini_subset,scene-0103_018,yaw,1.0,none,,12,Car,8.4,0-15m,311.2,167,166
nuscenes_mini_subset,scene-0103_018,yaw,1.0,none,,14,Car,49.9,>30m,58.9,1,0
nuscenes_mini_subset,scene-0103_018,yaw,1.0,none,,15,Pedestrian,29.1,15-30m,36.0,1,0
nuscenes_mini_subset,scene-0103_018,yaw,1.0,none,,16,Truck,55.7,>30m,84.1,5,3
nuscenes_mini_subset,scene-0103_018,yaw,1.0,none,,17,Car,28.1,15-30m,194.7,7,5
nuscenes_mini_subset,scene-0103_018,yaw,1.0,none,,18,Car,17.9,15-30m,253.2,32,31
nuscenes_mini_subset,scene-0103_018,yaw,1.0,none,,19,Car,79.1,>30m,30.4,0,0
nuscenes_mini_subset,scene-0103_018,yaw,1.0,none,,20,Car,30.4,>30m,36.5,1,1
nuscenes_mini_subset,scene-0103_018,yaw,1.0,none,,21,Car,29.4,15-30m,162.0,2,2
nuscenes_mini_subset,scene-0103_018,yaw,1.0,none,,22,Car,44.1,>30m,82.5,0,0
nuscenes_mini_subset,scene-0103_018,yaw,2.0,none,,0,Car,54.1,>30m,95.7,0,0
nuscenes_mini_subset,scene-0103_018,yaw,2.0,none,,1,Car,47.8,>30m,24.0,1,1
nuscenes_mini_subset,scene-0103_018,yaw,2.0,none,,2,Car,13.4,0-15m,453.8,102,98
nuscenes_mini_subset,scene-0103_018,yaw,2.0,none,,3,Car,46.9,>30m,83.4,1,0
nuscenes_mini_subset,scene-0103_018,yaw,2.0,none,,4,Car,76.6,>30m,36.6,0,0
nuscenes_mini_subset,scene-0103_018,yaw,2.0,none,,5,Car,51.6,>30m,86.9,0,0
nuscenes_mini_subset,scene-0103_018,yaw,2.0,none,,6,Car,52.3,>30m,93.1,0,0
nuscenes_mini_subset,scene-0103_018,yaw,2.0,none,,7,Car,39.2,>30m,64.2,2,1
nuscenes_mini_subset,scene-0103_018,yaw,2.0,none,,8,Car,56.1,>30m,54.1,0,0
nuscenes_mini_subset,scene-0103_018,yaw,2.0,none,,9,Car,22.9,15-30m,233.2,38,34
nuscenes_mini_subset,scene-0103_018,yaw,2.0,none,,11,Car,63.8,>30m,55.2,0,0
nuscenes_mini_subset,scene-0103_018,yaw,2.0,none,,12,Car,8.4,0-15m,311.2,189,181
nuscenes_mini_subset,scene-0103_018,yaw,2.0,none,,14,Car,49.9,>30m,58.9,1,0
nuscenes_mini_subset,scene-0103_018,yaw,2.0,none,,15,Pedestrian,29.1,15-30m,36.0,1,0
nuscenes_mini_subset,scene-0103_018,yaw,2.0,none,,16,Truck,55.7,>30m,84.1,5,3
nuscenes_mini_subset,scene-0103_018,yaw,2.0,none,,17,Car,28.1,15-30m,194.7,7,5
nuscenes_mini_subset,scene-0103_018,yaw,2.0,none,,18,Car,17.9,15-30m,253.2,32,26
nuscenes_mini_subset,scene-0103_018,yaw,2.0,none,,19,Car,79.1,>30m,30.4,0,0
nuscenes_mini_subset,scene-0103_018,yaw,2.0,none,,20,Car,30.4,>30m,36.5,1,0
nuscenes_mini_subset,scene-0103_018,yaw,2.0,none,,21,Car,29.4,15-30m,162.0,2,1
nuscenes_mini_subset,scene-0103_018,yaw,2.0,none,,22,Car,44.1,>30m,82.5,0,0
nuscenes_mini_subset,scene-0103_019,yaw,0.0,none,,0,Car,53.3,>30m,98.0,0,0
nuscenes_mini_subset,scene-0103_019,yaw,0.0,none,,1,Car,47.0,>30m,11.9,0,0
nuscenes_mini_subset,scene-0103_019,yaw,0.0,none,,2,Car,15.3,15-30m,330.8,53,53
nuscenes_mini_subset,scene-0103_019,yaw,0.0,none,,3,Car,46.1,>30m,86.0,4,4
nuscenes_mini_subset,scene-0103_019,yaw,0.0,none,,4,Car,75.7,>30m,37.1,0,0
nuscenes_mini_subset,scene-0103_019,yaw,0.0,none,,5,Car,50.7,>30m,89.0,0,0
nuscenes_mini_subset,scene-0103_019,yaw,0.0,none,,6,Car,51.4,>30m,95.5,1,1
nuscenes_mini_subset,scene-0103_019,yaw,0.0,none,,7,Car,47.7,>30m,122.2,1,1
nuscenes_mini_subset,scene-0103_019,yaw,0.0,none,,8,Car,38.3,>30m,66.1,9,9
nuscenes_mini_subset,scene-0103_019,yaw,0.0,none,,9,Car,55.2,>30m,55.2,1,1
nuscenes_mini_subset,scene-0103_019,yaw,0.0,none,,10,Car,22.1,15-30m,249.5,31,31
nuscenes_mini_subset,scene-0103_019,yaw,0.0,none,,12,Car,62.9,>30m,56.2,1,1
nuscenes_mini_subset,scene-0103_019,yaw,0.0,none,,13,Car,7.6,0-15m,269.2,79,78
nuscenes_mini_subset,scene-0103_019,yaw,0.0,none,,15,Car,49.0,>30m,60.2,1,1
nuscenes_mini_subset,scene-0103_019,yaw,0.0,none,,16,Pedestrian,28.9,15-30m,36.9,3,3
nuscenes_mini_subset,scene-0103_019,yaw,0.0,none,,17,Truck,54.8,>30m,85.9,5,5
nuscenes_mini_subset,scene-0103_019,yaw,0.0,none,,18,Car,27.3,15-30m,197.9,7,7
nuscenes_mini_subset,scene-0103_019,yaw,0.0,none,,19,Car,16.5,15-30m,323.7,73,73
nuscenes_mini_subset,scene-0103_019,yaw,0.0,none,,20,Car,78.1,>30m,30.8,0,0
nuscenes_mini_subset,scene-0103_019,yaw,0.0,none,,21,Car,29.6,15-30m,14.9,0,0
nuscenes_mini_subset,scene-0103_019,yaw,0.0,none,,22,Car,28.5,15-30m,170.4,0,0
nuscenes_mini_subset,scene-0103_019,yaw,0.0,none,,23,Car,43.2,>30m,84.6,0,0
nuscenes_mini_subset,scene-0103_019,yaw,0.5,none,,0,Car,53.3,>30m,98.0,0,0
nuscenes_mini_subset,scene-0103_019,yaw,0.5,none,,1,Car,47.0,>30m,11.9,0,0
nuscenes_mini_subset,scene-0103_019,yaw,0.5,none,,2,Car,15.3,15-30m,330.8,53,53
nuscenes_mini_subset,scene-0103_019,yaw,0.5,none,,3,Car,46.1,>30m,86.0,4,4
nuscenes_mini_subset,scene-0103_019,yaw,0.5,none,,4,Car,75.7,>30m,37.1,0,0
nuscenes_mini_subset,scene-0103_019,yaw,0.5,none,,5,Car,50.7,>30m,89.0,0,0
nuscenes_mini_subset,scene-0103_019,yaw,0.5,none,,6,Car,51.4,>30m,95.5,1,1
nuscenes_mini_subset,scene-0103_019,yaw,0.5,none,,7,Car,47.7,>30m,122.2,1,1
nuscenes_mini_subset,scene-0103_019,yaw,0.5,none,,8,Car,38.3,>30m,66.1,9,9
nuscenes_mini_subset,scene-0103_019,yaw,0.5,none,,9,Car,55.2,>30m,55.2,1,0
nuscenes_mini_subset,scene-0103_019,yaw,0.5,none,,10,Car,22.1,15-30m,249.5,31,31
nuscenes_mini_subset,scene-0103_019,yaw,0.5,none,,12,Car,62.9,>30m,56.2,1,1
nuscenes_mini_subset,scene-0103_019,yaw,0.5,none,,13,Car,7.6,0-15m,269.2,90,90
nuscenes_mini_subset,scene-0103_019,yaw,0.5,none,,15,Car,49.0,>30m,60.2,1,1
nuscenes_mini_subset,scene-0103_019,yaw,0.5,none,,16,Pedestrian,28.9,15-30m,36.9,3,2
nuscenes_mini_subset,scene-0103_019,yaw,0.5,none,,17,Truck,54.8,>30m,85.9,5,5
nuscenes_mini_subset,scene-0103_019,yaw,0.5,none,,18,Car,27.3,15-30m,197.9,7,7
nuscenes_mini_subset,scene-0103_019,yaw,0.5,none,,19,Car,16.5,15-30m,323.7,73,73
nuscenes_mini_subset,scene-0103_019,yaw,0.5,none,,20,Car,78.1,>30m,30.8,0,0
nuscenes_mini_subset,scene-0103_019,yaw,0.5,none,,21,Car,29.6,15-30m,14.9,0,0
nuscenes_mini_subset,scene-0103_019,yaw,0.5,none,,22,Car,28.5,15-30m,170.4,0,0
nuscenes_mini_subset,scene-0103_019,yaw,0.5,none,,23,Car,43.2,>30m,84.6,0,0
nuscenes_mini_subset,scene-0103_019,yaw,1.0,none,,0,Car,53.3,>30m,98.0,0,0
nuscenes_mini_subset,scene-0103_019,yaw,1.0,none,,1,Car,47.0,>30m,11.9,0,0
nuscenes_mini_subset,scene-0103_019,yaw,1.0,none,,2,Car,15.3,15-30m,330.8,53,52
nuscenes_mini_subset,scene-0103_019,yaw,1.0,none,,3,Car,46.1,>30m,86.0,4,4
nuscenes_mini_subset,scene-0103_019,yaw,1.0,none,,4,Car,75.7,>30m,37.1,0,0
nuscenes_mini_subset,scene-0103_019,yaw,1.0,none,,5,Car,50.7,>30m,89.0,0,0
nuscenes_mini_subset,scene-0103_019,yaw,1.0,none,,6,Car,51.4,>30m,95.5,1,1
nuscenes_mini_subset,scene-0103_019,yaw,1.0,none,,7,Car,47.7,>30m,122.2,1,0
nuscenes_mini_subset,scene-0103_019,yaw,1.0,none,,8,Car,38.3,>30m,66.1,9,7
nuscenes_mini_subset,scene-0103_019,yaw,1.0,none,,9,Car,55.2,>30m,55.2,1,0
nuscenes_mini_subset,scene-0103_019,yaw,1.0,none,,10,Car,22.1,15-30m,249.5,31,30
nuscenes_mini_subset,scene-0103_019,yaw,1.0,none,,12,Car,62.9,>30m,56.2,1,1
nuscenes_mini_subset,scene-0103_019,yaw,1.0,none,,13,Car,7.6,0-15m,269.2,99,98
nuscenes_mini_subset,scene-0103_019,yaw,1.0,none,,15,Car,49.0,>30m,60.2,1,0
nuscenes_mini_subset,scene-0103_019,yaw,1.0,none,,16,Pedestrian,28.9,15-30m,36.9,3,0
nuscenes_mini_subset,scene-0103_019,yaw,1.0,none,,17,Truck,54.8,>30m,85.9,5,5
nuscenes_mini_subset,scene-0103_019,yaw,1.0,none,,18,Car,27.3,15-30m,197.9,7,5
nuscenes_mini_subset,scene-0103_019,yaw,1.0,none,,19,Car,16.5,15-30m,323.7,73,73
nuscenes_mini_subset,scene-0103_019,yaw,1.0,none,,20,Car,78.1,>30m,30.8,0,0
nuscenes_mini_subset,scene-0103_019,yaw,1.0,none,,21,Car,29.6,15-30m,14.9,0,0
nuscenes_mini_subset,scene-0103_019,yaw,1.0,none,,22,Car,28.5,15-30m,170.4,0,0
nuscenes_mini_subset,scene-0103_019,yaw,1.0,none,,23,Car,43.2,>30m,84.6,0,0
nuscenes_mini_subset,scene-0103_019,yaw,2.0,none,,0,Car,53.3,>30m,98.0,0,0
nuscenes_mini_subset,scene-0103_019,yaw,2.0,none,,1,Car,47.0,>30m,11.9,0,0
nuscenes_mini_subset,scene-0103_019,yaw,2.0,none,,2,Car,15.3,15-30m,330.8,53,50
nuscenes_mini_subset,scene-0103_019,yaw,2.0,none,,3,Car,46.1,>30m,86.0,4,2
nuscenes_mini_subset,scene-0103_019,yaw,2.0,none,,4,Car,75.7,>30m,37.1,0,0
nuscenes_mini_subset,scene-0103_019,yaw,2.0,none,,5,Car,50.7,>30m,89.0,0,0
nuscenes_mini_subset,scene-0103_019,yaw,2.0,none,,6,Car,51.4,>30m,95.5,1,1
nuscenes_mini_subset,scene-0103_019,yaw,2.0,none,,7,Car,47.7,>30m,122.2,1,0
nuscenes_mini_subset,scene-0103_019,yaw,2.0,none,,8,Car,38.3,>30m,66.1,9,4
nuscenes_mini_subset,scene-0103_019,yaw,2.0,none,,9,Car,55.2,>30m,55.2,1,0
nuscenes_mini_subset,scene-0103_019,yaw,2.0,none,,10,Car,22.1,15-30m,249.5,31,26
nuscenes_mini_subset,scene-0103_019,yaw,2.0,none,,12,Car,62.9,>30m,56.2,1,0
nuscenes_mini_subset,scene-0103_019,yaw,2.0,none,,13,Car,7.6,0-15m,269.2,122,116
nuscenes_mini_subset,scene-0103_019,yaw,2.0,none,,15,Car,49.0,>30m,60.2,1,0
nuscenes_mini_subset,scene-0103_019,yaw,2.0,none,,16,Pedestrian,28.9,15-30m,36.9,3,0
nuscenes_mini_subset,scene-0103_019,yaw,2.0,none,,17,Truck,54.8,>30m,85.9,5,3
nuscenes_mini_subset,scene-0103_019,yaw,2.0,none,,18,Car,27.3,15-30m,197.9,7,5
nuscenes_mini_subset,scene-0103_019,yaw,2.0,none,,19,Car,16.5,15-30m,323.7,73,69
nuscenes_mini_subset,scene-0103_019,yaw,2.0,none,,20,Car,78.1,>30m,30.8,0,0
nuscenes_mini_subset,scene-0103_019,yaw,2.0,none,,21,Car,29.6,15-30m,14.9,0,0
nuscenes_mini_subset,scene-0103_019,yaw,2.0,none,,22,Car,28.5,15-30m,170.4,0,0
nuscenes_mini_subset,scene-0103_019,yaw,2.0,none,,23,Car,43.2,>30m,84.6,0,0
nuscenes_mini_subset,scene-0103_020,yaw,0.0,none,,0,Car,52.3,>30m,101.2,0,0
nuscenes_mini_subset,scene-0103_020,yaw,0.0,none,,1,Pedestrian,56.6,>30m,13.5,1,1
nuscenes_mini_subset,scene-0103_020,yaw,0.0,none,,2,Car,17.4,15-30m,233.0,17,17
nuscenes_mini_subset,scene-0103_020,yaw,0.0,none,,3,Car,45.1,>30m,89.2,4,4
nuscenes_mini_subset,scene-0103_020,yaw,0.0,none,,4,Car,74.7,>30m,37.7,1,1
nuscenes_mini_subset,scene-0103_020,yaw,0.0,none,,5,Car,71.2,>30m,39.5,1,1
nuscenes_mini_subset,scene-0103_020,yaw,0.0,none,,6,Car,49.7,>30m,91.8,0,0
nuscenes_mini_subset,scene-0103_020,yaw,0.0,none,,7,Car,50.4,>30m,98.6,0,0
nuscenes_mini_subset,scene-0103_020,yaw,0.0,none,,8,Car,79.3,>30m,37.5,1,1
nuscenes_mini_subset,scene-0103_020,yaw,0.0,none,,9,Car,46.8,>30m,127.1,0,0
nuscenes_mini_subset,scene-0103_020,yaw,0.0,none,,10,Car,37.3,>30m,68.6,10,10
nuscenes_mini_subset,scene-0103_020,yaw,0.0,none,,11,Car,54.2,>30m,56.5,1,1
nuscenes_mini_subset,scene-0103_020,yaw,0.0,none,,12,Car,21.2,15-30m,269.4,24,24
nuscenes_mini_subset,scene-0103_020,yaw,0.0,none,,14,Car,61.9,>30m,57.4,1,1
nuscenes_mini_subset,scene-0103_020,yaw,0.0,none,,15,Car,6.8,0-15m,201.4,54,54
nuscenes_mini_subset,scene-0103_020,yaw,0.0,none,,17,Car,48.0,>30m,61.9,0,0
nuscenes_mini_subset,scene-0103_020,yaw,0.0,none,,18,Pedestrian,28.7,15-30m,37.2,3,3
nuscenes_mini_subset,scene-0103_020,yaw,0.0,none,,19,Truck,53.8,>30m,88.0,5,5
nuscenes_mini_subset,scene-0103_020,yaw,0.0,none,,20,Car,26.3,15-30m,172.4,3,3
nuscenes_mini_subset,scene-0103_020,yaw,0.0,none,,21,Car,15.1,15-30m,408.6,120,120
nuscenes_mini_subset,scene-0103_020,yaw,0.0,none,,22,Pedestrian,56.8,>30m,12.4,2,2
nuscenes_mini_subset,scene-0103_020,yaw,0.0,none,,23,Car,77.1,>30m,31.3,0,0
nuscenes_mini_subset,scene-0103_020,yaw,0.0,none,,24,Car,27.5,15-30m,180.3,0,0
nuscenes_mini_subset,scene-0103_020,yaw,0.0,none,,25,Car,42.2,>30m,87.2,0,0
nuscenes_mini_subset,scene-0103_020,yaw,0.5,none,,0,Car,52.3,>30m,101.2,0,0
nuscenes_mini_subset,scene-0103_020,yaw,0.5,none,,1,Pedestrian,56.6,>30m,13.5,1,0
nuscenes_mini_subset,scene-0103_020,yaw,0.5,none,,2,Car,17.4,15-30m,233.0,17,17
nuscenes_mini_subset,scene-0103_020,yaw,0.5,none,,3,Car,45.1,>30m,89.2,4,4
nuscenes_mini_subset,scene-0103_020,yaw,0.5,none,,4,Car,74.7,>30m,37.7,1,1
nuscenes_mini_subset,scene-0103_020,yaw,0.5,none,,5,Car,71.2,>30m,39.5,1,0
nuscenes_mini_subset,scene-0103_020,yaw,0.5,none,,6,Car,49.7,>30m,91.8,0,0
nuscenes_mini_subset,scene-0103_020,yaw,0.5,none,,7,Car,50.4,>30m,98.6,0,0
nuscenes_mini_subset,scene-0103_020,yaw,0.5,none,,8,Car,79.3,>30m,37.5,1,1
nuscenes_mini_subset,scene-0103_020,yaw,0.5,none,,9,Car,46.8,>30m,127.1,0,0
nuscenes_mini_subset,scene-0103_020,yaw,0.5,none,,10,Car,37.3,>30m,68.6,10,9
nuscenes_mini_subset,scene-0103_020,yaw,0.5,none,,11,Car,54.2,>30m,56.5,1,1
nuscenes_mini_subset,scene-0103_020,yaw,0.5,none,,12,Car,21.2,15-30m,269.4,24,24
nuscenes_mini_subset,scene-0103_020,yaw,0.5,none,,14,Car,61.9,>30m,57.4,1,1
nuscenes_mini_subset,scene-0103_020,yaw,0.5,none,,15,Car,6.8,0-15m,201.4,62,62
nuscenes_mini_subset,scene-0103_020,yaw,0.5,none,,17,Car,48.0,>30m,61.9,0,0
nuscenes_mini_subset,scene-0103_020,yaw,0.5,none,,18,Pedestrian,28.7,15-30m,37.2,3,2
nuscenes_mini_subset,scene-0103_020,yaw,0.5,none,,19,Truck,53.8,>30m,88.0,5,5
nuscenes_mini_subset,scene-0103_020,yaw,0.5,none,,20,Car,26.3,15-30m,172.4,3,3
nuscenes_mini_subset,scene-0103_020,yaw,0.5,none,,21,Car,15.1,15-30m,408.6,120,120
nuscenes_mini_subset,scene-0103_020,yaw,0.5,none,,22,Pedestrian,56.8,>30m,12.4,2,0
nuscenes_mini_subset,scene-0103_020,yaw,0.5,none,,23,Car,77.1,>30m,31.3,0,0
nuscenes_mini_subset,scene-0103_020,yaw,0.5,none,,24,Car,27.5,15-30m,180.3,0,0
nuscenes_mini_subset,scene-0103_020,yaw,0.5,none,,25,Car,42.2,>30m,87.2,0,0
nuscenes_mini_subset,scene-0103_020,yaw,1.0,none,,0,Car,52.3,>30m,101.2,0,0
nuscenes_mini_subset,scene-0103_020,yaw,1.0,none,,1,Pedestrian,56.6,>30m,13.5,1,0
nuscenes_mini_subset,scene-0103_020,yaw,1.0,none,,2,Car,17.4,15-30m,233.0,17,17
nuscenes_mini_subset,scene-0103_020,yaw,1.0,none,,3,Car,45.1,>30m,89.2,4,4
nuscenes_mini_subset,scene-0103_020,yaw,1.0,none,,4,Car,74.7,>30m,37.7,1,0
nuscenes_mini_subset,scene-0103_020,yaw,1.0,none,,5,Car,71.2,>30m,39.5,1,0
nuscenes_mini_subset,scene-0103_020,yaw,1.0,none,,6,Car,49.7,>30m,91.8,0,0
nuscenes_mini_subset,scene-0103_020,yaw,1.0,none,,7,Car,50.4,>30m,98.6,0,0
nuscenes_mini_subset,scene-0103_020,yaw,1.0,none,,8,Car,79.3,>30m,37.5,1,1
nuscenes_mini_subset,scene-0103_020,yaw,1.0,none,,9,Car,46.8,>30m,127.1,0,0
nuscenes_mini_subset,scene-0103_020,yaw,1.0,none,,10,Car,37.3,>30m,68.6,10,7
nuscenes_mini_subset,scene-0103_020,yaw,1.0,none,,11,Car,54.2,>30m,56.5,1,0
nuscenes_mini_subset,scene-0103_020,yaw,1.0,none,,12,Car,21.2,15-30m,269.4,24,23
nuscenes_mini_subset,scene-0103_020,yaw,1.0,none,,14,Car,61.9,>30m,57.4,1,1
nuscenes_mini_subset,scene-0103_020,yaw,1.0,none,,15,Car,6.8,0-15m,201.4,67,67
nuscenes_mini_subset,scene-0103_020,yaw,1.0,none,,17,Car,48.0,>30m,61.9,0,0
nuscenes_mini_subset,scene-0103_020,yaw,1.0,none,,18,Pedestrian,28.7,15-30m,37.2,3,1
nuscenes_mini_subset,scene-0103_020,yaw,1.0,none,,19,Truck,53.8,>30m,88.0,5,5
nuscenes_mini_subset,scene-0103_020,yaw,1.0,none,,20,Car,26.3,15-30m,172.4,3,3
nuscenes_mini_subset,scene-0103_020,yaw,1.0,none,,21,Car,15.1,15-30m,408.6,120,120
nuscenes_mini_subset,scene-0103_020,yaw,1.0,none,,22,Pedestrian,56.8,>30m,12.4,2,0
nuscenes_mini_subset,scene-0103_020,yaw,1.0,none,,23,Car,77.1,>30m,31.3,0,0
nuscenes_mini_subset,scene-0103_020,yaw,1.0,none,,24,Car,27.5,15-30m,180.3,0,0
nuscenes_mini_subset,scene-0103_020,yaw,1.0,none,,25,Car,42.2,>30m,87.2,0,0
nuscenes_mini_subset,scene-0103_020,yaw,2.0,none,,0,Car,52.3,>30m,101.2,0,0
nuscenes_mini_subset,scene-0103_020,yaw,2.0,none,,1,Pedestrian,56.6,>30m,13.5,1,0
nuscenes_mini_subset,scene-0103_020,yaw,2.0,none,,2,Car,17.4,15-30m,233.0,17,15
nuscenes_mini_subset,scene-0103_020,yaw,2.0,none,,3,Car,45.1,>30m,89.2,4,2
nuscenes_mini_subset,scene-0103_020,yaw,2.0,none,,4,Car,74.7,>30m,37.7,1,0
nuscenes_mini_subset,scene-0103_020,yaw,2.0,none,,5,Car,71.2,>30m,39.5,1,0
nuscenes_mini_subset,scene-0103_020,yaw,2.0,none,,6,Car,49.7,>30m,91.8,0,0
nuscenes_mini_subset,scene-0103_020,yaw,2.0,none,,7,Car,50.4,>30m,98.6,0,0
nuscenes_mini_subset,scene-0103_020,yaw,2.0,none,,8,Car,79.3,>30m,37.5,1,0
nuscenes_mini_subset,scene-0103_020,yaw,2.0,none,,9,Car,46.8,>30m,127.1,0,0
nuscenes_mini_subset,scene-0103_020,yaw,2.0,none,,10,Car,37.3,>30m,68.6,10,4
nuscenes_mini_subset,scene-0103_020,yaw,2.0,none,,11,Car,54.2,>30m,56.5,1,0
nuscenes_mini_subset,scene-0103_020,yaw,2.0,none,,12,Car,21.2,15-30m,269.4,24,18
nuscenes_mini_subset,scene-0103_020,yaw,2.0,none,,14,Car,61.9,>30m,57.4,1,0
nuscenes_mini_subset,scene-0103_020,yaw,2.0,none,,15,Car,6.8,0-15m,201.4,85,80
nuscenes_mini_subset,scene-0103_020,yaw,2.0,none,,17,Car,48.0,>30m,61.9,0,0
nuscenes_mini_subset,scene-0103_020,yaw,2.0,none,,18,Pedestrian,28.7,15-30m,37.2,3,0
nuscenes_mini_subset,scene-0103_020,yaw,2.0,none,,19,Truck,53.8,>30m,88.0,5,3
nuscenes_mini_subset,scene-0103_020,yaw,2.0,none,,20,Car,26.3,15-30m,172.4,3,3
nuscenes_mini_subset,scene-0103_020,yaw,2.0,none,,21,Car,15.1,15-30m,408.6,120,116
nuscenes_mini_subset,scene-0103_020,yaw,2.0,none,,22,Pedestrian,56.8,>30m,12.4,2,0
nuscenes_mini_subset,scene-0103_020,yaw,2.0,none,,23,Car,77.1,>30m,31.3,0,0
nuscenes_mini_subset,scene-0103_020,yaw,2.0,none,,24,Car,27.5,15-30m,180.3,0,0
nuscenes_mini_subset,scene-0103_020,yaw,2.0,none,,25,Car,42.2,>30m,87.2,0,0
nuscenes_mini_subset,scene-0103_021,yaw,0.0,none,,0,Car,51.1,>30m,105.6,0,0
nuscenes_mini_subset,scene-0103_021,yaw,0.0,none,,1,Pedestrian,56.1,>30m,13.7,1,1
nuscenes_mini_subset,scene-0103_021,yaw,0.0,none,,2,Car,19.2,15-30m,159.5,24,24
nuscenes_mini_subset,scene-0103_021,yaw,0.0,none,,3,Car,43.9,>30m,93.8,3,3
nuscenes_mini_subset,scene-0103_021,yaw,0.0,none,,4,Car,73.3,>30m,38.6,0,0
nuscenes_mini_subset,scene-0103_021,yaw,0.0,none,,5,Car,69.8,>30m,40.5,0,0
nuscenes_mini_subset,scene-0103_021,yaw,0.0,none,,6,Car,48.4,>30m,95.7,1,1
nuscenes_mini_subset,scene-0103_021,yaw,0.0,none,,7,Car,49.1,>30m,103.0,1,1
nuscenes_mini_subset,scene-0103_021,yaw,0.0,none,,8,Car,78.0,>30m,38.3,0,0
nuscenes_mini_subset,scene-0103_021,yaw,0.0,none,,9,Car,45.6,>30m,134.0,0,0
nuscenes_mini_subset,scene-0103_021,yaw,0.0,none,,10,Car,35.9,>30m,72.0,10,10
nuscenes_mini_subset,scene-0103_021,yaw,0.0,none,,11,Car,52.8,>30m,58.3,1,1
nuscenes_mini_subset,scene-0103_021,yaw,0.0,none,,12,Car,20.1,15-30m,298.8,14,14
nuscenes_mini_subset,scene-0103_021,yaw,0.0,none,,14,Car,60.6,>30m,58.9,1,1
nuscenes_mini_subset,scene-0103_021,yaw,0.0,none,,15,Pedestrian,41.0,>30m,25.8,2,2
nuscenes_mini_subset,scene-0103_021,yaw,0.0,none,,16,Car,5.8,0-15m,79.0,5,4
nuscenes_mini_subset,scene-0103_021,yaw,0.0,none,,19,Car,46.6,>30m,64.2,0,0
nuscenes_mini_subset,scene-0103_021,yaw,0.0,none,,20,Pedestrian,28.2,15-30m,38.2,3,3
nuscenes_mini_subset,scene-0103_021,yaw,0.0,none,,21,Truck,52.4,>30m,90.9,6,6
nuscenes_mini_subset,scene-0103_021,yaw,0.0,none,,22,Car,25.2,15-30m,136.8,4,4
nuscenes_mini_subset,scene-0103_021,yaw,0.0,none,,23,Car,13.6,0-15m,497.6,154,154
nuscenes_mini_subset,scene-0103_021,yaw,0.0,none,,24,Pedestrian,56.2,>30m,12.6,2,2
nuscenes_mini_subset,scene-0103_021,yaw,0.0,none,,25,Car,75.8,>30m,32.0,0,0
nuscenes_mini_subset,scene-0103_021,yaw,0.0,none,,26,Car,26.2,15-30m,195.1,1,1
nuscenes_mini_subset,scene-0103_021,yaw,0.0,none,,27,Car,40.8,>30m,90.9,0,0
nuscenes_mini_subset,scene-0103_021,yaw,0.5,none,,0,Car,51.1,>30m,105.6,0,0
nuscenes_mini_subset,scene-0103_021,yaw,0.5,none,,1,Pedestrian,56.1,>30m,13.7,1,0
nuscenes_mini_subset,scene-0103_021,yaw,0.5,none,,2,Car,19.2,15-30m,159.5,24,24
nuscenes_mini_subset,scene-0103_021,yaw,0.5,none,,3,Car,43.9,>30m,93.8,3,3
nuscenes_mini_subset,scene-0103_021,yaw,0.5,none,,4,Car,73.3,>30m,38.6,0,0
nuscenes_mini_subset,scene-0103_021,yaw,0.5,none,,5,Car,69.8,>30m,40.5,0,0
nuscenes_mini_subset,scene-0103_021,yaw,0.5,none,,6,Car,48.4,>30m,95.7,1,1
nuscenes_mini_subset,scene-0103_021,yaw,0.5,none,,7,Car,49.1,>30m,103.0,1,1
nuscenes_mini_subset,scene-0103_021,yaw,0.5,none,,8,Car,78.0,>30m,38.3,0,0
nuscenes_mini_subset,scene-0103_021,yaw,0.5,none,,9,Car,45.6,>30m,134.0,0,0
nuscenes_mini_subset,scene-0103_021,yaw,0.5,none,,10,Car,35.9,>30m,72.0,10,9
nuscenes_mini_subset,scene-0103_021,yaw,0.5,none,,11,Car,52.8,>30m,58.3,1,1
nuscenes_mini_subset,scene-0103_021,yaw,0.5,none,,12,Car,20.1,15-30m,298.8,14,14
nuscenes_mini_subset,scene-0103_021,yaw,0.5,none,,14,Car,60.6,>30m,58.9,1,1
nuscenes_mini_subset,scene-0103_021,yaw,0.5,none,,15,Pedestrian,41.0,>30m,25.8,2,2
nuscenes_mini_subset,scene-0103_021,yaw,0.5,none,,16,Car,5.8,0-15m,79.0,10,10
nuscenes_mini_subset,scene-0103_021,yaw,0.5,none,,19,Car,46.6,>30m,64.2,0,0
nuscenes_mini_subset,scene-0103_021,yaw,0.5,none,,20,Pedestrian,28.2,15-30m,38.2,3,2
nuscenes_mini_subset,scene-0103_021,yaw,0.5,none,,21,Truck,52.4,>30m,90.9,6,6
nuscenes_mini_subset,scene-0103_021,yaw,0.5,none,,22,Car,25.2,15-30m,136.8,5,5
nuscenes_mini_subset,scene-0103_021,yaw,0.5,none,,23,Car,13.6,0-15m,497.6,154,154
nuscenes_mini_subset,scene-0103_021,yaw,0.5,none,,24,Pedestrian,56.2,>30m,12.6,2,0
nuscenes_mini_subset,scene-0103_021,yaw,0.5,none,,25,Car,75.8,>30m,32.0,0,0
nuscenes_mini_subset,scene-0103_021,yaw,0.5,none,,26,Car,26.2,15-30m,195.1,1,1
nuscenes_mini_subset,scene-0103_021,yaw,0.5,none,,27,Car,40.8,>30m,90.9,0,0
nuscenes_mini_subset,scene-0103_021,yaw,1.0,none,,0,Car,51.1,>30m,105.6,0,0
nuscenes_mini_subset,scene-0103_021,yaw,1.0,none,,1,Pedestrian,56.1,>30m,13.7,1,0
nuscenes_mini_subset,scene-0103_021,yaw,1.0,none,,2,Car,19.2,15-30m,159.5,24,21
nuscenes_mini_subset,scene-0103_021,yaw,1.0,none,,3,Car,43.9,>30m,93.8,3,3
nuscenes_mini_subset,scene-0103_021,yaw,1.0,none,,4,Car,73.3,>30m,38.6,0,0
nuscenes_mini_subset,scene-0103_021,yaw,1.0,none,,5,Car,69.8,>30m,40.5,0,0
nuscenes_mini_subset,scene-0103_021,yaw,1.0,none,,6,Car,48.4,>30m,95.7,1,1
nuscenes_mini_subset,scene-0103_021,yaw,1.0,none,,7,Car,49.1,>30m,103.0,1,1
nuscenes_mini_subset,scene-0103_021,yaw,1.0,none,,8,Car,78.0,>30m,38.3,0,0
nuscenes_mini_subset,scene-0103_021,yaw,1.0,none,,9,Car,45.6,>30m,134.0,0,0
nuscenes_mini_subset,scene-0103_021,yaw,1.0,none,,10,Car,35.9,>30m,72.0,10,7
nuscenes_mini_subset,scene-0103_021,yaw,1.0,none,,11,Car,52.8,>30m,58.3,1,0
nuscenes_mini_subset,scene-0103_021,yaw,1.0,none,,12,Car,20.1,15-30m,298.8,14,12
nuscenes_mini_subset,scene-0103_021,yaw,1.0,none,,14,Car,60.6,>30m,58.9,1,1
nuscenes_mini_subset,scene-0103_021,yaw,1.0,none,,15,Pedestrian,41.0,>30m,25.8,2,0
nuscenes_mini_subset,scene-0103_021,yaw,1.0,none,,16,Car,5.8,0-15m,79.0,15,15
nuscenes_mini_subset,scene-0103_021,yaw,1.0,none,,19,Car,46.6,>30m,64.2,0,0
nuscenes_mini_subset,scene-0103_021,yaw,1.0,none,,20,Pedestrian,28.2,15-30m,38.2,3,1
nuscenes_mini_subset,scene-0103_021,yaw,1.0,none,,21,Truck,52.4,>30m,90.9,6,6
nuscenes_mini_subset,scene-0103_021,yaw,1.0,none,,22,Car,25.2,15-30m,136.8,5,5
nuscenes_mini_subset,scene-0103_021,yaw,1.0,none,,23,Car,13.6,0-15m,497.6,154,153
nuscenes_mini_subset,scene-0103_021,yaw,1.0,none,,24,Pedestrian,56.2,>30m,12.6,2,0
nuscenes_mini_subset,scene-0103_021,yaw,1.0,none,,25,Car,75.8,>30m,32.0,0,0
nuscenes_mini_subset,scene-0103_021,yaw,1.0,none,,26,Car,26.2,15-30m,195.1,1,1
nuscenes_mini_subset,scene-0103_021,yaw,1.0,none,,27,Car,40.8,>30m,90.9,0,0
nuscenes_mini_subset,scene-0103_021,yaw,2.0,none,,0,Car,51.1,>30m,105.6,0,0
nuscenes_mini_subset,scene-0103_021,yaw,2.0,none,,1,Pedestrian,56.1,>30m,13.7,1,0
nuscenes_mini_subset,scene-0103_021,yaw,2.0,none,,2,Car,19.2,15-30m,159.5,24,17
nuscenes_mini_subset,scene-0103_021,yaw,2.0,none,,3,Car,43.9,>30m,93.8,3,2
nuscenes_mini_subset,scene-0103_021,yaw,2.0,none,,4,Car,73.3,>30m,38.6,0,0
nuscenes_mini_subset,scene-0103_021,yaw,2.0,none,,5,Car,69.8,>30m,40.5,0,0
nuscenes_mini_subset,scene-0103_021,yaw,2.0,none,,6,Car,48.4,>30m,95.7,1,1
nuscenes_mini_subset,scene-0103_021,yaw,2.0,none,,7,Car,49.1,>30m,103.0,1,1
nuscenes_mini_subset,scene-0103_021,yaw,2.0,none,,8,Car,78.0,>30m,38.3,0,0
nuscenes_mini_subset,scene-0103_021,yaw,2.0,none,,9,Car,45.6,>30m,134.0,0,0
nuscenes_mini_subset,scene-0103_021,yaw,2.0,none,,10,Car,35.9,>30m,72.0,10,4
nuscenes_mini_subset,scene-0103_021,yaw,2.0,none,,11,Car,52.8,>30m,58.3,1,0
nuscenes_mini_subset,scene-0103_021,yaw,2.0,none,,12,Car,20.1,15-30m,298.8,14,9
nuscenes_mini_subset,scene-0103_021,yaw,2.0,none,,14,Car,60.6,>30m,58.9,1,0
nuscenes_mini_subset,scene-0103_021,yaw,2.0,none,,15,Pedestrian,41.0,>30m,25.8,2,0
nuscenes_mini_subset,scene-0103_021,yaw,2.0,none,,16,Car,5.8,0-15m,79.0,26,25
nuscenes_mini_subset,scene-0103_021,yaw,2.0,none,,19,Car,46.6,>30m,64.2,0,0
nuscenes_mini_subset,scene-0103_021,yaw,2.0,none,,20,Pedestrian,28.2,15-30m,38.2,3,0
nuscenes_mini_subset,scene-0103_021,yaw,2.0,none,,21,Truck,52.4,>30m,90.9,6,4
nuscenes_mini_subset,scene-0103_021,yaw,2.0,none,,22,Car,25.2,15-30m,136.8,6,6
nuscenes_mini_subset,scene-0103_021,yaw,2.0,none,,23,Car,13.6,0-15m,497.6,154,150
nuscenes_mini_subset,scene-0103_021,yaw,2.0,none,,24,Pedestrian,56.2,>30m,12.6,2,0
nuscenes_mini_subset,scene-0103_021,yaw,2.0,none,,25,Car,75.8,>30m,32.0,0,0
nuscenes_mini_subset,scene-0103_021,yaw,2.0,none,,26,Car,26.2,15-30m,195.1,1,1
nuscenes_mini_subset,scene-0103_021,yaw,2.0,none,,27,Car,40.8,>30m,90.9,0,0
nuscenes_mini_subset,scene-0103_022,yaw,0.0,none,,0,Car,49.8,>30m,110.3,0,0
nuscenes_mini_subset,scene-0103_022,yaw,0.0,none,,1,Pedestrian,55.5,>30m,13.8,2,2
nuscenes_mini_subset,scene-0103_022,yaw,0.0,none,,2,Car,21.1,15-30m,132.3,7,7
nuscenes_mini_subset,scene-0103_022,yaw,0.0,none,,3,Car,42.6,>30m,98.9,4,4
nuscenes_mini_subset,scene-0103_022,yaw,0.0,none,,4,Car,72.0,>30m,39.5,0,0
nuscenes_mini_subset,scene-0103_022,yaw,0.0,none,,5,Car,68.5,>30m,41.5,0,0
nuscenes_mini_subset,scene-0103_022,yaw,0.0,none,,6,Car,47.0,>30m,99.8,1,1
nuscenes_mini_subset,scene-0103_022,yaw,0.0,none,,7,Car,47.8,>30m,107.7,2,2
nuscenes_mini_subset,scene-0103_022,yaw,0.0,none,,8,Car,76.6,>30m,39.1,0,0
nuscenes_mini_subset,scene-0103_022,yaw,0.0,none,,9,Car,44.4,>30m,140.3,2,2
nuscenes_mini_subset,scene-0103_022,yaw,0.0,none,,10,Car,34.6,>30m,75.8,10,10
nuscenes_mini_subset,scene-0103_022,yaw,0.0,none,,11,Car,51.4,>30m,60.3,1,1
nuscenes_mini_subset,scene-0103_022,yaw,0.0,none,,12,Car,19.0,15-30m,317.9,3,3
nuscenes_mini_subset,scene-0103_022,yaw,0.0,none,,14,Car,59.2,>30m,60.7,0,0
nuscenes_mini_subset,scene-0103_022,yaw,0.0,none,,15,Pedestrian,40.2,>30m,26.8,1,1
nuscenes_mini_subset,scene-0103_022,yaw,0.0,none,,18,Car,45.3,>30m,66.7,0,0
nuscenes_mini_subset,scene-0103_022,yaw,0.0,none,,19,Pedestrian,27.7,15-30m,38.6,3,3
nuscenes_mini_subset,scene-0103_022,yaw,0.0,none,,20,Truck,51.0,>30m,94.2,7,7
nuscenes_mini_subset,scene-0103_022,yaw,0.0,none,,21,Car,24.0,15-30m,98.4,1,1
nuscenes_mini_subset,scene-0103_022,yaw,0.0,none,,22,Car,12.1,0-15m,491.4,163,163
nuscenes_mini_subset,scene-0103_022,yaw,0.0,none,,23,Pedestrian,55.5,>30m,12.7,1,1
nuscenes_mini_subset,scene-0103_022,yaw,0.0,none,,24,Car,74.4,>30m,32.7,0,0
nuscenes_mini_subset,scene-0103_022,yaw,0.0,none,,25,Car,24.9,15-30m,212.3,0,0
nuscenes_mini_subset,scene-0103_022,yaw,0.0,none,,26,Car,39.5,>30m,95.0,1,1
nuscenes_mini_subset,scene-0103_022,yaw,0.5,none,,0,Car,49.8,>30m,110.3,0,0
nuscenes_mini_subset,scene-0103_022,yaw,0.5,none,,1,Pedestrian,55.5,>30m,13.8,2,0
nuscenes_mini_subset,scene-0103_022,yaw,0.5,none,,2,Car,21.1,15-30m,132.3,7,7
nuscenes_mini_subset,scene-0103_022,yaw,0.5,none,,3,Car,42.6,>30m,98.9,4,4
nuscenes_mini_subset,scene-0103_022,yaw,0.5,none,,4,Car,72.0,>30m,39.5,0,0
nuscenes_mini_subset,scene-0103_022,yaw,0.5,none,,5,Car,68.5,>30m,41.5,0,0
nuscenes_mini_subset,scene-0103_022,yaw,0.5,none,,6,Car,47.0,>30m,99.8,1,1
nuscenes_mini_subset,scene-0103_022,yaw,0.5,none,,7,Car,47.8,>30m,107.7,2,2
nuscenes_mini_subset,scene-0103_022,yaw,0.5,none,,8,Car,76.6,>30m,39.1,0,0
nuscenes_mini_subset,scene-0103_022,yaw,0.5,none,,9,Car,44.4,>30m,140.3,2,2
nuscenes_mini_subset,scene-0103_022,yaw,0.5,none,,10,Car,34.6,>30m,75.8,10,10
nuscenes_mini_subset,scene-0103_022,yaw,0.5,none,,11,Car,51.4,>30m,60.3,1,1
nuscenes_mini_subset,scene-0103_022,yaw,0.5,none,,12,Car,19.0,15-30m,317.9,3,3
nuscenes_mini_subset,scene-0103_022,yaw,0.5,none,,14,Car,59.2,>30m,60.7,0,0
nuscenes_mini_subset,scene-0103_022,yaw,0.5,none,,15,Pedestrian,40.2,>30m,26.8,1,1
nuscenes_mini_subset,scene-0103_022,yaw,0.5,none,,18,Car,45.3,>30m,66.7,0,0
nuscenes_mini_subset,scene-0103_022,yaw,0.5,none,,19,Pedestrian,27.7,15-30m,38.6,3,2
nuscenes_mini_subset,scene-0103_022,yaw,0.5,none,,20,Truck,51.0,>30m,94.2,7,7
nuscenes_mini_subset,scene-0103_022,yaw,0.5,none,,21,Car,24.0,15-30m,98.4,1,1
nuscenes_mini_subset,scene-0103_022,yaw,0.5,none,,22,Car,12.1,0-15m,491.4,159,159
nuscenes_mini_subset,scene-0103_022,yaw,0.5,none,,23,Pedestrian,55.5,>30m,12.7,1,0
nuscenes_mini_subset,scene-0103_022,yaw,0.5,none,,24,Car,74.4,>30m,32.7,0,0
nuscenes_mini_subset,scene-0103_022,yaw,0.5,none,,25,Car,24.9,15-30m,212.3,0,0
nuscenes_mini_subset,scene-0103_022,yaw,0.5,none,,26,Car,39.5,>30m,95.0,1,1
nuscenes_mini_subset,scene-0103_022,yaw,1.0,none,,0,Car,49.8,>30m,110.3,0,0
nuscenes_mini_subset,scene-0103_022,yaw,1.0,none,,1,Pedestrian,55.5,>30m,13.8,2,0
nuscenes_mini_subset,scene-0103_022,yaw,1.0,none,,2,Car,21.1,15-30m,132.3,7,6
nuscenes_mini_subset,scene-0103_022,yaw,1.0,none,,3,Car,42.6,>30m,98.9,4,4
nuscenes_mini_subset,scene-0103_022,yaw,1.0,none,,4,Car,72.0,>30m,39.5,0,0
nuscenes_mini_subset,scene-0103_022,yaw,1.0,none,,5,Car,68.5,>30m,41.5,0,0
nuscenes_mini_subset,scene-0103_022,yaw,1.0,none,,6,Car,47.0,>30m,99.8,1,1
nuscenes_mini_subset,scene-0103_022,yaw,1.0,none,,7,Car,47.8,>30m,107.7,2,2
nuscenes_mini_subset,scene-0103_022,yaw,1.0,none,,8,Car,76.6,>30m,39.1,0,0
nuscenes_mini_subset,scene-0103_022,yaw,1.0,none,,9,Car,44.4,>30m,140.3,2,1
nuscenes_mini_subset,scene-0103_022,yaw,1.0,none,,10,Car,34.6,>30m,75.8,10,7
nuscenes_mini_subset,scene-0103_022,yaw,1.0,none,,11,Car,51.4,>30m,60.3,1,0
nuscenes_mini_subset,scene-0103_022,yaw,1.0,none,,12,Car,19.0,15-30m,317.9,3,3
nuscenes_mini_subset,scene-0103_022,yaw,1.0,none,,14,Car,59.2,>30m,60.7,0,0
nuscenes_mini_subset,scene-0103_022,yaw,1.0,none,,15,Pedestrian,40.2,>30m,26.8,1,0
nuscenes_mini_subset,scene-0103_022,yaw,1.0,none,,18,Car,45.3,>30m,66.7,0,0
nuscenes_mini_subset,scene-0103_022,yaw,1.0,none,,19,Pedestrian,27.7,15-30m,38.6,3,1
nuscenes_mini_subset,scene-0103_022,yaw,1.0,none,,20,Truck,51.0,>30m,94.2,7,7
nuscenes_mini_subset,scene-0103_022,yaw,1.0,none,,21,Car,24.0,15-30m,98.4,1,0
nuscenes_mini_subset,scene-0103_022,yaw,1.0,none,,22,Car,12.1,0-15m,491.4,156,156
nuscenes_mini_subset,scene-0103_022,yaw,1.0,none,,23,Pedestrian,55.5,>30m,12.7,1,0
nuscenes_mini_subset,scene-0103_022,yaw,1.0,none,,24,Car,74.4,>30m,32.7,0,0
nuscenes_mini_subset,scene-0103_022,yaw,1.0,none,,25,Car,24.9,15-30m,212.3,0,0
nuscenes_mini_subset,scene-0103_022,yaw,1.0,none,,26,Car,39.5,>30m,95.0,1,0
nuscenes_mini_subset,scene-0103_022,yaw,2.0,none,,0,Car,49.8,>30m,110.3,0,0
nuscenes_mini_subset,scene-0103_022,yaw,2.0,none,,1,Pedestrian,55.5,>30m,13.8,2,0
nuscenes_mini_subset,scene-0103_022,yaw,2.0,none,,2,Car,21.1,15-30m,132.3,7,6
nuscenes_mini_subset,scene-0103_022,yaw,2.0,none,,3,Car,42.6,>30m,98.9,4,4
nuscenes_mini_subset,scene-0103_022,yaw,2.0,none,,4,Car,72.0,>30m,39.5,0,0
nuscenes_mini_subset,scene-0103_022,yaw,2.0,none,,5,Car,68.5,>30m,41.5,0,0
nuscenes_mini_subset,scene-0103_022,yaw,2.0,none,,6,Car,47.0,>30m,99.8,1,1
nuscenes_mini_subset,scene-0103_022,yaw,2.0,none,,7,Car,47.8,>30m,107.7,2,2
nuscenes_mini_subset,scene-0103_022,yaw,2.0,none,,8,Car,76.6,>30m,39.1,0,0
nuscenes_mini_subset,scene-0103_022,yaw,2.0,none,,9,Car,44.4,>30m,140.3,2,1
nuscenes_mini_subset,scene-0103_022,yaw,2.0,none,,10,Car,34.6,>30m,75.8,10,4
nuscenes_mini_subset,scene-0103_022,yaw,2.0,none,,11,Car,51.4,>30m,60.3,1,0
nuscenes_mini_subset,scene-0103_022,yaw,2.0,none,,12,Car,19.0,15-30m,317.9,1,1
nuscenes_mini_subset,scene-0103_022,yaw,2.0,none,,14,Car,59.2,>30m,60.7,0,0
nuscenes_mini_subset,scene-0103_022,yaw,2.0,none,,15,Pedestrian,40.2,>30m,26.8,1,0
nuscenes_mini_subset,scene-0103_022,yaw,2.0,none,,18,Car,45.3,>30m,66.7,0,0
nuscenes_mini_subset,scene-0103_022,yaw,2.0,none,,19,Pedestrian,27.7,15-30m,38.6,3,0
nuscenes_mini_subset,scene-0103_022,yaw,2.0,none,,20,Truck,51.0,>30m,94.2,7,6
nuscenes_mini_subset,scene-0103_022,yaw,2.0,none,,21,Car,24.0,15-30m,98.4,2,1
nuscenes_mini_subset,scene-0103_022,yaw,2.0,none,,22,Car,12.1,0-15m,491.4,148,148
nuscenes_mini_subset,scene-0103_022,yaw,2.0,none,,23,Pedestrian,55.5,>30m,12.7,1,0
nuscenes_mini_subset,scene-0103_022,yaw,2.0,none,,24,Car,74.4,>30m,32.7,0,0
nuscenes_mini_subset,scene-0103_022,yaw,2.0,none,,25,Car,24.9,15-30m,212.3,0,0
nuscenes_mini_subset,scene-0103_022,yaw,2.0,none,,26,Car,39.5,>30m,95.0,1,0
nuscenes_mini_subset,scene-0103_023,yaw,0.0,none,,0,Car,48.3,>30m,116.5,0,0
nuscenes_mini_subset,scene-0103_023,yaw,0.0,none,,1,Pedestrian,54.6,>30m,13.9,1,1
nuscenes_mini_subset,scene-0103_023,yaw,0.0,none,,2,Car,23.7,15-30m,116.4,10,10
nuscenes_mini_subset,scene-0103_023,yaw,0.0,none,,3,Car,41.0,>30m,105.6,3,3
nuscenes_mini_subset,scene-0103_023,yaw,0.0,none,,4,Car,70.3,>30m,40.6,0,0
nuscenes_mini_subset,scene-0103_023,yaw,0.0,none,,5,Car,66.8,>30m,42.7,1,1
nuscenes_mini_subset,scene-0103_023,yaw,0.0,none,,6,Car,45.5,>30m,105.3,0,0
nuscenes_mini_subset,scene-0103_023,yaw,0.0,none,,7,Car,46.3,>30m,113.8,0,0
nuscenes_mini_subset,scene-0103_023,yaw,0.0,none,,8,Car,75.0,>30m,40.2,0,0
nuscenes_mini_subset,scene-0103_023,yaw,0.0,none,,9,Car,42.9,>30m,113.9,2,2
nuscenes_mini_subset,scene-0103_023,yaw,0.0,none,,10,Car,32.9,>30m,81.0,10,10
nuscenes_mini_subset,scene-0103_023,yaw,0.0,none,,11,Car,49.8,>30m,62.8,0,0
nuscenes_mini_subset,scene-0103_023,yaw,0.0,none,,12,Car,17.5,15-30m,267.0,0,0
nuscenes_mini_subset,scene-0103_023,yaw,0.0,none,,14,Car,57.5,>30m,62.8,0,0
nuscenes_mini_subset,scene-0103_023,yaw,0.0,none,,15,Pedestrian,39.2,>30m,27.8,1,1
nuscenes_mini_subset,scene-0103_023,yaw,0.0,none,,18,Car,43.6,>30m,70.0,0,0
nuscenes_mini_subset,scene-0103_023,yaw,0.0,none,,19,Pedestrian,26.8,15-30m,39.5,6,6
nuscenes_mini_subset,scene-0103_023,yaw,0.0,none,,20,Truck,49.4,>30m,98.3,7,7
nuscenes_mini_subset,scene-0103_023,yaw,0.0,none,,21,Car,22.6,15-30m,45.6,2,2
nuscenes_mini_subset,scene-0103_023,yaw,0.0,none,,22,Car,10.6,0-15m,410.8,181,181
nuscenes_mini_subset,scene-0103_023,yaw,0.0,none,,23,Pedestrian,54.6,>30m,13.0,0,0
nuscenes_mini_subset,scene-0103_023,yaw,0.0,none,,24,Car,72.7,>30m,33.5,0,0
nuscenes_mini_subset,scene-0103_023,yaw,0.0,none,,25,Car,23.3,15-30m,236.7,5,5
nuscenes_mini_subset,scene-0103_023,yaw,0.0,none,,26,Car,37.8,>30m,100.4,0,0
nuscenes_mini_subset,scene-0103_023,yaw,0.5,none,,0,Car,48.3,>30m,116.5,0,0
nuscenes_mini_subset,scene-0103_023,yaw,0.5,none,,1,Pedestrian,54.6,>30m,13.9,1,0
nuscenes_mini_subset,scene-0103_023,yaw,0.5,none,,2,Car,23.7,15-30m,116.4,10,10
nuscenes_mini_subset,scene-0103_023,yaw,0.5,none,,3,Car,41.0,>30m,105.6,3,3
nuscenes_mini_subset,scene-0103_023,yaw,0.5,none,,4,Car,70.3,>30m,40.6,0,0
nuscenes_mini_subset,scene-0103_023,yaw,0.5,none,,5,Car,66.8,>30m,42.7,1,0
nuscenes_mini_subset,scene-0103_023,yaw,0.5,none,,6,Car,45.5,>30m,105.3,0,0
nuscenes_mini_subset,scene-0103_023,yaw,0.5,none,,7,Car,46.3,>30m,113.8,0,0
nuscenes_mini_subset,scene-0103_023,yaw,0.5,none,,8,Car,75.0,>30m,40.2,0,0
nuscenes_mini_subset,scene-0103_023,yaw,0.5,none,,9,Car,42.9,>30m,113.9,2,1
nuscenes_mini_subset,scene-0103_023,yaw,0.5,none,,10,Car,32.9,>30m,81.0,10,10
nuscenes_mini_subset,scene-0103_023,yaw,0.5,none,,11,Car,49.8,>30m,62.8,0,0
nuscenes_mini_subset,scene-0103_023,yaw,0.5,none,,12,Car,17.5,15-30m,267.0,0,0
nuscenes_mini_subset,scene-0103_023,yaw,0.5,none,,14,Car,57.5,>30m,62.8,0,0
nuscenes_mini_subset,scene-0103_023,yaw,0.5,none,,15,Pedestrian,39.2,>30m,27.8,1,0
nuscenes_mini_subset,scene-0103_023,yaw,0.5,none,,18,Car,43.6,>30m,70.0,0,0
nuscenes_mini_subset,scene-0103_023,yaw,0.5,none,,19,Pedestrian,26.8,15-30m,39.5,6,6
nuscenes_mini_subset,scene-0103_023,yaw,0.5,none,,20,Truck,49.4,>30m,98.3,7,7
nuscenes_mini_subset,scene-0103_023,yaw,0.5,none,,21,Car,22.6,15-30m,45.6,2,2
nuscenes_mini_subset,scene-0103_023,yaw,0.5,none,,22,Car,10.6,0-15m,410.8,171,171
nuscenes_mini_subset,scene-0103_023,yaw,0.5,none,,23,Pedestrian,54.6,>30m,13.0,0,0
nuscenes_mini_subset,scene-0103_023,yaw,0.5,none,,24,Car,72.7,>30m,33.5,0,0
nuscenes_mini_subset,scene-0103_023,yaw,0.5,none,,25,Car,23.3,15-30m,236.7,5,5
nuscenes_mini_subset,scene-0103_023,yaw,0.5,none,,26,Car,37.8,>30m,100.4,0,0
nuscenes_mini_subset,scene-0103_023,yaw,1.0,none,,0,Car,48.3,>30m,116.5,0,0
nuscenes_mini_subset,scene-0103_023,yaw,1.0,none,,1,Pedestrian,54.6,>30m,13.9,1,0
nuscenes_mini_subset,scene-0103_023,yaw,1.0,none,,2,Car,23.7,15-30m,116.4,10,9
nuscenes_mini_subset,scene-0103_023,yaw,1.0,none,,3,Car,41.0,>30m,105.6,3,3
nuscenes_mini_subset,scene-0103_023,yaw,1.0,none,,4,Car,70.3,>30m,40.6,0,0
nuscenes_mini_subset,scene-0103_023,yaw,1.0,none,,5,Car,66.8,>30m,42.7,1,0
nuscenes_mini_subset,scene-0103_023,yaw,1.0,none,,6,Car,45.5,>30m,105.3,0,0
nuscenes_mini_subset,scene-0103_023,yaw,1.0,none,,7,Car,46.3,>30m,113.8,0,0
nuscenes_mini_subset,scene-0103_023,yaw,1.0,none,,8,Car,75.0,>30m,40.2,0,0
nuscenes_mini_subset,scene-0103_023,yaw,1.0,none,,9,Car,42.9,>30m,113.9,2,1
nuscenes_mini_subset,scene-0103_023,yaw,1.0,none,,10,Car,32.9,>30m,81.0,10,7
nuscenes_mini_subset,scene-0103_023,yaw,1.0,none,,11,Car,49.8,>30m,62.8,0,0
nuscenes_mini_subset,scene-0103_023,yaw,1.0,none,,12,Car,17.5,15-30m,267.0,0,0
nuscenes_mini_subset,scene-0103_023,yaw,1.0,none,,14,Car,57.5,>30m,62.8,0,0
nuscenes_mini_subset,scene-0103_023,yaw,1.0,none,,15,Pedestrian,39.2,>30m,27.8,1,0
nuscenes_mini_subset,scene-0103_023,yaw,1.0,none,,18,Car,43.6,>30m,70.0,0,0
nuscenes_mini_subset,scene-0103_023,yaw,1.0,none,,19,Pedestrian,26.8,15-30m,39.5,6,2
nuscenes_mini_subset,scene-0103_023,yaw,1.0,none,,20,Truck,49.4,>30m,98.3,7,7
nuscenes_mini_subset,scene-0103_023,yaw,1.0,none,,21,Car,22.6,15-30m,45.6,3,1
nuscenes_mini_subset,scene-0103_023,yaw,1.0,none,,22,Car,10.6,0-15m,410.8,164,164
nuscenes_mini_subset,scene-0103_023,yaw,1.0,none,,23,Pedestrian,54.6,>30m,13.0,0,0
nuscenes_mini_subset,scene-0103_023,yaw,1.0,none,,24,Car,72.7,>30m,33.5,0,0
nuscenes_mini_subset,scene-0103_023,yaw,1.0,none,,25,Car,23.3,15-30m,236.7,5,5
nuscenes_mini_subset,scene-0103_023,yaw,1.0,none,,26,Car,37.8,>30m,100.4,0,0
nuscenes_mini_subset,scene-0103_023,yaw,2.0,none,,0,Car,48.3,>30m,116.5,0,0
nuscenes_mini_subset,scene-0103_023,yaw,2.0,none,,1,Pedestrian,54.6,>30m,13.9,1,0
nuscenes_mini_subset,scene-0103_023,yaw,2.0,none,,2,Car,23.7,15-30m,116.4,10,5
nuscenes_mini_subset,scene-0103_023,yaw,2.0,none,,3,Car,41.0,>30m,105.6,3,3
nuscenes_mini_subset,scene-0103_023,yaw,2.0,none,,4,Car,70.3,>30m,40.6,0,0
nuscenes_mini_subset,scene-0103_023,yaw,2.0,none,,5,Car,66.8,>30m,42.7,1,0
nuscenes_mini_subset,scene-0103_023,yaw,2.0,none,,6,Car,45.5,>30m,105.3,0,0
nuscenes_mini_subset,scene-0103_023,yaw,2.0,none,,7,Car,46.3,>30m,113.8,0,0
nuscenes_mini_subset,scene-0103_023,yaw,2.0,none,,8,Car,75.0,>30m,40.2,0,0
nuscenes_mini_subset,scene-0103_023,yaw,2.0,none,,9,Car,42.9,>30m,113.9,2,1
nuscenes_mini_subset,scene-0103_023,yaw,2.0,none,,10,Car,32.9,>30m,81.0,10,4
nuscenes_mini_subset,scene-0103_023,yaw,2.0,none,,11,Car,49.8,>30m,62.8,0,0
nuscenes_mini_subset,scene-0103_023,yaw,2.0,none,,12,Car,17.5,15-30m,267.0,0,0
nuscenes_mini_subset,scene-0103_023,yaw,2.0,none,,14,Car,57.5,>30m,62.8,0,0
nuscenes_mini_subset,scene-0103_023,yaw,2.0,none,,15,Pedestrian,39.2,>30m,27.8,1,0
nuscenes_mini_subset,scene-0103_023,yaw,2.0,none,,18,Car,43.6,>30m,70.0,0,0
nuscenes_mini_subset,scene-0103_023,yaw,2.0,none,,19,Pedestrian,26.8,15-30m,39.5,6,0
nuscenes_mini_subset,scene-0103_023,yaw,2.0,none,,20,Truck,49.4,>30m,98.3,7,6
nuscenes_mini_subset,scene-0103_023,yaw,2.0,none,,21,Car,22.6,15-30m,45.6,6,4
nuscenes_mini_subset,scene-0103_023,yaw,2.0,none,,22,Car,10.6,0-15m,410.8,145,145
nuscenes_mini_subset,scene-0103_023,yaw,2.0,none,,23,Pedestrian,54.6,>30m,13.0,0,0
nuscenes_mini_subset,scene-0103_023,yaw,2.0,none,,24,Car,72.7,>30m,33.5,0,0
nuscenes_mini_subset,scene-0103_023,yaw,2.0,none,,25,Car,23.3,15-30m,236.7,5,5
nuscenes_mini_subset,scene-0103_023,yaw,2.0,none,,26,Car,37.8,>30m,100.4,0,0
nuscenes_mini_subset,scene-0103_024,yaw,0.0,none,,0,Car,46.6,>30m,124.3,0,0
nuscenes_mini_subset,scene-0103_024,yaw,0.0,none,,1,Pedestrian,53.6,>30m,14.2,1,1
nuscenes_mini_subset,scene-0103_024,yaw,0.0,none,,2,Car,26.1,15-30m,104.8,4,4
nuscenes_mini_subset,scene-0103_024,yaw,0.0,none,,3,Car,39.3,>30m,114.1,5,5
nuscenes_mini_subset,scene-0103_024,yaw,0.0,none,,4,Car,68.5,>30m,41.9,0,0
nuscenes_mini_subset,scene-0103_024,yaw,0.0,none,,5,Car,64.9,>30m,44.3,0,0
nuscenes_mini_subset,scene-0103_024,yaw,0.0,none,,6,Car,43.7,>30m,112.0,0,0
nuscenes_mini_subset,scene-0103_024,yaw,0.0,none,,7,Car,44.5,>30m,121.5,0,0
nuscenes_mini_subset,scene-0103_024,yaw,0.0,none,,8,Car,73.1,>30m,41.4,0,0
nuscenes_mini_subset,scene-0103_024,yaw,0.0,none,,9,Car,41.3,>30m,82.5,3,3
nuscenes_mini_subset,scene-0103_024,yaw,0.0,none,,10,Car,31.1,>30m,87.5,10,10
nuscenes_mini_subset,scene-0103_024,yaw,0.0,none,,11,Car,47.9,>30m,65.9,0,0
nuscenes_mini_subset,scene-0103_024,yaw,0.0,none,,12,Car,15.9,15-30m,194.5,10,10
nuscenes_mini_subset,scene-0103_024,yaw,0.0,none,,14,Car,55.7,>30m,65.5,1,1
nuscenes_mini_subset,scene-0103_024,yaw,0.0,none,,15,Pedestrian,38.0,>30m,29.1,2,2
nuscenes_mini_subset,scene-0103_024,yaw,0.0,none,,18,Car,41.8,>30m,74.0,0,0
nuscenes_mini_subset,scene-0103_024,yaw,0.0,none,,19,Pedestrian,25.8,15-30m,41.8,6,6
nuscenes_mini_subset,scene-0103_024,yaw,0.0,none,,20,Truck,47.5,>30m,103.3,10,10
nuscenes_mini_subset,scene-0103_024,yaw,0.0,none,,21,Car,9.0,0-15m,274.1,110,110
nuscenes_mini_subset,scene-0103_024,yaw,0.0,none,,22,Pedestrian,53.5,>30m,13.3,0,0
nuscenes_mini_subset,scene-0103_024,yaw,0.0,none,,23,Car,70.9,>30m,34.6,0,0
nuscenes_mini_subset,scene-0103_024,yaw,0.0,none,,24,Car,21.6,15-30m,267.3,18,18
nuscenes_mini_subset,scene-0103_024,yaw,0.0,none,,25,Car,36.0,>30m,107.2,3,3
nuscenes_mini_subset,scene-0103_024,yaw,0.5,none,,0,Car,46.6,>30m,124.3,0,0
nuscenes_mini_subset,scene-0103_024,yaw,0.5,none,,1,Pedestrian,53.6,>30m,14.2,1,0
nuscenes_mini_subset,scene-0103_024,yaw,0.5,none,,2,Car,26.1,15-30m,104.8,4,4
nuscenes_mini_subset,scene-0103_024,yaw,0.5,none,,3,Car,39.3,>30m,114.1,5,5
nuscenes_mini_subset,scene-0103_024,yaw,0.5,none,,4,Car,68.5,>30m,41.9,0,0
nuscenes_mini_subset,scene-0103_024,yaw,0.5,none,,5,Car,64.9,>30m,44.3,0,0
nuscenes_mini_subset,scene-0103_024,yaw,0.5,none,,6,Car,43.7,>30m,112.0,0,0
nuscenes_mini_subset,scene-0103_024,yaw,0.5,none,,7,Car,44.5,>30m,121.5,0,0
nuscenes_mini_subset,scene-0103_024,yaw,0.5,none,,8,Car,73.1,>30m,41.4,0,0
nuscenes_mini_subset,scene-0103_024,yaw,0.5,none,,9,Car,41.3,>30m,82.5,4,3
nuscenes_mini_subset,scene-0103_024,yaw,0.5,none,,10,Car,31.1,>30m,87.5,10,10
nuscenes_mini_subset,scene-0103_024,yaw,0.5,none,,11,Car,47.9,>30m,65.9,0,0
nuscenes_mini_subset,scene-0103_024,yaw,0.5,none,,12,Car,15.9,15-30m,194.5,8,8
nuscenes_mini_subset,scene-0103_024,yaw,0.5,none,,14,Car,55.7,>30m,65.5,1,1
nuscenes_mini_subset,scene-0103_024,yaw,0.5,none,,15,Pedestrian,38.0,>30m,29.1,2,2
nuscenes_mini_subset,scene-0103_024,yaw,0.5,none,,18,Car,41.8,>30m,74.0,0,0
nuscenes_mini_subset,scene-0103_024,yaw,0.5,none,,19,Pedestrian,25.8,15-30m,41.8,6,6
nuscenes_mini_subset,scene-0103_024,yaw,0.5,none,,20,Truck,47.5,>30m,103.3,10,10
nuscenes_mini_subset,scene-0103_024,yaw,0.5,none,,21,Car,9.0,0-15m,274.1,100,100
nuscenes_mini_subset,scene-0103_024,yaw,0.5,none,,22,Pedestrian,53.5,>30m,13.3,0,0
nuscenes_mini_subset,scene-0103_024,yaw,0.5,none,,23,Car,70.9,>30m,34.6,0,0
nuscenes_mini_subset,scene-0103_024,yaw,0.5,none,,24,Car,21.6,15-30m,267.3,18,18
nuscenes_mini_subset,scene-0103_024,yaw,0.5,none,,25,Car,36.0,>30m,107.2,3,2
nuscenes_mini_subset,scene-0103_024,yaw,1.0,none,,0,Car,46.6,>30m,124.3,0,0
nuscenes_mini_subset,scene-0103_024,yaw,1.0,none,,1,Pedestrian,53.6,>30m,14.2,1,0
nuscenes_mini_subset,scene-0103_024,yaw,1.0,none,,2,Car,26.1,15-30m,104.8,4,3
nuscenes_mini_subset,scene-0103_024,yaw,1.0,none,,3,Car,39.3,>30m,114.1,5,5
nuscenes_mini_subset,scene-0103_024,yaw,1.0,none,,4,Car,68.5,>30m,41.9,0,0
nuscenes_mini_subset,scene-0103_024,yaw,1.0,none,,5,Car,64.9,>30m,44.3,0,0
nuscenes_mini_subset,scene-0103_024,yaw,1.0,none,,6,Car,43.7,>30m,112.0,0,0
nuscenes_mini_subset,scene-0103_024,yaw,1.0,none,,7,Car,44.5,>30m,121.5,0,0
nuscenes_mini_subset,scene-0103_024,yaw,1.0,none,,8,Car,73.1,>30m,41.4,0,0
nuscenes_mini_subset,scene-0103_024,yaw,1.0,none,,9,Car,41.3,>30m,82.5,5,3
nuscenes_mini_subset,scene-0103_024,yaw,1.0,none,,10,Car,31.1,>30m,87.5,10,9
nuscenes_mini_subset,scene-0103_024,yaw,1.0,none,,11,Car,47.9,>30m,65.9,0,0
nuscenes_mini_subset,scene-0103_024,yaw,1.0,none,,12,Car,15.9,15-30m,194.5,7,7
nuscenes_mini_subset,scene-0103_024,yaw,1.0,none,,14,Car,55.7,>30m,65.5,1,1
nuscenes_mini_subset,scene-0103_024,yaw,1.0,none,,15,Pedestrian,38.0,>30m,29.1,2,0
nuscenes_mini_subset,scene-0103_024,yaw,1.0,none,,18,Car,41.8,>30m,74.0,0,0
nuscenes_mini_subset,scene-0103_024,yaw,1.0,none,,19,Pedestrian,25.8,15-30m,41.8,6,3
nuscenes_mini_subset,scene-0103_024,yaw,1.0,none,,20,Truck,47.5,>30m,103.3,10,10
nuscenes_mini_subset,scene-0103_024,yaw,1.0,none,,21,Car,9.0,0-15m,274.1,92,92
nuscenes_mini_subset,scene-0103_024,yaw,1.0,none,,22,Pedestrian,53.5,>30m,13.3,0,0
nuscenes_mini_subset,scene-0103_024,yaw,1.0,none,,23,Car,70.9,>30m,34.6,0,0
nuscenes_mini_subset,scene-0103_024,yaw,1.0,none,,24,Car,21.6,15-30m,267.3,18,18
nuscenes_mini_subset,scene-0103_024,yaw,1.0,none,,25,Car,36.0,>30m,107.2,3,2
nuscenes_mini_subset,scene-0103_024,yaw,2.0,none,,0,Car,46.6,>30m,124.3,0,0
nuscenes_mini_subset,scene-0103_024,yaw,2.0,none,,1,Pedestrian,53.6,>30m,14.2,1,0
nuscenes_mini_subset,scene-0103_024,yaw,2.0,none,,2,Car,26.1,15-30m,104.8,4,2
nuscenes_mini_subset,scene-0103_024,yaw,2.0,none,,3,Car,39.3,>30m,114.1,5,5
nuscenes_mini_subset,scene-0103_024,yaw,2.0,none,,4,Car,68.5,>30m,41.9,0,0
nuscenes_mini_subset,scene-0103_024,yaw,2.0,none,,5,Car,64.9,>30m,44.3,0,0
nuscenes_mini_subset,scene-0103_024,yaw,2.0,none,,6,Car,43.7,>30m,112.0,0,0
nuscenes_mini_subset,scene-0103_024,yaw,2.0,none,,7,Car,44.5,>30m,121.5,0,0
nuscenes_mini_subset,scene-0103_024,yaw,2.0,none,,8,Car,73.1,>30m,41.4,0,0
nuscenes_mini_subset,scene-0103_024,yaw,2.0,none,,9,Car,41.3,>30m,82.5,5,3
nuscenes_mini_subset,scene-0103_024,yaw,2.0,none,,10,Car,31.1,>30m,87.5,10,5
nuscenes_mini_subset,scene-0103_024,yaw,2.0,none,,11,Car,47.9,>30m,65.9,0,0
nuscenes_mini_subset,scene-0103_024,yaw,2.0,none,,12,Car,15.9,15-30m,194.5,4,4
nuscenes_mini_subset,scene-0103_024,yaw,2.0,none,,14,Car,55.7,>30m,65.5,1,0
nuscenes_mini_subset,scene-0103_024,yaw,2.0,none,,15,Pedestrian,38.0,>30m,29.1,2,0
nuscenes_mini_subset,scene-0103_024,yaw,2.0,none,,18,Car,41.8,>30m,74.0,0,0
nuscenes_mini_subset,scene-0103_024,yaw,2.0,none,,19,Pedestrian,25.8,15-30m,41.8,6,0
nuscenes_mini_subset,scene-0103_024,yaw,2.0,none,,20,Truck,47.5,>30m,103.3,10,9
nuscenes_mini_subset,scene-0103_024,yaw,2.0,none,,21,Car,9.0,0-15m,274.1,77,77
nuscenes_mini_subset,scene-0103_024,yaw,2.0,none,,22,Pedestrian,53.5,>30m,13.3,0,0
nuscenes_mini_subset,scene-0103_024,yaw,2.0,none,,23,Car,70.9,>30m,34.6,0,0
nuscenes_mini_subset,scene-0103_024,yaw,2.0,none,,24,Car,21.6,15-30m,267.3,18,18
nuscenes_mini_subset,scene-0103_024,yaw,2.0,none,,25,Car,36.0,>30m,107.2,3,0
nuscenes_mini_subset,scene-0103_025,yaw,0.0,none,,0,Car,44.7,>30m,133.9,0,0
nuscenes_mini_subset,scene-0103_025,yaw,0.0,none,,1,Pedestrian,52.2,>30m,14.7,0,0
nuscenes_mini_subset,scene-0103_025,yaw,0.0,none,,2,Car,28.4,15-30m,99.5,1,1
nuscenes_mini_subset,scene-0103_025,yaw,0.0,none,,3,Car,37.4,>30m,125.0,4,4
nuscenes_mini_subset,scene-0103_025,yaw,0.0,none,,4,Car,66.4,>30m,43.6,0,0
nuscenes_mini_subset,scene-0103_025,yaw,0.0,none,,5,Car,62.8,>30m,46.1,1,1
nuscenes_mini_subset,scene-0103_025,yaw,0.0,none,,6,Car,41.7,>30m,120.5,2,2
nuscenes_mini_subset,scene-0103_025,yaw,0.0,none,,7,Car,42.6,>30m,131.1,0,0
nuscenes_mini_subset,scene-0103_025,yaw,0.0,none,,8,Car,71.0,>30m,42.9,0,0
nuscenes_mini_subset,scene-0103_025,yaw,0.0,none,,9,Car,39.5,>30m,45.2,1,1
nuscenes_mini_subset,scene-0103_025,yaw,0.0,none,,10,Car,29.1,15-30m,96.1,15,15
nuscenes_mini_subset,scene-0103_025,yaw,0.0,none,,11,Car,45.9,>30m,69.7,1,1
nuscenes_mini_subset,scene-0103_025,yaw,0.0,none,,12,Car,14.2,0-15m,87.7,13,13
nuscenes_mini_subset,scene-0103_025,yaw,0.0,none,,14,Car,53.6,>30m,68.8,1,1
nuscenes_mini_subset,scene-0103_025,yaw,0.0,none,,15,Pedestrian,36.6,>30m,30.7,3,3
nuscenes_mini_subset,scene-0103_025,yaw,0.0,none,,18,Car,39.7,>30m,79.0,1,1
nuscenes_mini_subset,scene-0103_025,yaw,0.0,none,,19,Pedestrian,24.6,15-30m,44.9,4,4
nuscenes_mini_subset,scene-0103_025,yaw,0.0,none,,20,Truck,45.4,>30m,109.9,10,10
nuscenes_mini_subset,scene-0103_025,yaw,0.0,none,,21,Car,7.5,0-15m,60.0,3,3
nuscenes_mini_subset,scene-0103_025,yaw,0.0,none,,22,Pedestrian,52.2,>30m,13.7,0,0
nuscenes_mini_subset,scene-0103_025,yaw,0.0,none,,23,Car,68.8,>30m,35.8,0,0
nuscenes_mini_subset,scene-0103_025,yaw,0.0,none,,24,Car,51.5,>30m,53.0,1,1
nuscenes_mini_subset,scene-0103_025,yaw,0.0,none,,25,Car,19.7,15-30m,313.7,30,30
nuscenes_mini_subset,scene-0103_025,yaw,0.0,none,,26,Car,33.9,>30m,115.8,1,1
nuscenes_mini_subset,scene-0103_025,yaw,0.5,none,,0,Car,44.7,>30m,133.9,0,0
nuscenes_mini_subset,scene-0103_025,yaw,0.5,none,,1,Pedestrian,52.2,>30m,14.7,0,0
nuscenes_mini_subset,scene-0103_025,yaw,0.5,none,,2,Car,28.4,15-30m,99.5,1,1
nuscenes_mini_subset,scene-0103_025,yaw,0.5,none,,3,Car,37.4,>30m,125.0,4,4
nuscenes_mini_subset,scene-0103_025,yaw,0.5,none,,4,Car,66.4,>30m,43.6,0,0
nuscenes_mini_subset,scene-0103_025,yaw,0.5,none,,5,Car,62.8,>30m,46.1,1,1
nuscenes_mini_subset,scene-0103_025,yaw,0.5,none,,6,Car,41.7,>30m,120.5,2,2
nuscenes_mini_subset,scene-0103_025,yaw,0.5,none,,7,Car,42.6,>30m,131.1,0,0
nuscenes_mini_subset,scene-0103_025,yaw,0.5,none,,8,Car,71.0,>30m,42.9,0,0
nuscenes_mini_subset,scene-0103_025,yaw,0.5,none,,9,Car,39.5,>30m,45.2,1,1
nuscenes_mini_subset,scene-0103_025,yaw,0.5,none,,10,Car,29.1,15-30m,96.1,15,15
nuscenes_mini_subset,scene-0103_025,yaw,0.5,none,,11,Car,45.9,>30m,69.7,1,1
nuscenes_mini_subset,scene-0103_025,yaw,0.5,none,,12,Car,14.2,0-15m,87.7,11,11
nuscenes_mini_subset,scene-0103_025,yaw,0.5,none,,14,Car,53.6,>30m,68.8,1,1
nuscenes_mini_subset,scene-0103_025,yaw,0.5,none,,15,Pedestrian,36.6,>30m,30.7,3,2
nuscenes_mini_subset,scene-0103_025,yaw,0.5,none,,18,Car,39.7,>30m,79.0,1,1
nuscenes_mini_subset,scene-0103_025,yaw,0.5,none,,19,Pedestrian,24.6,15-30m,44.9,4,3
nuscenes_mini_subset,scene-0103_025,yaw,0.5,none,,20,Truck,45.4,>30m,109.9,10,10
nuscenes_mini_subset,scene-0103_025,yaw,0.5,none,,21,Car,7.5,0-15m,60.0,1,1
nuscenes_mini_subset,scene-0103_025,yaw,0.5,none,,22,Pedestrian,52.2,>30m,13.7,0,0
nuscenes_mini_subset,scene-0103_025,yaw,0.5,none,,23,Car,68.8,>30m,35.8,0,0
nuscenes_mini_subset,scene-0103_025,yaw,0.5,none,,24,Car,51.5,>30m,53.0,1,0
nuscenes_mini_subset,scene-0103_025,yaw,0.5,none,,25,Car,19.7,15-30m,313.7,30,30
nuscenes_mini_subset,scene-0103_025,yaw,0.5,none,,26,Car,33.9,>30m,115.8,1,1
nuscenes_mini_subset,scene-0103_025,yaw,1.0,none,,0,Car,44.7,>30m,133.9,0,0
nuscenes_mini_subset,scene-0103_025,yaw,1.0,none,,1,Pedestrian,52.2,>30m,14.7,0,0
nuscenes_mini_subset,scene-0103_025,yaw,1.0,none,,2,Car,28.4,15-30m,99.5,1,1
nuscenes_mini_subset,scene-0103_025,yaw,1.0,none,,3,Car,37.4,>30m,125.0,4,4
nuscenes_mini_subset,scene-0103_025,yaw,1.0,none,,4,Car,66.4,>30m,43.6,0,0
nuscenes_mini_subset,scene-0103_025,yaw,1.0,none,,5,Car,62.8,>30m,46.1,1,0
nuscenes_mini_subset,scene-0103_025,yaw,1.0,none,,6,Car,41.7,>30m,120.5,2,2
nuscenes_mini_subset,scene-0103_025,yaw,1.0,none,,7,Car,42.6,>30m,131.1,0,0
nuscenes_mini_subset,scene-0103_025,yaw,1.0,none,,8,Car,71.0,>30m,42.9,0,0
nuscenes_mini_subset,scene-0103_025,yaw,1.0,none,,9,Car,39.5,>30m,45.2,2,1
nuscenes_mini_subset,scene-0103_025,yaw,1.0,none,,10,Car,29.1,15-30m,96.1,15,13
nuscenes_mini_subset,scene-0103_025,yaw,1.0,none,,11,Car,45.9,>30m,69.7,1,0
nuscenes_mini_subset,scene-0103_025,yaw,1.0,none,,12,Car,14.2,0-15m,87.7,6,6
nuscenes_mini_subset,scene-0103_025,yaw,1.0,none,,14,Car,53.6,>30m,68.8,1,1
nuscenes_mini_subset,scene-0103_025,yaw,1.0,none,,15,Pedestrian,36.6,>30m,30.7,3,0
nuscenes_mini_subset,scene-0103_025,yaw,1.0,none,,18,Car,39.7,>30m,79.0,1,0
nuscenes_mini_subset,scene-0103_025,yaw,1.0,none,,19,Pedestrian,24.6,15-30m,44.9,4,2
nuscenes_mini_subset,scene-0103_025,yaw,1.0,none,,20,Truck,45.4,>30m,109.9,10,10
nuscenes_mini_subset,scene-0103_025,yaw,1.0,none,,21,Car,7.5,0-15m,60.0,0,0
nuscenes_mini_subset,scene-0103_025,yaw,1.0,none,,22,Pedestrian,52.2,>30m,13.7,0,0
nuscenes_mini_subset,scene-0103_025,yaw,1.0,none,,23,Car,68.8,>30m,35.8,0,0
nuscenes_mini_subset,scene-0103_025,yaw,1.0,none,,24,Car,51.5,>30m,53.0,1,0
nuscenes_mini_subset,scene-0103_025,yaw,1.0,none,,25,Car,19.7,15-30m,313.7,30,29
nuscenes_mini_subset,scene-0103_025,yaw,1.0,none,,26,Car,33.9,>30m,115.8,1,1
nuscenes_mini_subset,scene-0103_025,yaw,2.0,none,,0,Car,44.7,>30m,133.9,0,0
nuscenes_mini_subset,scene-0103_025,yaw,2.0,none,,1,Pedestrian,52.2,>30m,14.7,0,0
nuscenes_mini_subset,scene-0103_025,yaw,2.0,none,,2,Car,28.4,15-30m,99.5,1,1
nuscenes_mini_subset,scene-0103_025,yaw,2.0,none,,3,Car,37.4,>30m,125.0,4,4
nuscenes_mini_subset,scene-0103_025,yaw,2.0,none,,4,Car,66.4,>30m,43.6,0,0
nuscenes_mini_subset,scene-0103_025,yaw,2.0,none,,5,Car,62.8,>30m,46.1,1,0
nuscenes_mini_subset,scene-0103_025,yaw,2.0,none,,6,Car,41.7,>30m,120.5,2,2
nuscenes_mini_subset,scene-0103_025,yaw,2.0,none,,7,Car,42.6,>30m,131.1,0,0
nuscenes_mini_subset,scene-0103_025,yaw,2.0,none,,8,Car,71.0,>30m,42.9,0,0
nuscenes_mini_subset,scene-0103_025,yaw,2.0,none,,9,Car,39.5,>30m,45.2,4,3
nuscenes_mini_subset,scene-0103_025,yaw,2.0,none,,10,Car,29.1,15-30m,96.1,15,8
nuscenes_mini_subset,scene-0103_025,yaw,2.0,none,,11,Car,45.9,>30m,69.7,1,0
nuscenes_mini_subset,scene-0103_025,yaw,2.0,none,,12,Car,14.2,0-15m,87.7,0,0
nuscenes_mini_subset,scene-0103_025,yaw,2.0,none,,14,Car,53.6,>30m,68.8,1,0
nuscenes_mini_subset,scene-0103_025,yaw,2.0,none,,15,Pedestrian,36.6,>30m,30.7,3,0
nuscenes_mini_subset,scene-0103_025,yaw,2.0,none,,18,Car,39.7,>30m,79.0,1,0
nuscenes_mini_subset,scene-0103_025,yaw,2.0,none,,19,Pedestrian,24.6,15-30m,44.9,4,0
nuscenes_mini_subset,scene-0103_025,yaw,2.0,none,,20,Truck,45.4,>30m,109.9,10,10
nuscenes_mini_subset,scene-0103_025,yaw,2.0,none,,21,Car,7.5,0-15m,60.0,0,0
nuscenes_mini_subset,scene-0103_025,yaw,2.0,none,,22,Pedestrian,52.2,>30m,13.7,0,0
nuscenes_mini_subset,scene-0103_025,yaw,2.0,none,,23,Car,68.8,>30m,35.8,0,0
nuscenes_mini_subset,scene-0103_025,yaw,2.0,none,,24,Car,51.5,>30m,53.0,1,0
nuscenes_mini_subset,scene-0103_025,yaw,2.0,none,,25,Car,19.7,15-30m,313.7,30,24
nuscenes_mini_subset,scene-0103_025,yaw,2.0,none,,26,Car,33.9,>30m,115.8,1,0
nuscenes_mini_subset,scene-0103_026,yaw,0.0,none,,0,Car,42.6,>30m,146.3,0,0
nuscenes_mini_subset,scene-0103_026,yaw,0.0,none,,1,Pedestrian,50.7,>30m,15.2,0,0
nuscenes_mini_subset,scene-0103_026,yaw,0.0,none,,2,Car,30.8,>30m,90.7,1,1
nuscenes_mini_subset,scene-0103_026,yaw,0.0,none,,3,Car,35.3,>30m,139.5,5,5
nuscenes_mini_subset,scene-0103_026,yaw,0.0,none,,4,Car,64.1,>30m,45.6,0,0
nuscenes_mini_subset,scene-0103_026,yaw,0.0,none,,5,Car,60.5,>30m,48.2,0,0
nuscenes_mini_subset,scene-0103_026,yaw,0.0,none,,6,Car,39.5,>30m,131.4,2,2
nuscenes_mini_subset,scene-0103_026,yaw,0.0,none,,7,Car,40.4,>30m,143.6,0,0
nuscenes_mini_subset,scene-0103_026,yaw,0.0,none,,8,Car,68.7,>30m,44.7,0,0
nuscenes_mini_subset,scene-0103_026,yaw,0.0,none,,9,Car,26.7,15-30m,107.9,20,20
nuscenes_mini_subset,scene-0103_026,yaw,0.0,none,,10,Car,43.5,>30m,74.5,0,0
nuscenes_mini_subset,scene-0103_026,yaw,0.0,none,,12,Car,51.3,>30m,72.9,2,2
nuscenes_mini_subset,scene-0103_026,yaw,0.0,none,,13,Pedestrian,35.0,>30m,32.8,3,3
nuscenes_mini_subset,scene-0103_026,yaw,0.0,none,,16,Car,37.4,>30m,85.5,1,1
nuscenes_mini_subset,scene-0103_026,yaw,0.0,none,,17,Pedestrian,23.1,15-30m,49.6,5,5
nuscenes_mini_subset,scene-0103_026,yaw,0.0,none,,18,Truck,43.0,>30m,118.3,15,15
nuscenes_mini_subset,scene-0103_026,yaw,0.0,none,,19,Pedestrian,50.6,>30m,14.2,0,0
nuscenes_mini_subset,scene-0103_026,yaw,0.0,none,,20,Car,66.5,>30m,37.3,1,1
nuscenes_mini_subset,scene-0103_026,yaw,0.0,none,,21,Car,49.2,>30m,56.1,0,0
nuscenes_mini_subset,scene-0103_026,yaw,0.0,none,,22,Car,17.6,15-30m,294.6,32,32
nuscenes_mini_subset,scene-0103_026,yaw,0.0,none,,23,Car,31.6,>30m,127.2,2,2
nuscenes_mini_subset,scene-0103_026,yaw,0.5,none,,0,Car,42.6,>30m,146.3,0,0
nuscenes_mini_subset,scene-0103_026,yaw,0.5,none,,1,Pedestrian,50.7,>30m,15.2,0,0
nuscenes_mini_subset,scene-0103_026,yaw,0.5,none,,2,Car,30.8,>30m,90.7,1,1
nuscenes_mini_subset,scene-0103_026,yaw,0.5,none,,3,Car,35.3,>30m,139.5,5,5
nuscenes_mini_subset,scene-0103_026,yaw,0.5,none,,4,Car,64.1,>30m,45.6,0,0
nuscenes_mini_subset,scene-0103_026,yaw,0.5,none,,5,Car,60.5,>30m,48.2,0,0
nuscenes_mini_subset,scene-0103_026,yaw,0.5,none,,6,Car,39.5,>30m,131.4,2,1
nuscenes_mini_subset,scene-0103_026,yaw,0.5,none,,7,Car,40.4,>30m,143.6,0,0
nuscenes_mini_subset,scene-0103_026,yaw,0.5,none,,8,Car,68.7,>30m,44.7,0,0
nuscenes_mini_subset,scene-0103_026,yaw,0.5,none,,9,Car,26.7,15-30m,107.9,20,20
nuscenes_mini_subset,scene-0103_026,yaw,0.5,none,,10,Car,43.5,>30m,74.5,0,0
nuscenes_mini_subset,scene-0103_026,yaw,0.5,none,,12,Car,51.3,>30m,72.9,2,2
nuscenes_mini_subset,scene-0103_026,yaw,0.5,none,,13,Pedestrian,35.0,>30m,32.8,3,2
nuscenes_mini_subset,scene-0103_026,yaw,0.5,none,,16,Car,37.4,>30m,85.5,1,1
nuscenes_mini_subset,scene-0103_026,yaw,0.5,none,,17,Pedestrian,23.1,15-30m,49.6,5,5
nuscenes_mini_subset,scene-0103_026,yaw,0.5,none,,18,Truck,43.0,>30m,118.3,15,15
nuscenes_mini_subset,scene-0103_026,yaw,0.5,none,,19,Pedestrian,50.6,>30m,14.2,0,0
nuscenes_mini_subset,scene-0103_026,yaw,0.5,none,,20,Car,66.5,>30m,37.3,1,1
nuscenes_mini_subset,scene-0103_026,yaw,0.5,none,,21,Car,49.2,>30m,56.1,0,0
nuscenes_mini_subset,scene-0103_026,yaw,0.5,none,,22,Car,17.6,15-30m,294.6,30,30
nuscenes_mini_subset,scene-0103_026,yaw,0.5,none,,23,Car,31.6,>30m,127.2,2,2
nuscenes_mini_subset,scene-0103_026,yaw,1.0,none,,0,Car,42.6,>30m,146.3,0,0
nuscenes_mini_subset,scene-0103_026,yaw,1.0,none,,1,Pedestrian,50.7,>30m,15.2,0,0
nuscenes_mini_subset,scene-0103_026,yaw,1.0,none,,2,Car,30.8,>30m,90.7,1,1
nuscenes_mini_subset,scene-0103_026,yaw,1.0,none,,3,Car,35.3,>30m,139.5,5,5
nuscenes_mini_subset,scene-0103_026,yaw,1.0,none,,4,Car,64.1,>30m,45.6,0,0
nuscenes_mini_subset,scene-0103_026,yaw,1.0,none,,5,Car,60.5,>30m,48.2,0,0
nuscenes_mini_subset,scene-0103_026,yaw,1.0,none,,6,Car,39.5,>30m,131.4,2,1
nuscenes_mini_subset,scene-0103_026,yaw,1.0,none,,7,Car,40.4,>30m,143.6,0,0
nuscenes_mini_subset,scene-0103_026,yaw,1.0,none,,8,Car,68.7,>30m,44.7,0,0
nuscenes_mini_subset,scene-0103_026,yaw,1.0,none,,9,Car,26.7,15-30m,107.9,20,19
nuscenes_mini_subset,scene-0103_026,yaw,1.0,none,,10,Car,43.5,>30m,74.5,0,0
nuscenes_mini_subset,scene-0103_026,yaw,1.0,none,,12,Car,51.3,>30m,72.9,2,2
nuscenes_mini_subset,scene-0103_026,yaw,1.0,none,,13,Pedestrian,35.0,>30m,32.8,3,1
nuscenes_mini_subset,scene-0103_026,yaw,1.0,none,,16,Car,37.4,>30m,85.5,1,1
nuscenes_mini_subset,scene-0103_026,yaw,1.0,none,,17,Pedestrian,23.1,15-30m,49.6,5,4
nuscenes_mini_subset,scene-0103_026,yaw,1.0,none,,18,Truck,43.0,>30m,118.3,15,15
nuscenes_mini_subset,scene-0103_026,yaw,1.0,none,,19,Pedestrian,50.6,>30m,14.2,0,0
nuscenes_mini_subset,scene-0103_026,yaw,1.0,none,,20,Car,66.5,>30m,37.3,1,0
nuscenes_mini_subset,scene-0103_026,yaw,1.0,none,,21,Car,49.2,>30m,56.1,0,0
nuscenes_mini_subset,scene-0103_026,yaw,1.0,none,,22,Car,17.6,15-30m,294.6,29,29
nuscenes_mini_subset,scene-0103_026,yaw,1.0,none,,23,Car,31.6,>30m,127.2,2,2
nuscenes_mini_subset,scene-0103_026,yaw,2.0,none,,0,Car,42.6,>30m,146.3,0,0
nuscenes_mini_subset,scene-0103_026,yaw,2.0,none,,1,Pedestrian,50.7,>30m,15.2,0,0
nuscenes_mini_subset,scene-0103_026,yaw,2.0,none,,2,Car,30.8,>30m,90.7,1,1
nuscenes_mini_subset,scene-0103_026,yaw,2.0,none,,3,Car,35.3,>30m,139.5,5,5
nuscenes_mini_subset,scene-0103_026,yaw,2.0,none,,4,Car,64.1,>30m,45.6,0,0
nuscenes_mini_subset,scene-0103_026,yaw,2.0,none,,5,Car,60.5,>30m,48.2,0,0
nuscenes_mini_subset,scene-0103_026,yaw,2.0,none,,6,Car,39.5,>30m,131.4,2,0
nuscenes_mini_subset,scene-0103_026,yaw,2.0,none,,7,Car,40.4,>30m,143.6,0,0
nuscenes_mini_subset,scene-0103_026,yaw,2.0,none,,8,Car,68.7,>30m,44.7,0,0
nuscenes_mini_subset,scene-0103_026,yaw,2.0,none,,9,Car,26.7,15-30m,107.9,20,14
nuscenes_mini_subset,scene-0103_026,yaw,2.0,none,,10,Car,43.5,>30m,74.5,0,0
nuscenes_mini_subset,scene-0103_026,yaw,2.0,none,,12,Car,51.3,>30m,72.9,2,1
nuscenes_mini_subset,scene-0103_026,yaw,2.0,none,,13,Pedestrian,35.0,>30m,32.8,3,0
nuscenes_mini_subset,scene-0103_026,yaw,2.0,none,,16,Car,37.4,>30m,85.5,1,0
nuscenes_mini_subset,scene-0103_026,yaw,2.0,none,,17,Pedestrian,23.1,15-30m,49.6,5,0
nuscenes_mini_subset,scene-0103_026,yaw,2.0,none,,18,Truck,43.0,>30m,118.3,15,14
nuscenes_mini_subset,scene-0103_026,yaw,2.0,none,,19,Pedestrian,50.6,>30m,14.2,0,0
nuscenes_mini_subset,scene-0103_026,yaw,2.0,none,,20,Car,66.5,>30m,37.3,1,0
nuscenes_mini_subset,scene-0103_026,yaw,2.0,none,,21,Car,49.2,>30m,56.1,0,0
nuscenes_mini_subset,scene-0103_026,yaw,2.0,none,,22,Car,17.6,15-30m,294.6,22,22
nuscenes_mini_subset,scene-0103_026,yaw,2.0,none,,23,Car,31.6,>30m,127.2,2,2
nuscenes_mini_subset,scene-0103_027,yaw,0.0,none,,0,Car,40.3,>30m,162.5,0,0
nuscenes_mini_subset,scene-0103_027,yaw,0.0,none,,1,Pedestrian,48.8,>30m,15.9,0,0
nuscenes_mini_subset,scene-0103_027,yaw,0.0,none,,2,Car,33.0,>30m,143.7,4,4
nuscenes_mini_subset,scene-0103_027,yaw,0.0,none,,3,Car,61.5,>30m,48.0,0,0
nuscenes_mini_subset,scene-0103_027,yaw,0.0,none,,4,Car,57.9,>30m,50.8,0,0
nuscenes_mini_subset,scene-0103_027,yaw,0.0,none,,5,Car,37.0,>30m,145.8,3,3
nuscenes_mini_subset,scene-0103_027,yaw,0.0,none,,6,Car,38.0,>30m,159.8,2,2
nuscenes_mini_subset,scene-0103_027,yaw,0.0,none,,7,Car,66.1,>30m,47.0,0,0
nuscenes_mini_subset,scene-0103_027,yaw,0.0,none,,8,Car,24.2,15-30m,124.3,24,24
nuscenes_mini_subset,scene-0103_027,yaw,0.0,none,,9,Car,41.0,>30m,80.5,0,0
nuscenes_mini_subset,scene-0103_027,yaw,0.0,none,,11,Car,48.7,>30m,78.1,1,1
nuscenes_mini_subset,scene-0103_027,yaw,0.0,none,,12,Pedestrian,33.3,>30m,36.4,3,3
nuscenes_mini_subset,scene-0103_027,yaw,0.0,none,,15,Car,34.8,>30m,93.9,1,1
nuscenes_mini_subset,scene-0103_027,yaw,0.0,none,,16,Pedestrian,21.3,15-30m,56.1,6,6
nuscenes_mini_subset,scene-0103_027,yaw,0.0,none,,17,Truck,40.5,>30m,128.8,19,19
nuscenes_mini_subset,scene-0103_027,yaw,0.0,none,,18,Pedestrian,48.8,>30m,14.9,0,0
nuscenes_mini_subset,scene-0103_027,yaw,0.0,none,,19,Car,63.9,>30m,39.1,1,1
nuscenes_mini_subset,scene-0103_027,yaw,0.0,none,,20,Car,46.6,>30m,60.0,0,0
nuscenes_mini_subset,scene-0103_027,yaw,0.0,none,,21,Car,15.5,15-30m,196.2,17,17
nuscenes_mini_subset,scene-0103_027,yaw,0.0,none,,22,Car,29.1,15-30m,142.4,3,3
nuscenes_mini_subset,scene-0103_027,yaw,0.5,none,,0,Car,40.3,>30m,162.5,0,0
nuscenes_mini_subset,scene-0103_027,yaw,0.5,none,,1,Pedestrian,48.8,>30m,15.9,0,0
nuscenes_mini_subset,scene-0103_027,yaw,0.5,none,,2,Car,33.0,>30m,143.7,4,4
nuscenes_mini_subset,scene-0103_027,yaw,0.5,none,,3,Car,61.5,>30m,48.0,0,0
nuscenes_mini_subset,scene-0103_027,yaw,0.5,none,,4,Car,57.9,>30m,50.8,0,0
nuscenes_mini_subset,scene-0103_027,yaw,0.5,none,,5,Car,37.0,>30m,145.8,3,3
nuscenes_mini_subset,scene-0103_027,yaw,0.5,none,,6,Car,38.0,>30m,159.8,2,2
nuscenes_mini_subset,scene-0103_027,yaw,0.5,none,,7,Car,66.1,>30m,47.0,0,0
nuscenes_mini_subset,scene-0103_027,yaw,0.5,none,,8,Car,24.2,15-30m,124.3,24,24
nuscenes_mini_subset,scene-0103_027,yaw,0.5,none,,9,Car,41.0,>30m,80.5,0,0
nuscenes_mini_subset,scene-0103_027,yaw,0.5,none,,11,Car,48.7,>30m,78.1,1,1
nuscenes_mini_subset,scene-0103_027,yaw,0.5,none,,12,Pedestrian,33.3,>30m,36.4,3,2
nuscenes_mini_subset,scene-0103_027,yaw,0.5,none,,15,Car,34.8,>30m,93.9,1,1
nuscenes_mini_subset,scene-0103_027,yaw,0.5,none,,16,Pedestrian,21.3,15-30m,56.1,6,5
nuscenes_mini_subset,scene-0103_027,yaw,0.5,none,,17,Truck,40.5,>30m,128.8,19,19
nuscenes_mini_subset,scene-0103_027,yaw,0.5,none,,18,Pedestrian,48.8,>30m,14.9,0,0
nuscenes_mini_subset,scene-0103_027,yaw,0.5,none,,19,Car,63.9,>30m,39.1,1,1
nuscenes_mini_subset,scene-0103_027,yaw,0.5,none,,20,Car,46.6,>30m,60.0,0,0
nuscenes_mini_subset,scene-0103_027,yaw,0.5,none,,21,Car,15.5,15-30m,196.2,17,17
nuscenes_mini_subset,scene-0103_027,yaw,0.5,none,,22,Car,29.1,15-30m,142.4,3,3
nuscenes_mini_subset,scene-0103_027,yaw,1.0,none,,0,Car,40.3,>30m,162.5,0,0
nuscenes_mini_subset,scene-0103_027,yaw,1.0,none,,1,Pedestrian,48.8,>30m,15.9,0,0
nuscenes_mini_subset,scene-0103_027,yaw,1.0,none,,2,Car,33.0,>30m,143.7,4,4
nuscenes_mini_subset,scene-0103_027,yaw,1.0,none,,3,Car,61.5,>30m,48.0,0,0
nuscenes_mini_subset,scene-0103_027,yaw,1.0,none,,4,Car,57.9,>30m,50.8,0,0
nuscenes_mini_subset,scene-0103_027,yaw,1.0,none,,5,Car,37.0,>30m,145.8,3,3
nuscenes_mini_subset,scene-0103_027,yaw,1.0,none,,6,Car,38.0,>30m,159.8,2,2
nuscenes_mini_subset,scene-0103_027,yaw,1.0,none,,7,Car,66.1,>30m,47.0,0,0
nuscenes_mini_subset,scene-0103_027,yaw,1.0,none,,8,Car,24.2,15-30m,124.3,24,22
nuscenes_mini_subset,scene-0103_027,yaw,1.0,none,,9,Car,41.0,>30m,80.5,0,0
nuscenes_mini_subset,scene-0103_027,yaw,1.0,none,,11,Car,48.7,>30m,78.1,1,1
nuscenes_mini_subset,scene-0103_027,yaw,1.0,none,,12,Pedestrian,33.3,>30m,36.4,3,1
nuscenes_mini_subset,scene-0103_027,yaw,1.0,none,,15,Car,34.8,>30m,93.9,1,1
nuscenes_mini_subset,scene-0103_027,yaw,1.0,none,,16,Pedestrian,21.3,15-30m,56.1,6,2
nuscenes_mini_subset,scene-0103_027,yaw,1.0,none,,17,Truck,40.5,>30m,128.8,19,19
nuscenes_mini_subset,scene-0103_027,yaw,1.0,none,,18,Pedestrian,48.8,>30m,14.9,0,0
nuscenes_mini_subset,scene-0103_027,yaw,1.0,none,,19,Car,63.9,>30m,39.1,1,0
nuscenes_mini_subset,scene-0103_027,yaw,1.0,none,,20,Car,46.6,>30m,60.0,0,0
nuscenes_mini_subset,scene-0103_027,yaw,1.0,none,,21,Car,15.5,15-30m,196.2,17,17
nuscenes_mini_subset,scene-0103_027,yaw,1.0,none,,22,Car,29.1,15-30m,142.4,3,3
nuscenes_mini_subset,scene-0103_027,yaw,2.0,none,,0,Car,40.3,>30m,162.5,0,0
nuscenes_mini_subset,scene-0103_027,yaw,2.0,none,,1,Pedestrian,48.8,>30m,15.9,0,0
nuscenes_mini_subset,scene-0103_027,yaw,2.0,none,,2,Car,33.0,>30m,143.7,4,3
nuscenes_mini_subset,scene-0103_027,yaw,2.0,none,,3,Car,61.5,>30m,48.0,0,0
nuscenes_mini_subset,scene-0103_027,yaw,2.0,none,,4,Car,57.9,>30m,50.8,0,0
nuscenes_mini_subset,scene-0103_027,yaw,2.0,none,,5,Car,37.0,>30m,145.8,3,3
nuscenes_mini_subset,scene-0103_027,yaw,2.0,none,,6,Car,38.0,>30m,159.8,2,2
nuscenes_mini_subset,scene-0103_027,yaw,2.0,none,,7,Car,66.1,>30m,47.0,0,0
nuscenes_mini_subset,scene-0103_027,yaw,2.0,none,,8,Car,24.2,15-30m,124.3,24,17
nuscenes_mini_subset,scene-0103_027,yaw,2.0,none,,9,Car,41.0,>30m,80.5,0,0
nuscenes_mini_subset,scene-0103_027,yaw,2.0,none,,11,Car,48.7,>30m,78.1,1,1
nuscenes_mini_subset,scene-0103_027,yaw,2.0,none,,12,Pedestrian,33.3,>30m,36.4,3,0
nuscenes_mini_subset,scene-0103_027,yaw,2.0,none,,15,Car,34.8,>30m,93.9,1,0
nuscenes_mini_subset,scene-0103_027,yaw,2.0,none,,16,Pedestrian,21.3,15-30m,56.1,6,0
nuscenes_mini_subset,scene-0103_027,yaw,2.0,none,,17,Truck,40.5,>30m,128.8,19,18
nuscenes_mini_subset,scene-0103_027,yaw,2.0,none,,18,Pedestrian,48.8,>30m,14.9,0,0
nuscenes_mini_subset,scene-0103_027,yaw,2.0,none,,19,Car,63.9,>30m,39.1,1,0
nuscenes_mini_subset,scene-0103_027,yaw,2.0,none,,20,Car,46.6,>30m,60.0,0,0
nuscenes_mini_subset,scene-0103_027,yaw,2.0,none,,21,Car,15.5,15-30m,196.2,15,15
nuscenes_mini_subset,scene-0103_027,yaw,2.0,none,,22,Car,29.1,15-30m,142.4,3,2
nuscenes_mini_subset,scene-0103_028,yaw,0.0,none,,0,Car,38.0,>30m,139.4,0,0
nuscenes_mini_subset,scene-0103_028,yaw,0.0,none,,1,Pedestrian,47.1,>30m,16.7,0,0
nuscenes_mini_subset,scene-0103_028,yaw,0.0,none,,2,Car,30.8,>30m,94.6,0,0
nuscenes_mini_subset,scene-0103_028,yaw,0.0,none,,3,Car,59.0,>30m,50.7,0,0
nuscenes_mini_subset,scene-0103_028,yaw,0.0,none,,4,Car,55.4,>30m,53.7,0,0
nuscenes_mini_subset,scene-0103_028,yaw,0.0,none,,5,Car,34.6,>30m,162.7,4,4
nuscenes_mini_subset,scene-0103_028,yaw,0.0,none,,6,Car,35.7,>30m,179.1,0,0
nuscenes_mini_subset,scene-0103_028,yaw,0.0,none,,7,Car,63.6,>30m,49.3,0,0
nuscenes_mini_subset,scene-0103_028,yaw,0.0,none,,8,Car,21.7,15-30m,145.5,27,27
nuscenes_mini_subset,scene-0103_028,yaw,0.0,none,,9,Car,38.5,>30m,87.3,4,4
nuscenes_mini_subset,scene-0103_028,yaw,0.0,none,,11,Car,46.2,>30m,83.9,2,2
nuscenes_mini_subset,scene-0103_028,yaw,0.0,none,,12,Pedestrian,31.4,>30m,39.8,1,1
nuscenes_mini_subset,scene-0103_028,yaw,0.0,none,,15,Car,32.3,>30m,103.7,5,5
nuscenes_mini_subset,scene-0103_028,yaw,0.0,none,,16,Pedestrian,19.7,15-30m,64.0,9,9
nuscenes_mini_subset,scene-0103_028,yaw,0.0,none,,17,Truck,38.0,>30m,140.9,23,23
nuscenes_mini_subset,scene-0103_028,yaw,0.0,none,,18,Pedestrian,47.0,>30m,15.5,0,0
nuscenes_mini_subset,scene-0103_028,yaw,0.0,none,,19,Car,61.4,>30m,41.0,0,0
nuscenes_mini_subset,scene-0103_028,yaw,0.0,none,,20,Car,44.1,>30m,64.3,1,1
nuscenes_mini_subset,scene-0103_028,yaw,0.0,none,,21,Car,13.5,0-15m,59.4,3,3
nuscenes_mini_subset,scene-0103_028,yaw,0.0,none,,22,Car,26.6,15-30m,161.0,14,14
nuscenes_mini_subset,scene-0103_028,yaw,0.5,none,,0,Car,38.0,>30m,139.4,0,0
nuscenes_mini_subset,scene-0103_028,yaw,0.5,none,,1,Pedestrian,47.1,>30m,16.7,0,0
nuscenes_mini_subset,scene-0103_028,yaw,0.5,none,,2,Car,30.8,>30m,94.6,2,2
nuscenes_mini_subset,scene-0103_028,yaw,0.5,none,,3,Car,59.0,>30m,50.7,0,0
nuscenes_mini_subset,scene-0103_028,yaw,0.5,none,,4,Car,55.4,>30m,53.7,0,0
nuscenes_mini_subset,scene-0103_028,yaw,0.5,none,,5,Car,34.6,>30m,162.7,4,4
nuscenes_mini_subset,scene-0103_028,yaw,0.5,none,,6,Car,35.7,>30m,179.1,0,0
nuscenes_mini_subset,scene-0103_028,yaw,0.5,none,,7,Car,63.6,>30m,49.3,0,0
nuscenes_mini_subset,scene-0103_028,yaw,0.5,none,,8,Car,21.7,15-30m,145.5,27,26
nuscenes_mini_subset,scene-0103_028,yaw,0.5,none,,9,Car,38.5,>30m,87.3,4,4
nuscenes_mini_subset,scene-0103_028,yaw,0.5,none,,11,Car,46.2,>30m,83.9,2,2
nuscenes_mini_subset,scene-0103_028,yaw,0.5,none,,12,Pedestrian,31.4,>30m,39.8,1,1
nuscenes_mini_subset,scene-0103_028,yaw,0.5,none,,15,Car,32.3,>30m,103.7,5,4
nuscenes_mini_subset,scene-0103_028,yaw,0.5,none,,16,Pedestrian,19.7,15-30m,64.0,9,8
nuscenes_mini_subset,scene-0103_028,yaw,0.5,none,,17,Truck,38.0,>30m,140.9,23,23
nuscenes_mini_subset,scene-0103_028,yaw,0.5,none,,18,Pedestrian,47.0,>30m,15.5,0,0
nuscenes_mini_subset,scene-0103_028,yaw,0.5,none,,19,Car,61.4,>30m,41.0,0,0
nuscenes_mini_subset,scene-0103_028,yaw,0.5,none,,20,Car,44.1,>30m,64.3,1,1
nuscenes_mini_subset,scene-0103_028,yaw,0.5,none,,21,Car,13.5,0-15m,59.4,1,1
nuscenes_mini_subset,scene-0103_028,yaw,0.5,none,,22,Car,26.6,15-30m,161.0,14,14
nuscenes_mini_subset,scene-0103_028,yaw,1.0,none,,0,Car,38.0,>30m,139.4,0,0
nuscenes_mini_subset,scene-0103_028,yaw,1.0,none,,1,Pedestrian,47.1,>30m,16.7,0,0
nuscenes_mini_subset,scene-0103_028,yaw,1.0,none,,2,Car,30.8,>30m,94.6,3,3
nuscenes_mini_subset,scene-0103_028,yaw,1.0,none,,3,Car,59.0,>30m,50.7,0,0
nuscenes_mini_subset,scene-0103_028,yaw,1.0,none,,4,Car,55.4,>30m,53.7,0,0
nuscenes_mini_subset,scene-0103_028,yaw,1.0,none,,5,Car,34.6,>30m,162.7,4,4
nuscenes_mini_subset,scene-0103_028,yaw,1.0,none,,6,Car,35.7,>30m,179.1,0,0
nuscenes_mini_subset,scene-0103_028,yaw,1.0,none,,7,Car,63.6,>30m,49.3,0,0
nuscenes_mini_subset,scene-0103_028,yaw,1.0,none,,8,Car,21.7,15-30m,145.5,27,25
nuscenes_mini_subset,scene-0103_028,yaw,1.0,none,,9,Car,38.5,>30m,87.3,4,4
nuscenes_mini_subset,scene-0103_028,yaw,1.0,none,,11,Car,46.2,>30m,83.9,2,2
nuscenes_mini_subset,scene-0103_028,yaw,1.0,none,,12,Pedestrian,31.4,>30m,39.8,1,0
nuscenes_mini_subset,scene-0103_028,yaw,1.0,none,,15,Car,32.3,>30m,103.7,5,3
nuscenes_mini_subset,scene-0103_028,yaw,1.0,none,,16,Pedestrian,19.7,15-30m,64.0,9,5
nuscenes_mini_subset,scene-0103_028,yaw,1.0,none,,17,Truck,38.0,>30m,140.9,23,22
nuscenes_mini_subset,scene-0103_028,yaw,1.0,none,,18,Pedestrian,47.0,>30m,15.5,0,0
nuscenes_mini_subset,scene-0103_028,yaw,1.0,none,,19,Car,61.4,>30m,41.0,0,0
nuscenes_mini_subset,scene-0103_028,yaw,1.0,none,,20,Car,44.1,>30m,64.3,1,0
nuscenes_mini_subset,scene-0103_028,yaw,1.0,none,,21,Car,13.5,0-15m,59.4,0,0
nuscenes_mini_subset,scene-0103_028,yaw,1.0,none,,22,Car,26.6,15-30m,161.0,14,13
nuscenes_mini_subset,scene-0103_028,yaw,2.0,none,,0,Car,38.0,>30m,139.4,0,0
nuscenes_mini_subset,scene-0103_028,yaw,2.0,none,,1,Pedestrian,47.1,>30m,16.7,0,0
nuscenes_mini_subset,scene-0103_028,yaw,2.0,none,,2,Car,30.8,>30m,94.6,3,3
nuscenes_mini_subset,scene-0103_028,yaw,2.0,none,,3,Car,59.0,>30m,50.7,0,0
nuscenes_mini_subset,scene-0103_028,yaw,2.0,none,,4,Car,55.4,>30m,53.7,0,0
nuscenes_mini_subset,scene-0103_028,yaw,2.0,none,,5,Car,34.6,>30m,162.7,4,4
nuscenes_mini_subset,scene-0103_028,yaw,2.0,none,,6,Car,35.7,>30m,179.1,0,0
nuscenes_mini_subset,scene-0103_028,yaw,2.0,none,,7,Car,63.6,>30m,49.3,0,0
nuscenes_mini_subset,scene-0103_028,yaw,2.0,none,,8,Car,21.7,15-30m,145.5,27,21
nuscenes_mini_subset,scene-0103_028,yaw,2.0,none,,9,Car,38.5,>30m,87.3,4,1
nuscenes_mini_subset,scene-0103_028,yaw,2.0,none,,11,Car,46.2,>30m,83.9,2,2
nuscenes_mini_subset,scene-0103_028,yaw,2.0,none,,12,Pedestrian,31.4,>30m,39.8,1,0
nuscenes_mini_subset,scene-0103_028,yaw,2.0,none,,15,Car,32.3,>30m,103.7,5,0
nuscenes_mini_subset,scene-0103_028,yaw,2.0,none,,16,Pedestrian,19.7,15-30m,64.0,9,0
nuscenes_mini_subset,scene-0103_028,yaw,2.0,none,,17,Truck,38.0,>30m,140.9,23,19
nuscenes_mini_subset,scene-0103_028,yaw,2.0,none,,18,Pedestrian,47.0,>30m,15.5,0,0
nuscenes_mini_subset,scene-0103_028,yaw,2.0,none,,19,Car,61.4,>30m,41.0,0,0
nuscenes_mini_subset,scene-0103_028,yaw,2.0,none,,20,Car,44.1,>30m,64.3,1,0
nuscenes_mini_subset,scene-0103_028,yaw,2.0,none,,21,Car,13.5,0-15m,59.4,0,0
nuscenes_mini_subset,scene-0103_028,yaw,2.0,none,,22,Car,26.6,15-30m,161.0,14,12
nuscenes_mini_subset,scene-0103_029,yaw,0.0,none,,0,Car,35.2,>30m,85.3,0,0
nuscenes_mini_subset,scene-0103_029,yaw,0.0,none,,1,Pedestrian,44.6,>30m,17.9,0,0
nuscenes_mini_subset,scene-0103_029,yaw,0.0,none,,2,Car,28.0,15-30m,16.9,0,0
nuscenes_mini_subset,scene-0103_029,yaw,0.0,none,,3,Car,55.8,>30m,54.6,0,0
nuscenes_mini_subset,scene-0103_029,yaw,0.0,none,,4,Car,52.2,>30m,57.8,2,2
nuscenes_mini_subset,scene-0103_029,yaw,0.0,none,,5,Car,31.6,>30m,190.3,3,3
nuscenes_mini_subset,scene-0103_029,yaw,0.0,none,,6,Car,32.8,>30m,183.3,1,1
nuscenes_mini_subset,scene-0103_029,yaw,0.0,none,,7,Car,60.4,>30m,52.8,0,0
nuscenes_mini_subset,scene-0103_029,yaw,0.0,none,,8,Car,18.6,15-30m,184.8,41,41
nuscenes_mini_subset,scene-0103_029,yaw,0.0,none,,9,Car,35.2,>30m,98.0,3,3
nuscenes_mini_subset,scene-0103_029,yaw,0.0,none,,11,Car,43.0,>30m,92.7,2,2
nuscenes_mini_subset,scene-0103_029,yaw,0.0,none,,12,Pedestrian,29.0,15-30m,45.4,0,0
nuscenes_mini_subset,scene-0103_029,yaw,0.0,none,,15,Car,29.1,15-30m,119.5,3,3
nuscenes_mini_subset,scene-0103_029,yaw,0.0,none,,16,Pedestrian,17.4,15-30m,79.5,5,5
nuscenes_mini_subset,scene-0103_029,yaw,0.0,none,,17,Truck,34.9,>30m,160.3,26,26
nuscenes_mini_subset,scene-0103_029,yaw,0.0,none,,18,Pedestrian,44.6,>30m,16.6,0,0
nuscenes_mini_subset,scene-0103_029,yaw,0.0,none,,19,Car,58.1,>30m,43.7,1,1
nuscenes_mini_subset,scene-0103_029,yaw,0.0,none,,20,Car,40.8,>30m,70.8,0,0
nuscenes_mini_subset,scene-0103_029,yaw,0.0,none,,21,Car,23.4,15-30m,193.0,11,11
nuscenes_mini_subset,scene-0103_029,yaw,0.5,none,,0,Car,35.2,>30m,85.3,0,0
nuscenes_mini_subset,scene-0103_029,yaw,0.5,none,,1,Pedestrian,44.6,>30m,17.9,0,0
nuscenes_mini_subset,scene-0103_029,yaw,0.5,none,,2,Car,28.0,15-30m,16.9,0,0
nuscenes_mini_subset,scene-0103_029,yaw,0.5,none,,3,Car,55.8,>30m,54.6,0,0
nuscenes_mini_subset,scene-0103_029,yaw,0.5,none,,4,Car,52.2,>30m,57.8,2,2
nuscenes_mini_subset,scene-0103_029,yaw,0.5,none,,5,Car,31.6,>30m,190.3,3,3
nuscenes_mini_subset,scene-0103_029,yaw,0.5,none,,6,Car,32.8,>30m,183.3,1,1
nuscenes_mini_subset,scene-0103_029,yaw,0.5,none,,7,Car,60.4,>30m,52.8,0,0
nuscenes_mini_subset,scene-0103_029,yaw,0.5,none,,8,Car,18.6,15-30m,184.8,41,41
nuscenes_mini_subset,scene-0103_029,yaw,0.5,none,,9,Car,35.2,>30m,98.0,3,3
nuscenes_mini_subset,scene-0103_029,yaw,0.5,none,,11,Car,43.0,>30m,92.7,2,2
nuscenes_mini_subset,scene-0103_029,yaw,0.5,none,,12,Pedestrian,29.0,15-30m,45.4,0,0
nuscenes_mini_subset,scene-0103_029,yaw,0.5,none,,15,Car,29.1,15-30m,119.5,3,3
nuscenes_mini_subset,scene-0103_029,yaw,0.5,none,,16,Pedestrian,17.4,15-30m,79.5,5,5
nuscenes_mini_subset,scene-0103_029,yaw,0.5,none,,17,Truck,34.9,>30m,160.3,26,26
nuscenes_mini_subset,scene-0103_029,yaw,0.5,none,,18,Pedestrian,44.6,>30m,16.6,0,0
nuscenes_mini_subset,scene-0103_029,yaw,0.5,none,,19,Car,58.1,>30m,43.7,1,1
nuscenes_mini_subset,scene-0103_029,yaw,0.5,none,,20,Car,40.8,>30m,70.8,0,0
nuscenes_mini_subset,scene-0103_029,yaw,0.5,none,,21,Car,23.4,15-30m,193.0,11,11
nuscenes_mini_subset,scene-0103_029,yaw,1.0,none,,0,Car,35.2,>30m,85.3,0,0
nuscenes_mini_subset,scene-0103_029,yaw,1.0,none,,1,Pedestrian,44.6,>30m,17.9,0,0
nuscenes_mini_subset,scene-0103_029,yaw,1.0,none,,2,Car,28.0,15-30m,16.9,2,2
nuscenes_mini_subset,scene-0103_029,yaw,1.0,none,,3,Car,55.8,>30m,54.6,0,0
nuscenes_mini_subset,scene-0103_029,yaw,1.0,none,,4,Car,52.2,>30m,57.8,2,1
nuscenes_mini_subset,scene-0103_029,yaw,1.0,none,,5,Car,31.6,>30m,190.3,3,3
nuscenes_mini_subset,scene-0103_029,yaw,1.0,none,,6,Car,32.8,>30m,183.3,1,1
nuscenes_mini_subset,scene-0103_029,yaw,1.0,none,,7,Car,60.4,>30m,52.8,0,0
nuscenes_mini_subset,scene-0103_029,yaw,1.0,none,,8,Car,18.6,15-30m,184.8,41,39
nuscenes_mini_subset,scene-0103_029,yaw,1.0,none,,9,Car,35.2,>30m,98.0,3,3
nuscenes_mini_subset,scene-0103_029,yaw,1.0,none,,11,Car,43.0,>30m,92.7,2,2
nuscenes_mini_subset,scene-0103_029,yaw,1.0,none,,12,Pedestrian,29.0,15-30m,45.4,0,0
nuscenes_mini_subset,scene-0103_029,yaw,1.0,none,,15,Car,29.1,15-30m,119.5,3,3
nuscenes_mini_subset,scene-0103_029,yaw,1.0,none,,16,Pedestrian,17.4,15-30m,79.5,5,3
nuscenes_mini_subset,scene-0103_029,yaw,1.0,none,,17,Truck,34.9,>30m,160.3,26,26
nuscenes_mini_subset,scene-0103_029,yaw,1.0,none,,18,Pedestrian,44.6,>30m,16.6,0,0
nuscenes_mini_subset,scene-0103_029,yaw,1.0,none,,19,Car,58.1,>30m,43.7,1,1
nuscenes_mini_subset,scene-0103_029,yaw,1.0,none,,20,Car,40.8,>30m,70.8,0,0
nuscenes_mini_subset,scene-0103_029,yaw,1.0,none,,21,Car,23.4,15-30m,193.0,11,10
nuscenes_mini_subset,scene-0103_029,yaw,2.0,none,,0,Car,35.2,>30m,85.3,0,0
nuscenes_mini_subset,scene-0103_029,yaw,2.0,none,,1,Pedestrian,44.6,>30m,17.9,0,0
nuscenes_mini_subset,scene-0103_029,yaw,2.0,none,,2,Car,28.0,15-30m,16.9,3,0
nuscenes_mini_subset,scene-0103_029,yaw,2.0,none,,3,Car,55.8,>30m,54.6,0,0
nuscenes_mini_subset,scene-0103_029,yaw,2.0,none,,4,Car,52.2,>30m,57.8,2,0
nuscenes_mini_subset,scene-0103_029,yaw,2.0,none,,5,Car,31.6,>30m,190.3,3,3
nuscenes_mini_subset,scene-0103_029,yaw,2.0,none,,6,Car,32.8,>30m,183.3,1,1
nuscenes_mini_subset,scene-0103_029,yaw,2.0,none,,7,Car,60.4,>30m,52.8,0,0
nuscenes_mini_subset,scene-0103_029,yaw,2.0,none,,8,Car,18.6,15-30m,184.8,41,33
nuscenes_mini_subset,scene-0103_029,yaw,2.0,none,,9,Car,35.2,>30m,98.0,3,0
nuscenes_mini_subset,scene-0103_029,yaw,2.0,none,,11,Car,43.0,>30m,92.7,2,2
nuscenes_mini_subset,scene-0103_029,yaw,2.0,none,,12,Pedestrian,29.0,15-30m,45.4,0,0
nuscenes_mini_subset,scene-0103_029,yaw,2.0,none,,15,Car,29.1,15-30m,119.5,3,0
nuscenes_mini_subset,scene-0103_029,yaw,2.0,none,,16,Pedestrian,17.4,15-30m,79.5,5,0
nuscenes_mini_subset,scene-0103_029,yaw,2.0,none,,17,Truck,34.9,>30m,160.3,26,23
nuscenes_mini_subset,scene-0103_029,yaw,2.0,none,,18,Pedestrian,44.6,>30m,16.6,0,0
nuscenes_mini_subset,scene-0103_029,yaw,2.0,none,,19,Car,58.1,>30m,43.7,1,0
nuscenes_mini_subset,scene-0103_029,yaw,2.0,none,,20,Car,40.8,>30m,70.8,0,0
nuscenes_mini_subset,scene-0103_029,yaw,2.0,none,,21,Car,23.4,15-30m,193.0,11,10
nuscenes_mini_subset,scene-0103_030,yaw,0.0,none,,0,Car,32.5,>30m,20.0,0,0
nuscenes_mini_subset,scene-0103_030,yaw,0.0,none,,1,Pedestrian,42.3,>30m,19.2,0,0
nuscenes_mini_subset,scene-0103_030,yaw,0.0,none,,2,Car,52.6,>30m,59.0,2,2
nuscenes_mini_subset,scene-0103_030,yaw,0.0,none,,3,Car,49.0,>30m,62.4,0,0
nuscenes_mini_subset,scene-0103_030,yaw,0.0,none,,4,Car,28.7,15-30m,226.5,6,6
nuscenes_mini_subset,scene-0103_030,yaw,0.0,none,,5,Car,30.0,>30m,125.6,0,0
nuscenes_mini_subset,scene-0103_030,yaw,0.0,none,,6,Car,57.2,>30m,56.7,0,0
nuscenes_mini_subset,scene-0103_030,yaw,0.0,none,,7,Car,15.6,15-30m,246.3,66,66
nuscenes_mini_subset,scene-0103_030,yaw,0.0,none,,8,Car,32.0,>30m,111.1,3,3
nuscenes_mini_subset,scene-0103_030,yaw,0.0,none,,10,Car,39.9,>30m,103.2,1,1
nuscenes_mini_subset,scene-0103_030,yaw,0.0,none,,11,Pedestrian,26.7,15-30m,52.4,1,1
nuscenes_mini_subset,scene-0103_030,yaw,0.0,none,,14,Car,26.0,15-30m,139.9,20,20
nuscenes_mini_subset,scene-0103_030,yaw,0.0,none,,15,Truck,31.8,>30m,184.4,43,43
nuscenes_mini_subset,scene-0103_030,yaw,0.0,none,,16,Pedestrian,42.2,>30m,17.9,0,0
nuscenes_mini_subset,scene-0103_030,yaw,0.0,none,,17,Car,54.9,>30m,46.7,0,0
nuscenes_mini_subset,scene-0103_030,yaw,0.0,none,,18,Car,37.7,>30m,78.4,0,0
nuscenes_mini_subset,scene-0103_030,yaw,0.0,none,,19,Car,20.3,15-30m,237.6,30,30
nuscenes_mini_subset,scene-0103_030,yaw,0.5,none,,0,Car,32.5,>30m,20.0,0,0
nuscenes_mini_subset,scene-0103_030,yaw,0.5,none,,1,Pedestrian,42.3,>30m,19.2,0,0
nuscenes_mini_subset,scene-0103_030,yaw,0.5,none,,2,Car,52.6,>30m,59.0,2,2
nuscenes_mini_subset,scene-0103_030,yaw,0.5,none,,3,Car,49.0,>30m,62.4,0,0
nuscenes_mini_subset,scene-0103_030,yaw,0.5,none,,4,Car,28.7,15-30m,226.5,6,6
nuscenes_mini_subset,scene-0103_030,yaw,0.5,none,,5,Car,30.0,>30m,125.6,0,0
nuscenes_mini_subset,scene-0103_030,yaw,0.5,none,,6,Car,57.2,>30m,56.7,0,0
nuscenes_mini_subset,scene-0103_030,yaw,0.5,none,,7,Car,15.6,15-30m,246.3,66,66
nuscenes_mini_subset,scene-0103_030,yaw,0.5,none,,8,Car,32.0,>30m,111.1,3,3
nuscenes_mini_subset,scene-0103_030,yaw,0.5,none,,10,Car,39.9,>30m,103.2,1,1
nuscenes_mini_subset,scene-0103_030,yaw,0.5,none,,11,Pedestrian,26.7,15-30m,52.4,1,1
nuscenes_mini_subset,scene-0103_030,yaw,0.5,none,,14,Car,26.0,15-30m,139.9,20,19
nuscenes_mini_subset,scene-0103_030,yaw,0.5,none,,15,Truck,31.8,>30m,184.4,43,43
nuscenes_mini_subset,scene-0103_030,yaw,0.5,none,,16,Pedestrian,42.2,>30m,17.9,0,0
nuscenes_mini_subset,scene-0103_030,yaw,0.5,none,,17,Car,54.9,>30m,46.7,0,0
nuscenes_mini_subset,scene-0103_030,yaw,0.5,none,,18,Car,37.7,>30m,78.4,0,0
nuscenes_mini_subset,scene-0103_030,yaw,0.5,none,,19,Car,20.3,15-30m,237.6,30,30
nuscenes_mini_subset,scene-0103_030,yaw,1.0,none,,0,Car,32.5,>30m,20.0,0,0
nuscenes_mini_subset,scene-0103_030,yaw,1.0,none,,1,Pedestrian,42.3,>30m,19.2,0,0
nuscenes_mini_subset,scene-0103_030,yaw,1.0,none,,2,Car,52.6,>30m,59.0,2,1
nuscenes_mini_subset,scene-0103_030,yaw,1.0,none,,3,Car,49.0,>30m,62.4,0,0
nuscenes_mini_subset,scene-0103_030,yaw,1.0,none,,4,Car,28.7,15-30m,226.5,6,6
nuscenes_mini_subset,scene-0103_030,yaw,1.0,none,,5,Car,30.0,>30m,125.6,1,1
nuscenes_mini_subset,scene-0103_030,yaw,1.0,none,,6,Car,57.2,>30m,56.7,0,0
nuscenes_mini_subset,scene-0103_030,yaw,1.0,none,,7,Car,15.6,15-30m,246.3,66,64
nuscenes_mini_subset,scene-0103_030,yaw,1.0,none,,8,Car,32.0,>30m,111.1,3,3
nuscenes_mini_subset,scene-0103_030,yaw,1.0,none,,10,Car,39.9,>30m,103.2,1,1
nuscenes_mini_subset,scene-0103_030,yaw,1.0,none,,11,Pedestrian,26.7,15-30m,52.4,1,1
nuscenes_mini_subset,scene-0103_030,yaw,1.0,none,,14,Car,26.0,15-30m,139.9,20,17
nuscenes_mini_subset,scene-0103_030,yaw,1.0,none,,15,Truck,31.8,>30m,184.4,43,43
nuscenes_mini_subset,scene-0103_030,yaw,1.0,none,,16,Pedestrian,42.2,>30m,17.9,0,0
nuscenes_mini_subset,scene-0103_030,yaw,1.0,none,,17,Car,54.9,>30m,46.7,0,0
nuscenes_mini_subset,scene-0103_030,yaw,1.0,none,,18,Car,37.7,>30m,78.4,0,0
nuscenes_mini_subset,scene-0103_030,yaw,1.0,none,,19,Car,20.3,15-30m,237.6,30,28
nuscenes_mini_subset,scene-0103_030,yaw,2.0,none,,0,Car,32.5,>30m,20.0,0,0
nuscenes_mini_subset,scene-0103_030,yaw,2.0,none,,1,Pedestrian,42.3,>30m,19.2,0,0
nuscenes_mini_subset,scene-0103_030,yaw,2.0,none,,2,Car,52.6,>30m,59.0,2,0
nuscenes_mini_subset,scene-0103_030,yaw,2.0,none,,3,Car,49.0,>30m,62.4,0,0
nuscenes_mini_subset,scene-0103_030,yaw,2.0,none,,4,Car,28.7,15-30m,226.5,6,6
nuscenes_mini_subset,scene-0103_030,yaw,2.0,none,,5,Car,30.0,>30m,125.6,1,1
nuscenes_mini_subset,scene-0103_030,yaw,2.0,none,,6,Car,57.2,>30m,56.7,0,0
nuscenes_mini_subset,scene-0103_030,yaw,2.0,none,,7,Car,15.6,15-30m,246.3,66,58
nuscenes_mini_subset,scene-0103_030,yaw,2.0,none,,8,Car,32.0,>30m,111.1,3,1
nuscenes_mini_subset,scene-0103_030,yaw,2.0,none,,10,Car,39.9,>30m,103.2,1,1
nuscenes_mini_subset,scene-0103_030,yaw,2.0,none,,11,Pedestrian,26.7,15-30m,52.4,1,0
nuscenes_mini_subset,scene-0103_030,yaw,2.0,none,,14,Car,26.0,15-30m,139.9,20,11
nuscenes_mini_subset,scene-0103_030,yaw,2.0,none,,15,Truck,31.8,>30m,184.4,43,40
nuscenes_mini_subset,scene-0103_030,yaw,2.0,none,,16,Pedestrian,42.2,>30m,17.9,0,0
nuscenes_mini_subset,scene-0103_030,yaw,2.0,none,,17,Car,54.9,>30m,46.7,0,0
nuscenes_mini_subset,scene-0103_030,yaw,2.0,none,,18,Car,37.7,>30m,78.4,0,0
nuscenes_mini_subset,scene-0103_030,yaw,2.0,none,,19,Car,20.3,15-30m,237.6,30,28
nuscenes_mini_subset,scene-0103_031,yaw,0.0,none,,0,Pedestrian,39.7,>30m,20.9,0,0
nuscenes_mini_subset,scene-0103_031,yaw,0.0,none,,1,Car,49.3,>30m,64.5,2,2
nuscenes_mini_subset,scene-0103_031,yaw,0.0,none,,2,Car,45.6,>30m,68.2,2,2
nuscenes_mini_subset,scene-0103_031,yaw,0.0,none,,3,Car,25.6,15-30m,184.9,8,8
nuscenes_mini_subset,scene-0103_031,yaw,0.0,none,,4,Car,27.1,15-30m,43.7,0,0
nuscenes_mini_subset,scene-0103_031,yaw,0.0,none,,5,Car,53.9,>30m,61.5,0,0
nuscenes_mini_subset,scene-0103_031,yaw,0.0,none,,6,Car,12.4,0-15m,308.9,133,133
nuscenes_mini_subset,scene-0103_031,yaw,0.0,none,,7,Car,28.7,15-30m,128.8,12,12
nuscenes_mini_subset,scene-0103_031,yaw,0.0,none,,9,Car,36.6,>30m,117.1,9,9
nuscenes_mini_subset,scene-0103_031,yaw,0.0,none,,10,Pedestrian,24.2,15-30m,62.5,1,1
nuscenes_mini_subset,scene-0103_031,yaw,0.0,none,,12,Car,22.6,15-30m,170.2,19,19
nuscenes_mini_subset,scene-0103_031,yaw,0.0,none,,13,Truck,28.5,15-30m,219.3,49,49
nuscenes_mini_subset,scene-0103_031,yaw,0.0,none,,14,Pedestrian,39.7,>30m,19.4,0,0
nuscenes_mini_subset,scene-0103_031,yaw,0.0,none,,15,Car,51.6,>30m,50.4,0,0
nuscenes_mini_subset,scene-0103_031,yaw,0.0,none,,16,Car,34.3,>30m,88.5,1,1
nuscenes_mini_subset,scene-0103_031,yaw,0.0,none,,17,Car,17.0,15-30m,311.4,47,47
nuscenes_mini_subset,scene-0103_031,yaw,0.5,none,,0,Pedestrian,39.7,>30m,20.9,0,0
nuscenes_mini_subset,scene-0103_031,yaw,0.5,none,,1,Car,49.3,>30m,64.5,2,2
nuscenes_mini_subset,scene-0103_031,yaw,0.5,none,,2,Car,45.6,>30m,68.2,2,2
nuscenes_mini_subset,scene-0103_031,yaw,0.5,none,,3,Car,25.6,15-30m,184.9,10,10
nuscenes_mini_subset,scene-0103_031,yaw,0.5,none,,4,Car,27.1,15-30m,43.7,0,0
nuscenes_mini_subset,scene-0103_031,yaw,0.5,none,,5,Car,53.9,>30m,61.5,0,0
nuscenes_mini_subset,scene-0103_031,yaw,0.5,none,,6,Car,12.4,0-15m,308.9,137,137
nuscenes_mini_subset,scene-0103_031,yaw,0.5,none,,7,Car,28.7,15-30m,128.8,12,12
nuscenes_mini_subset,scene-0103_031,yaw,0.5,none,,9,Car,36.6,>30m,117.1,9,9
nuscenes_mini_subset,scene-0103_031,yaw,0.5,none,,10,Pedestrian,24.2,15-30m,62.5,1,1
nuscenes_mini_subset,scene-0103_031,yaw,0.5,none,,12,Car,22.6,15-30m,170.2,19,19
nuscenes_mini_subset,scene-0103_031,yaw,0.5,none,,13,Truck,28.5,15-30m,219.3,49,49
nuscenes_mini_subset,scene-0103_031,yaw,0.5,none,,14,Pedestrian,39.7,>30m,19.4,0,0
nuscenes_mini_subset,scene-0103_031,yaw,0.5,none,,15,Car,51.6,>30m,50.4,0,0
nuscenes_mini_subset,scene-0103_031,yaw,0.5,none,,16,Car,34.3,>30m,88.5,1,1
nuscenes_mini_subset,scene-0103_031,yaw,0.5,none,,17,Car,17.0,15-30m,311.4,47,47
nuscenes_mini_subset,scene-0103_031,yaw,1.0,none,,0,Pedestrian,39.7,>30m,20.9,0,0
nuscenes_mini_subset,scene-0103_031,yaw,1.0,none,,1,Car,49.3,>30m,64.5,2,1
nuscenes_mini_subset,scene-0103_031,yaw,1.0,none,,2,Car,45.6,>30m,68.2,2,1
nuscenes_mini_subset,scene-0103_031,yaw,1.0,none,,3,Car,25.6,15-30m,184.9,14,14
nuscenes_mini_subset,scene-0103_031,yaw,1.0,none,,4,Car,27.1,15-30m,43.7,0,0
nuscenes_mini_subset,scene-0103_031,yaw,1.0,none,,5,Car,53.9,>30m,61.5,0,0
nuscenes_mini_subset,scene-0103_031,yaw,1.0,none,,6,Car,12.4,0-15m,308.9,140,138
nuscenes_mini_subset,scene-0103_031,yaw,1.0,none,,7,Car,28.7,15-30m,128.8,12,12
nuscenes_mini_subset,scene-0103_031,yaw,1.0,none,,9,Car,36.6,>30m,117.1,9,9
nuscenes_mini_subset,scene-0103_031,yaw,1.0,none,,10,Pedestrian,24.2,15-30m,62.5,1,1
nuscenes_mini_subset,scene-0103_031,yaw,1.0,none,,12,Car,22.6,15-30m,170.2,19,17
nuscenes_mini_subset,scene-0103_031,yaw,1.0,none,,13,Truck,28.5,15-30m,219.3,49,49
nuscenes_mini_subset,scene-0103_031,yaw,1.0,none,,14,Pedestrian,39.7,>30m,19.4,0,0
nuscenes_mini_subset,scene-0103_031,yaw,1.0,none,,15,Car,51.6,>30m,50.4,0,0
nuscenes_mini_subset,scene-0103_031,yaw,1.0,none,,16,Car,34.3,>30m,88.5,1,1
nuscenes_mini_subset,scene-0103_031,yaw,1.0,none,,17,Car,17.0,15-30m,311.4,47,46
nuscenes_mini_subset,scene-0103_031,yaw,2.0,none,,0,Pedestrian,39.7,>30m,20.9,0,0
nuscenes_mini_subset,scene-0103_031,yaw,2.0,none,,1,Car,49.3,>30m,64.5,2,0
nuscenes_mini_subset,scene-0103_031,yaw,2.0,none,,2,Car,45.6,>30m,68.2,2,0
nuscenes_mini_subset,scene-0103_031,yaw,2.0,none,,3,Car,25.6,15-30m,184.9,17,16
nuscenes_mini_subset,scene-0103_031,yaw,2.0,none,,4,Car,27.1,15-30m,43.7,0,0
nuscenes_mini_subset,scene-0103_031,yaw,2.0,none,,5,Car,53.9,>30m,61.5,0,0
nuscenes_mini_subset,scene-0103_031,yaw,2.0,none,,6,Car,12.4,0-15m,308.9,140,131
nuscenes_mini_subset,scene-0103_031,yaw,2.0,none,,7,Car,28.7,15-30m,128.8,12,10
nuscenes_mini_subset,scene-0103_031,yaw,2.0,none,,9,Car,36.6,>30m,117.1,9,9
nuscenes_mini_subset,scene-0103_031,yaw,2.0,none,,10,Pedestrian,24.2,15-30m,62.5,1,0
nuscenes_mini_subset,scene-0103_031,yaw,2.0,none,,12,Car,22.6,15-30m,170.2,19,11
nuscenes_mini_subset,scene-0103_031,yaw,2.0,none,,13,Truck,28.5,15-30m,219.3,49,47
nuscenes_mini_subset,scene-0103_031,yaw,2.0,none,,14,Pedestrian,39.7,>30m,19.4,0,0
nuscenes_mini_subset,scene-0103_031,yaw,2.0,none,,15,Car,51.6,>30m,50.4,0,0
nuscenes_mini_subset,scene-0103_031,yaw,2.0,none,,16,Car,34.3,>30m,88.5,1,0
nuscenes_mini_subset,scene-0103_031,yaw,2.0,none,,17,Car,17.0,15-30m,311.4,47,41
nuscenes_mini_subset,scene-0103_032,yaw,0.0,none,,0,Pedestrian,37.1,>30m,22.9,0,0
nuscenes_mini_subset,scene-0103_032,yaw,0.0,none,,1,Car,45.8,>30m,71.3,5,5
nuscenes_mini_subset,scene-0103_032,yaw,0.0,none,,2,Car,42.1,>30m,75.5,4,4
nuscenes_mini_subset,scene-0103_032,yaw,0.0,none,,3,Car,22.6,15-30m,91.4,0,0
nuscenes_mini_subset,scene-0103_032,yaw,0.0,none,,4,Car,50.4,>30m,67.3,1,1
nuscenes_mini_subset,scene-0103_032,yaw,0.0,none,,5,Car,9.4,0-15m,145.0,30,30
nuscenes_mini_subset,scene-0103_032,yaw,0.0,none,,6,Car,25.2,15-30m,154.4,22,22
nuscenes_mini_subset,scene-0103_032,yaw,0.0,none,,8,Car,33.2,>30m,135.5,10,10
nuscenes_mini_subset,scene-0103_032,yaw,0.0,none,,9,Pedestrian,21.8,15-30m,73.8,0,0
nuscenes_mini_subset,scene-0103_032,yaw,0.0,none,,11,Car,19.2,15-30m,218.6,25,25
nuscenes_mini_subset,scene-0103_032,yaw,0.0,none,,12,Truck,25.1,15-30m,270.2,70,70
nuscenes_mini_subset,scene-0103_032,yaw,0.0,none,,13,Pedestrian,37.0,>30m,21.3,0,0
nuscenes_mini_subset,scene-0103_032,yaw,0.0,none,,14,Car,48.0,>30m,54.9,0,0
nuscenes_mini_subset,scene-0103_032,yaw,0.0,none,,15,Car,30.8,>30m,102.1,3,3
nuscenes_mini_subset,scene-0103_032,yaw,0.0,none,,16,Car,13.8,0-15m,397.3,123,123
nuscenes_mini_subset,scene-0103_032,yaw,0.5,none,,0,Pedestrian,37.1,>30m,22.9,0,0
nuscenes_mini_subset,scene-0103_032,yaw,0.5,none,,1,Car,45.8,>30m,71.3,5,5
nuscenes_mini_subset,scene-0103_032,yaw,0.5,none,,2,Car,42.1,>30m,75.5,4,4
nuscenes_mini_subset,scene-0103_032,yaw,0.5,none,,3,Car,22.6,15-30m,91.4,1,1
nuscenes_mini_subset,scene-0103_032,yaw,0.5,none,,4,Car,50.4,>30m,67.3,1,1
nuscenes_mini_subset,scene-0103_032,yaw,0.5,none,,5,Car,9.4,0-15m,145.0,39,38
nuscenes_mini_subset,scene-0103_032,yaw,0.5,none,,6,Car,25.2,15-30m,154.4,22,22
nuscenes_mini_subset,scene-0103_032,yaw,0.5,none,,8,Car,33.2,>30m,135.5,10,10
nuscenes_mini_subset,scene-0103_032,yaw,0.5,none,,9,Pedestrian,21.8,15-30m,73.8,0,0
nuscenes_mini_subset,scene-0103_032,yaw,0.5,none,,11,Car,19.2,15-30m,218.6,25,24
nuscenes_mini_subset,scene-0103_032,yaw,0.5,none,,12,Truck,25.1,15-30m,270.2,70,70
nuscenes_mini_subset,scene-0103_032,yaw,0.5,none,,13,Pedestrian,37.0,>30m,21.3,0,0
nuscenes_mini_subset,scene-0103_032,yaw,0.5,none,,14,Car,48.0,>30m,54.9,0,0
nuscenes_mini_subset,scene-0103_032,yaw,0.5,none,,15,Car,30.8,>30m,102.1,3,3
nuscenes_mini_subset,scene-0103_032,yaw,0.5,none,,16,Car,13.8,0-15m,397.3,123,123
nuscenes_mini_subset,scene-0103_032,yaw,1.0,none,,0,Pedestrian,37.1,>30m,22.9,0,0
nuscenes_mini_subset,scene-0103_032,yaw,1.0,none,,1,Car,45.8,>30m,71.3,5,5
nuscenes_mini_subset,scene-0103_032,yaw,1.0,none,,2,Car,42.1,>30m,75.5,4,3
nuscenes_mini_subset,scene-0103_032,yaw,1.0,none,,3,Car,22.6,15-30m,91.4,3,3
nuscenes_mini_subset,scene-0103_032,yaw,1.0,none,,4,Car,50.4,>30m,67.3,1,1
nuscenes_mini_subset,scene-0103_032,yaw,1.0,none,,5,Car,9.4,0-15m,145.0,45,44
nuscenes_mini_subset,scene-0103_032,yaw,1.0,none,,6,Car,25.2,15-30m,154.4,22,19
nuscenes_mini_subset,scene-0103_032,yaw,1.0,none,,8,Car,33.2,>30m,135.5,10,10
nuscenes_mini_subset,scene-0103_032,yaw,1.0,none,,9,Pedestrian,21.8,15-30m,73.8,0,0
nuscenes_mini_subset,scene-0103_032,yaw,1.0,none,,11,Car,19.2,15-30m,218.6,25,23
nuscenes_mini_subset,scene-0103_032,yaw,1.0,none,,12,Truck,25.1,15-30m,270.2,70,70
nuscenes_mini_subset,scene-0103_032,yaw,1.0,none,,13,Pedestrian,37.0,>30m,21.3,0,0
nuscenes_mini_subset,scene-0103_032,yaw,1.0,none,,14,Car,48.0,>30m,54.9,0,0
nuscenes_mini_subset,scene-0103_032,yaw,1.0,none,,15,Car,30.8,>30m,102.1,3,3
nuscenes_mini_subset,scene-0103_032,yaw,1.0,none,,16,Car,13.8,0-15m,397.3,123,121
nuscenes_mini_subset,scene-0103_032,yaw,2.0,none,,0,Pedestrian,37.1,>30m,22.9,0,0
nuscenes_mini_subset,scene-0103_032,yaw,2.0,none,,1,Car,45.8,>30m,71.3,5,1
nuscenes_mini_subset,scene-0103_032,yaw,2.0,none,,2,Car,42.1,>30m,75.5,4,0
nuscenes_mini_subset,scene-0103_032,yaw,2.0,none,,3,Car,22.6,15-30m,91.4,8,7
nuscenes_mini_subset,scene-0103_032,yaw,2.0,none,,4,Car,50.4,>30m,67.3,1,0
nuscenes_mini_subset,scene-0103_032,yaw,2.0,none,,5,Car,9.4,0-15m,145.0,62,53
nuscenes_mini_subset,scene-0103_032,yaw,2.0,none,,6,Car,25.2,15-30m,154.4,22,16
nuscenes_mini_subset,scene-0103_032,yaw,2.0,none,,8,Car,33.2,>30m,135.5,10,10
nuscenes_mini_subset,scene-0103_032,yaw,2.0,none,,9,Pedestrian,21.8,15-30m,73.8,0,0
nuscenes_mini_subset,scene-0103_032,yaw,2.0,none,,11,Car,19.2,15-30m,218.6,25,16
nuscenes_mini_subset,scene-0103_032,yaw,2.0,none,,12,Truck,25.1,15-30m,270.2,70,67
nuscenes_mini_subset,scene-0103_032,yaw,2.0,none,,13,Pedestrian,37.0,>30m,21.3,0,0
nuscenes_mini_subset,scene-0103_032,yaw,2.0,none,,14,Car,48.0,>30m,54.9,0,0
nuscenes_mini_subset,scene-0103_032,yaw,2.0,none,,15,Car,30.8,>30m,102.1,3,0
nuscenes_mini_subset,scene-0103_032,yaw,2.0,none,,16,Car,13.8,0-15m,397.3,123,114
nuscenes_mini_subset,scene-0103_033,yaw,0.0,none,,0,Pedestrian,34.2,>30m,25.7,0,0
nuscenes_mini_subset,scene-0103_033,yaw,0.0,none,,1,Car,42.2,>30m,80.2,6,6
nuscenes_mini_subset,scene-0103_033,yaw,0.0,none,,2,Car,63.6,>30m,45.4,1,1
nuscenes_mini_subset,scene-0103_033,yaw,0.0,none,,3,Car,38.4,>30m,84.8,4,4
nuscenes_mini_subset,scene-0103_033,yaw,0.0,none,,4,Car,46.7,>30m,74.7,0,0
nuscenes_mini_subset,scene-0103_033,yaw,0.0,none,,5,Car,21.6,15-30m,193.5,30,30
nuscenes_mini_subset,scene-0103_033,yaw,0.0,none,,6,Car,81.8,>30m,31.7,1,1
nuscenes_mini_subset,scene-0103_033,yaw,0.0,none,,7,Car,29.6,15-30m,162.0,20,20
nuscenes_mini_subset,scene-0103_033,yaw,0.0,none,,9,Car,15.6,15-30m,305.5,64,64
nuscenes_mini_subset,scene-0103_033,yaw,0.0,none,,11,Truck,21.6,15-30m,353.9,122,122
nuscenes_mini_subset,scene-0103_033,yaw,0.0,none,,12,Pedestrian,34.2,>30m,23.7,0,0
nuscenes_mini_subset,scene-0103_033,yaw,0.0,none,,13,Car,44.3,>30m,60.5,0,0
nuscenes_mini_subset,scene-0103_033,yaw,0.0,none,,14,Car,27.1,15-30m,121.3,6,6
nuscenes_mini_subset,scene-0103_033,yaw,0.0,none,,15,Car,10.4,0-15m,285.9,95,95
nuscenes_mini_subset,scene-0103_033,yaw,0.5,none,,0,Pedestrian,34.2,>30m,25.7,0,0
nuscenes_mini_subset,scene-0103_033,yaw,0.5,none,,1,Car,42.2,>30m,80.2,6,5
nuscenes_mini_subset,scene-0103_033,yaw,0.5,none,,2,Car,63.6,>30m,45.4,1,0
nuscenes_mini_subset,scene-0103_033,yaw,0.5,none,,3,Car,38.4,>30m,84.8,4,4
nuscenes_mini_subset,scene-0103_033,yaw,0.5,none,,4,Car,46.7,>30m,74.7,0,0
nuscenes_mini_subset,scene-0103_033,yaw,0.5,none,,5,Car,21.6,15-30m,193.5,30,30
nuscenes_mini_subset,scene-0103_033,yaw,0.5,none,,6,Car,81.8,>30m,31.7,1,1
nuscenes_mini_subset,scene-0103_033,yaw,0.5,none,,7,Car,29.6,15-30m,162.0,20,20
nuscenes_mini_subset,scene-0103_033,yaw,0.5,none,,9,Car,15.6,15-30m,305.5,64,64
nuscenes_mini_subset,scene-0103_033,yaw,0.5,none,,11,Truck,21.6,15-30m,353.9,122,122
nuscenes_mini_subset,scene-0103_033,yaw,0.5,none,,12,Pedestrian,34.2,>30m,23.7,0,0
nuscenes_mini_subset,scene-0103_033,yaw,0.5,none,,13,Car,44.3,>30m,60.5,0,0
nuscenes_mini_subset,scene-0103_033,yaw,0.5,none,,14,Car,27.1,15-30m,121.3,6,6
nuscenes_mini_subset,scene-0103_033,yaw,0.5,none,,15,Car,10.4,0-15m,285.9,100,100
nuscenes_mini_subset,scene-0103_033,yaw,1.0,none,,0,Pedestrian,34.2,>30m,25.7,0,0
nuscenes_mini_subset,scene-0103_033,yaw,1.0,none,,1,Car,42.2,>30m,80.2,6,3
nuscenes_mini_subset,scene-0103_033,yaw,1.0,none,,2,Car,63.6,>30m,45.4,1,0
nuscenes_mini_subset,scene-0103_033,yaw,1.0,none,,3,Car,38.4,>30m,84.8,4,4
nuscenes_mini_subset,scene-0103_033,yaw,1.0,none,,4,Car,46.7,>30m,74.7,0,0
nuscenes_mini_subset,scene-0103_033,yaw,1.0,none,,5,Car,21.6,15-30m,193.5,30,29
nuscenes_mini_subset,scene-0103_033,yaw,1.0,none,,6,Car,81.8,>30m,31.7,1,0
nuscenes_mini_subset,scene-0103_033,yaw,1.0,none,,7,Car,29.6,15-30m,162.0,20,20
nuscenes_mini_subset,scene-0103_033,yaw,1.0,none,,9,Car,15.6,15-30m,305.5,64,62
nuscenes_mini_subset,scene-0103_033,yaw,1.0,none,,11,Truck,21.6,15-30m,353.9,122,122
nuscenes_mini_subset,scene-0103_033,yaw,1.0,none,,12,Pedestrian,34.2,>30m,23.7,0,0
nuscenes_mini_subset,scene-0103_033,yaw,1.0,none,,13,Car,44.3,>30m,60.5,0,0
nuscenes_mini_subset,scene-0103_033,yaw,1.0,none,,14,Car,27.1,15-30m,121.3,6,6
nuscenes_mini_subset,scene-0103_033,yaw,1.0,none,,15,Car,10.4,0-15m,285.9,109,107
nuscenes_mini_subset,scene-0103_033,yaw,2.0,none,,0,Pedestrian,34.2,>30m,25.7,0,0
nuscenes_mini_subset,scene-0103_033,yaw,2.0,none,,1,Car,42.2,>30m,80.2,6,1
nuscenes_mini_subset,scene-0103_033,yaw,2.0,none,,2,Car,63.6,>30m,45.4,1,0
nuscenes_mini_subset,scene-0103_033,yaw,2.0,none,,3,Car,38.4,>30m,84.8,4,1
nuscenes_mini_subset,scene-0103_033,yaw,2.0,none,,4,Car,46.7,>30m,74.7,0,0
nuscenes_mini_subset,scene-0103_033,yaw,2.0,none,,5,Car,21.6,15-30m,193.5,30,25
nuscenes_mini_subset,scene-0103_033,yaw,2.0,none,,6,Car,81.8,>30m,31.7,1,0
nuscenes_mini_subset,scene-0103_033,yaw,2.0,none,,7,Car,29.6,15-30m,162.0,20,20
nuscenes_mini_subset,scene-0103_033,yaw,2.0,none,,9,Car,15.6,15-30m,305.5,64,57
nuscenes_mini_subset,scene-0103_033,yaw,2.0,none,,11,Truck,21.6,15-30m,353.9,122,122
nuscenes_mini_subset,scene-0103_033,yaw,2.0,none,,12,Pedestrian,34.2,>30m,23.7,0,0
nuscenes_mini_subset,scene-0103_033,yaw,2.0,none,,13,Car,44.3,>30m,60.5,0,0
nuscenes_mini_subset,scene-0103_033,yaw,2.0,none,,14,Car,27.1,15-30m,121.3,6,2
nuscenes_mini_subset,scene-0103_033,yaw,2.0,none,,15,Car,10.4,0-15m,285.9,122,116
nuscenes_mini_subset,scene-0103_034,yaw,0.0,none,,0,Pedestrian,31.3,>30m,29.3,0,0
nuscenes_mini_subset,scene-0103_034,yaw,0.0,none,,1,Car,38.4,>30m,91.9,9,9
nuscenes_mini_subset,scene-0103_034,yaw,0.0,none,,2,Car,59.8,>30m,48.9,1,1
nuscenes_mini_subset,scene-0103_034,yaw,0.0,none,,3,Car,34.6,>30m,97.2,6,6
nuscenes_mini_subset,scene-0103_034,yaw,0.0,none,,4,Car,34.6,>30m,75.8,3,3
nuscenes_mini_subset,scene-0103_034,yaw,0.0,none,,5,Car,42.9,>30m,84.2,0,0
nuscenes_mini_subset,scene-0103_034,yaw,0.0,none,,6,Car,17.9,15-30m,259.2,61,61
nuscenes_mini_subset,scene-0103_034,yaw,0.0,none,,7,Car,78.0,>30m,33.0,1,1
nuscenes_mini_subset,scene-0103_034,yaw,0.0,none,,8,Car,25.9,15-30m,201.4,22,22
nuscenes_mini_subset,scene-0103_034,yaw,0.0,none,,9,Car,12.0,0-15m,341.6,145,144
nuscenes_mini_subset,scene-0103_034,yaw,0.0,none,,11,Truck,18.2,15-30m,356.8,168,168
nuscenes_mini_subset,scene-0103_034,yaw,0.0,none,,12,Pedestrian,31.2,>30m,27.0,0,0
nuscenes_mini_subset,scene-0103_034,yaw,0.0,none,,13,Car,40.5,>30m,67.7,1,1
nuscenes_mini_subset,scene-0103_034,yaw,0.0,none,,14,Car,23.3,15-30m,149.9,17,17
nuscenes_mini_subset,scene-0103_034,yaw,0.0,none,,15,Car,7.4,0-15m,48.2,0,0
nuscenes_mini_subset,scene-0103_034,yaw,0.5,none,,0,Pedestrian,31.3,>30m,29.3,0,0
nuscenes_mini_subset,scene-0103_034,yaw,0.5,none,,1,Car,38.4,>30m,91.9,9,9
nuscenes_mini_subset,scene-0103_034,yaw,0.5,none,,2,Car,59.8,>30m,48.9,1,1
nuscenes_mini_subset,scene-0103_034,yaw,0.5,none,,3,Car,34.6,>30m,97.2,6,6
nuscenes_mini_subset,scene-0103_034,yaw,0.5,none,,4,Car,34.6,>30m,75.8,3,3
nuscenes_mini_subset,scene-0103_034,yaw,0.5,none,,5,Car,42.9,>30m,84.2,0,0
nuscenes_mini_subset,scene-0103_034,yaw,0.5,none,,6,Car,17.9,15-30m,259.2,61,61
nuscenes_mini_subset,scene-0103_034,yaw,0.5,none,,7,Car,78.0,>30m,33.0,1,0
nuscenes_mini_subset,scene-0103_034,yaw,0.5,none,,8,Car,25.9,15-30m,201.4,22,22
nuscenes_mini_subset,scene-0103_034,yaw,0.5,none,,9,Car,12.0,0-15m,341.6,149,147
nuscenes_mini_subset,scene-0103_034,yaw,0.5,none,,11,Truck,18.2,15-30m,356.8,160,160
nuscenes_mini_subset,scene-0103_034,yaw,0.5,none,,12,Pedestrian,31.2,>30m,27.0,0,0
nuscenes_mini_subset,scene-0103_034,yaw,0.5,none,,13,Car,40.5,>30m,67.7,1,1
nuscenes_mini_subset,scene-0103_034,yaw,0.5,none,,14,Car,23.3,15-30m,149.9,17,16
nuscenes_mini_subset,scene-0103_034,yaw,0.5,none,,15,Car,7.4,0-15m,48.2,6,5
nuscenes_mini_subset,scene-0103_034,yaw,1.0,none,,0,Pedestrian,31.3,>30m,29.3,0,0
nuscenes_mini_subset,scene-0103_034,yaw,1.0,none,,1,Car,38.4,>30m,91.9,9,8
nuscenes_mini_subset,scene-0103_034,yaw,1.0,none,,2,Car,59.8,>30m,48.9,1,0
nuscenes_mini_subset,scene-0103_034,yaw,1.0,none,,3,Car,34.6,>30m,97.2,6,6
nuscenes_mini_subset,scene-0103_034,yaw,1.0,none,,4,Car,34.6,>30m,75.8,3,2
nuscenes_mini_subset,scene-0103_034,yaw,1.0,none,,5,Car,42.9,>30m,84.2,0,0
nuscenes_mini_subset,scene-0103_034,yaw,1.0,none,,6,Car,17.9,15-30m,259.2,61,59
nuscenes_mini_subset,scene-0103_034,yaw,1.0,none,,7,Car,78.0,>30m,33.0,1,0
nuscenes_mini_subset,scene-0103_034,yaw,1.0,none,,8,Car,25.9,15-30m,201.4,22,22
nuscenes_mini_subset,scene-0103_034,yaw,1.0,none,,9,Car,12.0,0-15m,341.6,154,151
nuscenes_mini_subset,scene-0103_034,yaw,1.0,none,,11,Truck,18.2,15-30m,356.8,156,156
nuscenes_mini_subset,scene-0103_034,yaw,1.0,none,,12,Pedestrian,31.2,>30m,27.0,0,0
nuscenes_mini_subset,scene-0103_034,yaw,1.0,none,,13,Car,40.5,>30m,67.7,1,1
nuscenes_mini_subset,scene-0103_034,yaw,1.0,none,,14,Car,23.3,15-30m,149.9,17,15
nuscenes_mini_subset,scene-0103_034,yaw,1.0,none,,15,Car,7.4,0-15m,48.2,10,10
nuscenes_mini_subset,scene-0103_034,yaw,2.0,none,,0,Pedestrian,31.3,>30m,29.3,0,0
nuscenes_mini_subset,scene-0103_034,yaw,2.0,none,,1,Car,38.4,>30m,91.9,9,3
nuscenes_mini_subset,scene-0103_034,yaw,2.0,none,,2,Car,59.8,>30m,48.9,1,0
nuscenes_mini_subset,scene-0103_034,yaw,2.0,none,,3,Car,34.6,>30m,97.2,6,3
nuscenes_mini_subset,scene-0103_034,yaw,2.0,none,,4,Car,34.6,>30m,75.8,3,1
nuscenes_mini_subset,scene-0103_034,yaw,2.0,none,,5,Car,42.9,>30m,84.2,0,0
nuscenes_mini_subset,scene-0103_034,yaw,2.0,none,,6,Car,17.9,15-30m,259.2,61,52
nuscenes_mini_subset,scene-0103_034,yaw,2.0,none,,7,Car,78.0,>30m,33.0,1,0
nuscenes_mini_subset,scene-0103_034,yaw,2.0,none,,8,Car,25.9,15-30m,201.4,22,22
nuscenes_mini_subset,scene-0103_034,yaw,2.0,none,,9,Car,12.0,0-15m,341.6,162,152
nuscenes_mini_subset,scene-0103_034,yaw,2.0,none,,11,Truck,18.2,15-30m,356.8,142,142
nuscenes_mini_subset,scene-0103_034,yaw,2.0,none,,12,Pedestrian,31.2,>30m,27.0,0,0
nuscenes_mini_subset,scene-0103_034,yaw,2.0,none,,13,Car,40.5,>30m,67.7,1,0
nuscenes_mini_subset,scene-0103_034,yaw,2.0,none,,14,Car,23.3,15-30m,149.9,17,13
nuscenes_mini_subset,scene-0103_034,yaw,2.0,none,,15,Car,7.4,0-15m,48.2,22,19
nuscenes_mini_subset,scene-0103_035,yaw,0.0,none,,0,Pedestrian,27.7,15-30m,35.5,0,0
nuscenes_mini_subset,scene-0103_035,yaw,0.0,none,,1,Car,33.8,>30m,110.8,17,17
nuscenes_mini_subset,scene-0103_035,yaw,0.0,none,,2,Car,55.0,>30m,54.0,1,1
nuscenes_mini_subset,scene-0103_035,yaw,0.0,none,,3,Car,29.9,15-30m,118.4,13,13
nuscenes_mini_subset,scene-0103_035,yaw,0.0,none,,4,Car,26.3,15-30m,104.1,0,0
nuscenes_mini_subset,scene-0103_035,yaw,0.0,none,,5,Car,38.3,>30m,99.1,0,0
nuscenes_mini_subset,scene-0103_035,yaw,0.0,none,,6,Car,67.6,>30m,42.8,2,2
nuscenes_mini_subset,scene-0103_035,yaw,0.0,none,,7,Car,13.4,0-15m,385.6,149,149
nuscenes_mini_subset,scene-0103_035,yaw,0.0,none,,8,Car,73.2,>30m,36.2,2,2
nuscenes_mini_subset,scene-0103_035,yaw,0.0,none,,9,Car,21.5,15-30m,278.6,49,49
nuscenes_mini_subset,scene-0103_035,yaw,0.0,none,,10,Car,8.0,0-15m,102.2,25,24
nuscenes_mini_subset,scene-0103_035,yaw,0.0,none,,12,Truck,14.3,0-15m,204.0,103,103
nuscenes_mini_subset,scene-0103_035,yaw,0.0,none,,13,Pedestrian,27.5,15-30m,32.4,0,0
nuscenes_mini_subset,scene-0103_035,yaw,0.0,none,,14,Car,35.8,>30m,79.2,2,2
nuscenes_mini_subset,scene-0103_035,yaw,0.0,none,,15,Car,18.7,15-30m,208.7,26,26
nuscenes_mini_subset,scene-0103_035,yaw,0.5,none,,0,Pedestrian,27.7,15-30m,35.5,0,0
nuscenes_mini_subset,scene-0103_035,yaw,0.5,none,,1,Car,33.8,>30m,110.8,17,16
nuscenes_mini_subset,scene-0103_035,yaw,0.5,none,,2,Car,55.0,>30m,54.0,1,1
nuscenes_mini_subset,scene-0103_035,yaw,0.5,none,,3,Car,29.9,15-30m,118.4,13,13
nuscenes_mini_subset,scene-0103_035,yaw,0.5,none,,4,Car,26.3,15-30m,104.1,0,0
nuscenes_mini_subset,scene-0103_035,yaw,0.5,none,,5,Car,38.3,>30m,99.1,0,0
nuscenes_mini_subset,scene-0103_035,yaw,0.5,none,,6,Car,67.6,>30m,42.8,2,2
nuscenes_mini_subset,scene-0103_035,yaw,0.5,none,,7,Car,13.4,0-15m,385.6,149,149
nuscenes_mini_subset,scene-0103_035,yaw,0.5,none,,8,Car,73.2,>30m,36.2,2,1
nuscenes_mini_subset,scene-0103_035,yaw,0.5,none,,9,Car,21.5,15-30m,278.6,49,49
nuscenes_mini_subset,scene-0103_035,yaw,0.5,none,,10,Car,8.0,0-15m,102.2,29,29
nuscenes_mini_subset,scene-0103_035,yaw,0.5,none,,12,Truck,14.3,0-15m,204.0,92,92
nuscenes_mini_subset,scene-0103_035,yaw,0.5,none,,13,Pedestrian,27.5,15-30m,32.4,0,0
nuscenes_mini_subset,scene-0103_035,yaw,0.5,none,,14,Car,35.8,>30m,79.2,2,2
nuscenes_mini_subset,scene-0103_035,yaw,0.5,none,,15,Car,18.7,15-30m,208.7,26,25
nuscenes_mini_subset,scene-0103_035,yaw,1.0,none,,0,Pedestrian,27.7,15-30m,35.5,0,0
nuscenes_mini_subset,scene-0103_035,yaw,1.0,none,,1,Car,33.8,>30m,110.8,17,14
nuscenes_mini_subset,scene-0103_035,yaw,1.0,none,,2,Car,55.0,>30m,54.0,1,0
nuscenes_mini_subset,scene-0103_035,yaw,1.0,none,,3,Car,29.9,15-30m,118.4,13,13
nuscenes_mini_subset,scene-0103_035,yaw,1.0,none,,4,Car,26.3,15-30m,104.1,0,0
nuscenes_mini_subset,scene-0103_035,yaw,1.0,none,,5,Car,38.3,>30m,99.1,0,0
nuscenes_mini_subset,scene-0103_035,yaw,1.0,none,,6,Car,67.6,>30m,42.8,2,1
nuscenes_mini_subset,scene-0103_035,yaw,1.0,none,,7,Car,13.4,0-15m,385.6,149,149
nuscenes_mini_subset,scene-0103_035,yaw,1.0,none,,8,Car,73.2,>30m,36.2,2,0
nuscenes_mini_subset,scene-0103_035,yaw,1.0,none,,9,Car,21.5,15-30m,278.6,49,49
nuscenes_mini_subset,scene-0103_035,yaw,1.0,none,,10,Car,8.0,0-15m,102.2,34,34
nuscenes_mini_subset,scene-0103_035,yaw,1.0,none,,12,Truck,14.3,0-15m,204.0,80,80
nuscenes_mini_subset,scene-0103_035,yaw,1.0,none,,13,Pedestrian,27.5,15-30m,32.4,0,0
nuscenes_mini_subset,scene-0103_035,yaw,1.0,none,,14,Car,35.8,>30m,79.2,2,2
nuscenes_mini_subset,scene-0103_035,yaw,1.0,none,,15,Car,18.7,15-30m,208.7,26,23
nuscenes_mini_subset,scene-0103_035,yaw,2.0,none,,0,Pedestrian,27.7,15-30m,35.5,0,0
nuscenes_mini_subset,scene-0103_035,yaw,2.0,none,,1,Car,33.8,>30m,110.8,17,8
nuscenes_mini_subset,scene-0103_035,yaw,2.0,none,,2,Car,55.0,>30m,54.0,1,0
nuscenes_mini_subset,scene-0103_035,yaw,2.0,none,,3,Car,29.9,15-30m,118.4,13,9
nuscenes_mini_subset,scene-0103_035,yaw,2.0,none,,4,Car,26.3,15-30m,104.1,0,0
nuscenes_mini_subset,scene-0103_035,yaw,2.0,none,,5,Car,38.3,>30m,99.1,0,0
nuscenes_mini_subset,scene-0103_035,yaw,2.0,none,,6,Car,67.6,>30m,42.8,2,0
nuscenes_mini_subset,scene-0103_035,yaw,2.0,none,,7,Car,13.4,0-15m,385.6,149,141
nuscenes_mini_subset,scene-0103_035,yaw,2.0,none,,8,Car,73.2,>30m,36.2,2,0
nuscenes_mini_subset,scene-0103_035,yaw,2.0,none,,9,Car,21.5,15-30m,278.6,49,49
nuscenes_mini_subset,scene-0103_035,yaw,2.0,none,,10,Car,8.0,0-15m,102.2,45,38
nuscenes_mini_subset,scene-0103_035,yaw,2.0,none,,12,Truck,14.3,0-15m,204.0,59,59
nuscenes_mini_subset,scene-0103_035,yaw,2.0,none,,13,Pedestrian,27.5,15-30m,32.4,0,0
nuscenes_mini_subset,scene-0103_035,yaw,2.0,none,,14,Car,35.8,>30m,79.2,2,1
nuscenes_mini_subset,scene-0103_035,yaw,2.0,none,,15,Car,18.7,15-30m,208.7,26,22
nuscenes_mini_subset,scene-0103_036,yaw,0.0,none,,0,Pedestrian,25.5,15-30m,40.8,0,0
nuscenes_mini_subset,scene-0103_036,yaw,0.0,none,,1,Car,30.7,>30m,128.7,25,25
nuscenes_mini_subset,scene-0103_036,yaw,0.0,none,,2,Car,51.8,>30m,58.1,1,1
nuscenes_mini_subset,scene-0103_036,yaw,0.0,none,,3,Car,26.8,15-30m,138.5,16,16
nuscenes_mini_subset,scene-0103_036,yaw,0.0,none,,4,Car,19.5,15-30m,150.3,17,17
nuscenes_mini_subset,scene-0103_036,yaw,0.0,none,,5,Car,35.2,>30m,112.5,3,3
nuscenes_mini_subset,scene-0103_036,yaw,0.0,none,,6,Car,64.4,>30m,46.7,1,1
nuscenes_mini_subset,scene-0103_036,yaw,0.0,none,,7,Car,10.5,0-15m,283.5,107,107
nuscenes_mini_subset,scene-0103_036,yaw,0.0,none,,8,Car,69.7,>30m,37.9,2,2
nuscenes_mini_subset,scene-0103_036,yaw,0.0,none,,9,Car,18.6,15-30m,341.0,74,74
nuscenes_mini_subset,scene-0103_036,yaw,0.0,none,,11,Truck,11.9,0-15m,20.4,0,0
nuscenes_mini_subset,scene-0103_036,yaw,0.0,none,,12,Pedestrian,25.3,15-30m,37.1,0,0
nuscenes_mini_subset,scene-0103_036,yaw,0.0,none,,13,Car,32.6,>30m,89.4,1,1
nuscenes_mini_subset,scene-0103_036,yaw,0.0,none,,14,Car,15.7,15-30m,279.7,38,38
nuscenes_mini_subset,scene-0103_036,yaw,0.5,none,,0,Pedestrian,25.5,15-30m,40.8,0,0
nuscenes_mini_subset,scene-0103_036,yaw,0.5,none,,1,Car,30.7,>30m,128.7,25,25
nuscenes_mini_subset,scene-0103_036,yaw,0.5,none,,2,Car,51.8,>30m,58.1,1,1
nuscenes_mini_subset,scene-0103_036,yaw,0.5,none,,3,Car,26.8,15-30m,138.5,16,15
nuscenes_mini_subset,scene-0103_036,yaw,0.5,none,,4,Car,19.5,15-30m,150.3,17,17
nuscenes_mini_subset,scene-0103_036,yaw,0.5,none,,5,Car,35.2,>30m,112.5,3,3
nuscenes_mini_subset,scene-0103_036,yaw,0.5,none,,6,Car,64.4,>30m,46.7,1,1
nuscenes_mini_subset,scene-0103_036,yaw,0.5,none,,7,Car,10.5,0-15m,283.5,120,120
nuscenes_mini_subset,scene-0103_036,yaw,0.5,none,,8,Car,69.7,>30m,37.9,2,1
nuscenes_mini_subset,scene-0103_036,yaw,0.5,none,,9,Car,18.6,15-30m,341.0,71,71
nuscenes_mini_subset,scene-0103_036,yaw,0.5,none,,11,Truck,11.9,0-15m,20.4,0,0
nuscenes_mini_subset,scene-0103_036,yaw,0.5,none,,12,Pedestrian,25.3,15-30m,37.1,0,0
nuscenes_mini_subset,scene-0103_036,yaw,0.5,none,,13,Car,32.6,>30m,89.4,1,1
nuscenes_mini_subset,scene-0103_036,yaw,0.5,none,,14,Car,15.7,15-30m,279.7,38,38
nuscenes_mini_subset,scene-0103_036,yaw,1.0,none,,0,Pedestrian,25.5,15-30m,40.8,0,0
nuscenes_mini_subset,scene-0103_036,yaw,1.0,none,,1,Car,30.7,>30m,128.7,25,23
nuscenes_mini_subset,scene-0103_036,yaw,1.0,none,,2,Car,51.8,>30m,58.1,1,0
nuscenes_mini_subset,scene-0103_036,yaw,1.0,none,,3,Car,26.8,15-30m,138.5,16,15
nuscenes_mini_subset,scene-0103_036,yaw,1.0,none,,4,Car,19.5,15-30m,150.3,17,13
nuscenes_mini_subset,scene-0103_036,yaw,1.0,none,,5,Car,35.2,>30m,112.5,3,3
nuscenes_mini_subset,scene-0103_036,yaw,1.0,none,,6,Car,64.4,>30m,46.7,1,1
nuscenes_mini_subset,scene-0103_036,yaw,1.0,none,,7,Car,10.5,0-15m,283.5,126,126
nuscenes_mini_subset,scene-0103_036,yaw,1.0,none,,8,Car,69.7,>30m,37.9,2,0
nuscenes_mini_subset,scene-0103_036,yaw,1.0,none,,9,Car,18.6,15-30m,341.0,69,69
nuscenes_mini_subset,scene-0103_036,yaw,1.0,none,,11,Truck,11.9,0-15m,20.4,0,0
nuscenes_mini_subset,scene-0103_036,yaw,1.0,none,,12,Pedestrian,25.3,15-30m,37.1,0,0
nuscenes_mini_subset,scene-0103_036,yaw,1.0,none,,13,Car,32.6,>30m,89.4,1,1
nuscenes_mini_subset,scene-0103_036,yaw,1.0,none,,14,Car,15.7,15-30m,279.7,38,36
nuscenes_mini_subset,scene-0103_036,yaw,2.0,none,,0,Pedestrian,25.5,15-30m,40.8,0,0
nuscenes_mini_subset,scene-0103_036,yaw,2.0,none,,1,Car,30.7,>30m,128.7,25,16
nuscenes_mini_subset,scene-0103_036,yaw,2.0,none,,2,Car,51.8,>30m,58.1,1,0
nuscenes_mini_subset,scene-0103_036,yaw,2.0,none,,3,Car,26.8,15-30m,138.5,16,11
nuscenes_mini_subset,scene-0103_036,yaw,2.0,none,,4,Car,19.5,15-30m,150.3,17,11
nuscenes_mini_subset,scene-0103_036,yaw,2.0,none,,5,Car,35.2,>30m,112.5,3,3
nuscenes_mini_subset,scene-0103_036,yaw,2.0,none,,6,Car,64.4,>30m,46.7,1,0
nuscenes_mini_subset,scene-0103_036,yaw,2.0,none,,7,Car,10.5,0-15m,283.5,148,142
nuscenes_mini_subset,scene-0103_036,yaw,2.0,none,,8,Car,69.7,>30m,37.9,2,0
nuscenes_mini_subset,scene-0103_036,yaw,2.0,none,,9,Car,18.6,15-30m,341.0,68,68
nuscenes_mini_subset,scene-0103_036,yaw,2.0,none,,11,Truck,11.9,0-15m,20.4,0,0
nuscenes_mini_subset,scene-0103_036,yaw,2.0,none,,12,Pedestrian,25.3,15-30m,37.1,0,0
nuscenes_mini_subset,scene-0103_036,yaw,2.0,none,,13,Car,32.6,>30m,89.4,1,1
nuscenes_mini_subset,scene-0103_036,yaw,2.0,none,,14,Car,15.7,15-30m,279.7,38,32
nuscenes_mini_subset,scene-0103_037,yaw,0.0,none,,0,Car,34.7,>30m,87.5,1,1
nuscenes_mini_subset,scene-0103_037,yaw,0.0,none,,1,Pedestrian,22.6,15-30m,50.7,0,0
nuscenes_mini_subset,scene-0103_037,yaw,0.0,none,,3,Car,26.9,15-30m,159.6,29,29
nuscenes_mini_subset,scene-0103_037,yaw,0.0,none,,4,Car,47.8,>30m,64.2,0,0
nuscenes_mini_subset,scene-0103_037,yaw,0.0,none,,5,Car,22.8,15-30m,175.8,21,21
nuscenes_mini_subset,scene-0103_037,yaw,0.0,none,,6,Car,12.4,0-15m,304.8,105,105
nuscenes_mini_subset,scene-0103_037,yaw,0.0,none,,7,Car,31.3,>30m,134.7,2,2
nuscenes_mini_subset,scene-0103_037,yaw,0.0,none,,8,Car,60.3,>30m,49.6,0,0
nuscenes_mini_subset,scene-0103_037,yaw,0.0,none,,9,Car,7.3,0-15m,25.9,0,0
nuscenes_mini_subset,scene-0103_037,yaw,0.0,none,,10,Car,65.8,>30m,39.4,2,2
nuscenes_mini_subset,scene-0103_037,yaw,0.0,none,,11,Car,15.1,15-30m,207.4,49,49
nuscenes_mini_subset,scene-0103_037,yaw,0.0,none,,12,Pedestrian,22.4,15-30m,45.7,0,0
nuscenes_mini_subset,scene-0103_037,yaw,0.0,none,,13,Car,28.6,15-30m,106.6,6,6
nuscenes_mini_subset,scene-0103_037,yaw,0.0,none,,14,Car,11.9,0-15m,314.0,127,126
nuscenes_mini_subset,scene-0103_037,yaw,0.5,none,,0,Car,34.7,>30m,87.5,1,1
nuscenes_mini_subset,scene-0103_037,yaw,0.5,none,,1,Pedestrian,22.6,15-30m,50.7,0,0
nuscenes_mini_subset,scene-0103_037,yaw,0.5,none,,3,Car,26.9,15-30m,159.6,29,28
nuscenes_mini_subset,scene-0103_037,yaw,0.5,none,,4,Car,47.8,>30m,64.2,0,0
nuscenes_mini_subset,scene-0103_037,yaw,0.5,none,,5,Car,22.8,15-30m,175.8,21,20
nuscenes_mini_subset,scene-0103_037,yaw,0.5,none,,6,Car,12.4,0-15m,304.8,105,105
nuscenes_mini_subset,scene-0103_037,yaw,0.5,none,,7,Car,31.3,>30m,134.7,2,2
nuscenes_mini_subset,scene-0103_037,yaw,0.5,none,,8,Car,60.3,>30m,49.6,0,0
nuscenes_mini_subset,scene-0103_037,yaw,0.5,none,,9,Car,7.3,0-15m,25.9,0,0
nuscenes_mini_subset,scene-0103_037,yaw,0.5,none,,10,Car,65.8,>30m,39.4,2,1
nuscenes_mini_subset,scene-0103_037,yaw,0.5,none,,11,Car,15.1,15-30m,207.4,44,44
nuscenes_mini_subset,scene-0103_037,yaw,0.5,none,,12,Pedestrian,22.4,15-30m,45.7,0,0
nuscenes_mini_subset,scene-0103_037,yaw,0.5,none,,13,Car,28.6,15-30m,106.6,6,6
nuscenes_mini_subset,scene-0103_037,yaw,0.5,none,,14,Car,11.9,0-15m,314.0,133,133
nuscenes_mini_subset,scene-0103_037,yaw,1.0,none,,0,Car,34.7,>30m,87.5,1,1
nuscenes_mini_subset,scene-0103_037,yaw,1.0,none,,1,Pedestrian,22.6,15-30m,50.7,0,0
nuscenes_mini_subset,scene-0103_037,yaw,1.0,none,,3,Car,26.9,15-30m,159.6,29,26
nuscenes_mini_subset,scene-0103_037,yaw,1.0,none,,4,Car,47.8,>30m,64.2,0,0
nuscenes_mini_subset,scene-0103_037,yaw,1.0,none,,5,Car,22.8,15-30m,175.8,21,18
nuscenes_mini_subset,scene-0103_037,yaw,1.0,none,,6,Car,12.4,0-15m,304.8,105,105
nuscenes_mini_subset,scene-0103_037,yaw,1.0,none,,7,Car,31.3,>30m,134.7,2,2
nuscenes_mini_subset,scene-0103_037,yaw,1.0,none,,8,Car,60.3,>30m,49.6,0,0
nuscenes_mini_subset,scene-0103_037,yaw,1.0,none,,9,Car,7.3,0-15m,25.9,0,0
nuscenes_mini_subset,scene-0103_037,yaw,1.0,none,,10,Car,65.8,>30m,39.4,2,0
nuscenes_mini_subset,scene-0103_037,yaw,1.0,none,,11,Car,15.1,15-30m,207.4,39,39
nuscenes_mini_subset,scene-0103_037,yaw,1.0,none,,12,Pedestrian,22.4,15-30m,45.7,0,0
nuscenes_mini_subset,scene-0103_037,yaw,1.0,none,,13,Car,28.6,15-30m,106.6,6,5
nuscenes_mini_subset,scene-0103_037,yaw,1.0,none,,14,Car,11.9,0-15m,314.0,140,138
nuscenes_mini_subset,scene-0103_037,yaw,2.0,none,,0,Car,34.7,>30m,87.5,1,0
nuscenes_mini_subset,scene-0103_037,yaw,2.0,none,,1,Pedestrian,22.6,15-30m,50.7,0,0
nuscenes_mini_subset,scene-0103_037,yaw,2.0,none,,3,Car,26.9,15-30m,159.6,29,21
nuscenes_mini_subset,scene-0103_037,yaw,2.0,none,,4,Car,47.8,>30m,64.2,0,0
nuscenes_mini_subset,scene-0103_037,yaw,2.0,none,,5,Car,22.8,15-30m,175.8,21,16
nuscenes_mini_subset,scene-0103_037,yaw,2.0,none,,6,Car,12.4,0-15m,304.8,105,98
nuscenes_mini_subset,scene-0103_037,yaw,2.0,none,,7,Car,31.3,>30m,134.7,2,2
nuscenes_mini_subset,scene-0103_037,yaw,2.0,none,,8,Car,60.3,>30m,49.6,0,0
nuscenes_mini_subset,scene-0103_037,yaw,2.0,none,,9,Car,7.3,0-15m,25.9,8,8
nuscenes_mini_subset,scene-0103_037,yaw,2.0,none,,10,Car,65.8,>30m,39.4,2,0
nuscenes_mini_subset,scene-0103_037,yaw,2.0,none,,11,Car,15.1,15-30m,207.4,33,33
nuscenes_mini_subset,scene-0103_037,yaw,2.0,none,,12,Pedestrian,22.4,15-30m,45.7,0,0
nuscenes_mini_subset,scene-0103_037,yaw,2.0,none,,13,Car,28.6,15-30m,106.6,6,3
nuscenes_mini_subset,scene-0103_037,yaw,2.0,none,,14,Car,11.9,0-15m,314.0,145,136
nuscenes_mini_subset,scene-0103_038,yaw,0.0,none,,0,Car,30.7,>30m,103.0,2,2
nuscenes_mini_subset,scene-0103_038,yaw,0.0,none,,2,Car,50.2,>30m,151.2,1,1
nuscenes_mini_subset,scene-0103_038,yaw,0.0,none,,3,Car,23.1,15-30m,208.6,46,46
nuscenes_mini_subset,scene-0103_038,yaw,0.0,none,,4,Car,43.7,>30m,71.7,2,2
nuscenes_mini_subset,scene-0103_038,yaw,0.0,none,,5,Car,18.8,15-30m,236.1,56,56
nuscenes_mini_subset,scene-0103_038,yaw,0.0,none,,6,Car,35.7,>30m,96.2,1,1
nuscenes_mini_subset,scene-0103_038,yaw,0.0,none,,7,Car,5.7,0-15m,384.3,225,224
nuscenes_mini_subset,scene-0103_038,yaw,0.0,none,,8,Car,27.4,15-30m,167.4,11,11
nuscenes_mini_subset,scene-0103_038,yaw,0.0,none,,9,Car,56.4,>30m,54.7,2,2
nuscenes_mini_subset,scene-0103_038,yaw,0.0,none,,10,Car,61.9,>30m,41.0,1,1
nuscenes_mini_subset,scene-0103_038,yaw,0.0,none,,11,Car,24.6,15-30m,131.4,14,14
nuscenes_mini_subset,scene-0103_038,yaw,0.0,none,,12,Car,8.4,0-15m,111.3,26,26
nuscenes_mini_subset,scene-0103_038,yaw,0.5,none,,0,Car,30.7,>30m,103.0,2,2
nuscenes_mini_subset,scene-0103_038,yaw,0.5,none,,2,Car,50.2,>30m,151.2,1,1
nuscenes_mini_subset,scene-0103_038,yaw,0.5,none,,3,Car,23.1,15-30m,208.6,46,46
nuscenes_mini_subset,scene-0103_038,yaw,0.5,none,,4,Car,43.7,>30m,71.7,2,2
nuscenes_mini_subset,scene-0103_038,yaw,0.5,none,,5,Car,18.8,15-30m,236.1,56,56
nuscenes_mini_subset,scene-0103_038,yaw,0.5,none,,6,Car,35.7,>30m,96.2,1,1
nuscenes_mini_subset,scene-0103_038,yaw,0.5,none,,7,Car,5.7,0-15m,384.3,216,215
nuscenes_mini_subset,scene-0103_038,yaw,0.5,none,,8,Car,27.4,15-30m,167.4,11,11
nuscenes_mini_subset,scene-0103_038,yaw,0.5,none,,9,Car,56.4,>30m,54.7,2,2
nuscenes_mini_subset,scene-0103_038,yaw,0.5,none,,10,Car,61.9,>30m,41.0,1,0
nuscenes_mini_subset,scene-0103_038,yaw,0.5,none,,11,Car,24.6,15-30m,131.4,14,14
nuscenes_mini_subset,scene-0103_038,yaw,0.5,none,,12,Car,8.4,0-15m,111.3,35,35
nuscenes_mini_subset,scene-0103_038,yaw,1.0,none,,0,Car,30.7,>30m,103.0,2,2
nuscenes_mini_subset,scene-0103_038,yaw,1.0,none,,2,Car,50.2,>30m,151.2,1,1
nuscenes_mini_subset,scene-0103_038,yaw,1.0,none,,3,Car,23.1,15-30m,208.6,46,45
nuscenes_mini_subset,scene-0103_038,yaw,1.0,none,,4,Car,43.7,>30m,71.7,2,1
nuscenes_mini_subset,scene-0103_038,yaw,1.0,none,,5,Car,18.8,15-30m,236.1,56,54
nuscenes_mini_subset,scene-0103_038,yaw,1.0,none,,6,Car,35.7,>30m,96.2,1,1
nuscenes_mini_subset,scene-0103_038,yaw,1.0,none,,7,Car,5.7,0-15m,384.3,199,197
nuscenes_mini_subset,scene-0103_038,yaw,1.0,none,,8,Car,27.4,15-30m,167.4,11,11
nuscenes_mini_subset,scene-0103_038,yaw,1.0,none,,9,Car,56.4,>30m,54.7,2,1
nuscenes_mini_subset,scene-0103_038,yaw,1.0,none,,10,Car,61.9,>30m,41.0,1,0
nuscenes_mini_subset,scene-0103_038,yaw,1.0,none,,11,Car,24.6,15-30m,131.4,14,14
nuscenes_mini_subset,scene-0103_038,yaw,1.0,none,,12,Car,8.4,0-15m,111.3,41,40
nuscenes_mini_subset,scene-0103_038,yaw,2.0,none,,0,Car,30.7,>30m,103.0,2,0
nuscenes_mini_subset,scene-0103_038,yaw,2.0,none,,2,Car,50.2,>30m,151.2,1,1
nuscenes_mini_subset,scene-0103_038,yaw,2.0,none,,3,Car,23.1,15-30m,208.6,46,42
nuscenes_mini_subset,scene-0103_038,yaw,2.0,none,,4,Car,43.7,>30m,71.7,2,0
nuscenes_mini_subset,scene-0103_038,yaw,2.0,none,,5,Car,18.8,15-30m,236.1,56,52
nuscenes_mini_subset,scene-0103_038,yaw,2.0,none,,6,Car,35.7,>30m,96.2,1,0
nuscenes_mini_subset,scene-0103_038,yaw,2.0,none,,7,Car,5.7,0-15m,384.3,175,174
nuscenes_mini_subset,scene-0103_038,yaw,2.0,none,,8,Car,27.4,15-30m,167.4,11,11
nuscenes_mini_subset,scene-0103_038,yaw,2.0,none,,9,Car,56.4,>30m,54.7,2,0
nuscenes_mini_subset,scene-0103_038,yaw,2.0,none,,10,Car,61.9,>30m,41.0,1,0
nuscenes_mini_subset,scene-0103_038,yaw,2.0,none,,11,Car,24.6,15-30m,131.4,14,9
nuscenes_mini_subset,scene-0103_038,yaw,2.0,none,,12,Car,8.4,0-15m,111.3,59,49
nuscenes_mini_subset,scene-0103_039,yaw,0.0,none,,0,Car,26.6,15-30m,125.8,10,10
nuscenes_mini_subset,scene-0103_039,yaw,0.0,none,,1,Car,46.1,>30m,164.5,1,1
nuscenes_mini_subset,scene-0103_039,yaw,0.0,none,,2,Car,19.4,15-30m,289.3,80,80
nuscenes_mini_subset,scene-0103_039,yaw,0.0,none,,3,Car,14.9,0-15m,354.4,113,113
nuscenes_mini_subset,scene-0103_039,yaw,0.0,none,,4,Car,31.6,>30m,112.1,3,3
nuscenes_mini_subset,scene-0103_039,yaw,0.0,none,,5,Car,23.5,15-30m,217.3,22,22
nuscenes_mini_subset,scene-0103_039,yaw,0.0,none,,6,Car,28.6,15-30m,152.4,2,2
nuscenes_mini_subset,scene-0103_039,yaw,0.0,none,,7,Car,20.5,15-30m,171.3,40,40
nuscenes_mini_subset,scene-0103_039,yaw,0.5,none,,0,Car,26.6,15-30m,125.8,10,9
nuscenes_mini_subset,scene-0103_039,yaw,0.5,none,,1,Car,46.1,>30m,164.5,1,1
nuscenes_mini_subset,scene-0103_039,yaw,0.5,none,,2,Car,19.4,15-30m,289.3,80,80
nuscenes_mini_subset,scene-0103_039,yaw,0.5,none,,3,Car,14.9,0-15m,354.4,113,112
nuscenes_mini_subset,scene-0103_039,yaw,0.5,none,,4,Car,31.6,>30m,112.1,3,3
nuscenes_mini_subset,scene-0103_039,yaw,0.5,none,,5,Car,23.5,15-30m,217.3,22,22
nuscenes_mini_subset,scene-0103_039,yaw,0.5,none,,6,Car,28.6,15-30m,152.4,2,2
nuscenes_mini_subset,scene-0103_039,yaw,0.5,none,,7,Car,20.5,15-30m,171.3,40,40
nuscenes_mini_subset,scene-0103_039,yaw,1.0,none,,0,Car,26.6,15-30m,125.8,10,9
nuscenes_mini_subset,scene-0103_039,yaw,1.0,none,,1,Car,46.1,>30m,164.5,1,1
nuscenes_mini_subset,scene-0103_039,yaw,1.0,none,,2,Car,19.4,15-30m,289.3,78,78
nuscenes_mini_subset,scene-0103_039,yaw,1.0,none,,3,Car,14.9,0-15m,354.4,113,108
nuscenes_mini_subset,scene-0103_039,yaw,1.0,none,,4,Car,31.6,>30m,112.1,3,3
nuscenes_mini_subset,scene-0103_039,yaw,1.0,none,,5,Car,23.5,15-30m,217.3,22,22
nuscenes_mini_subset,scene-0103_039,yaw,1.0,none,,6,Car,28.6,15-30m,152.4,2,2
nuscenes_mini_subset,scene-0103_039,yaw,1.0,none,,7,Car,20.5,15-30m,171.3,40,40
nuscenes_mini_subset,scene-0103_039,yaw,2.0,none,,0,Car,26.6,15-30m,125.8,10,3
nuscenes_mini_subset,scene-0103_039,yaw,2.0,none,,1,Car,46.1,>30m,164.5,1,1
nuscenes_mini_subset,scene-0103_039,yaw,2.0,none,,2,Car,19.4,15-30m,289.3,75,75
nuscenes_mini_subset,scene-0103_039,yaw,2.0,none,,3,Car,14.9,0-15m,354.4,113,102
nuscenes_mini_subset,scene-0103_039,yaw,2.0,none,,4,Car,31.6,>30m,112.1,3,0
nuscenes_mini_subset,scene-0103_039,yaw,2.0,none,,5,Car,23.5,15-30m,217.3,22,22
nuscenes_mini_subset,scene-0103_039,yaw,2.0,none,,6,Car,28.6,15-30m,152.4,2,2
nuscenes_mini_subset,scene-0103_039,yaw,2.0,none,,7,Car,20.5,15-30m,171.3,40,35
nuscenes_mini_subset,scene-1094_000,yaw,0.0,none,,1,Car,24.9,15-30m,254.4,33,33
nuscenes_mini_subset,scene-1094_000,yaw,0.0,none,,2,Pedestrian,38.3,>30m,25.3,4,4
nuscenes_mini_subset,scene-1094_000,yaw,0.0,none,,3,Car,7.4,0-15m,452.5,463,463
nuscenes_mini_subset,scene-1094_000,yaw,0.0,none,,4,Pedestrian,37.2,>30m,34.4,3,3
nuscenes_mini_subset,scene-1094_000,yaw,0.0,none,,5,Pedestrian,22.0,15-30m,44.9,2,2
nuscenes_mini_subset,scene-1094_000,yaw,0.0,none,,6,Car,33.0,>30m,148.1,4,4
nuscenes_mini_subset,scene-1094_000,yaw,0.0,none,,7,Car,34.3,>30m,180.6,4,4
nuscenes_mini_subset,scene-1094_000,yaw,0.0,none,,8,Pedestrian,25.4,15-30m,44.8,4,4
nuscenes_mini_subset,scene-1094_000,yaw,0.0,none,,9,Pedestrian,14.4,0-15m,93.3,9,9
nuscenes_mini_subset,scene-1094_000,yaw,0.0,none,,10,Car,28.3,15-30m,261.7,5,5
nuscenes_mini_subset,scene-1094_000,yaw,0.0,none,,11,Car,30.6,>30m,311.2,61,61
nuscenes_mini_subset,scene-1094_000,yaw,0.0,none,,12,Pedestrian,14.0,0-15m,121.1,16,16
nuscenes_mini_subset,scene-1094_000,yaw,0.0,none,,13,Pedestrian,38.1,>30m,33.3,1,1
nuscenes_mini_subset,scene-1094_000,yaw,0.5,none,,1,Car,24.9,15-30m,254.4,33,32
nuscenes_mini_subset,scene-1094_000,yaw,0.5,none,,2,Pedestrian,38.3,>30m,25.3,4,1
nuscenes_mini_subset,scene-1094_000,yaw,0.5,none,,3,Car,7.4,0-15m,452.5,463,461
nuscenes_mini_subset,scene-1094_000,yaw,0.5,none,,4,Pedestrian,37.2,>30m,34.4,3,2
nuscenes_mini_subset,scene-1094_000,yaw,0.5,none,,5,Pedestrian,22.0,15-30m,44.9,2,2
nuscenes_mini_subset,scene-1094_000,yaw,0.5,none,,6,Car,33.0,>30m,148.1,4,4
nuscenes_mini_subset,scene-1094_000,yaw,0.5,none,,7,Car,34.3,>30m,180.6,4,4
nuscenes_mini_subset,scene-1094_000,yaw,0.5,none,,8,Pedestrian,25.4,15-30m,44.8,4,4
nuscenes_mini_subset,scene-1094_000,yaw,0.5,none,,9,Pedestrian,14.4,0-15m,93.3,9,9
nuscenes_mini_subset,scene-1094_000,yaw,0.5,none,,10,Car,28.3,15-30m,261.7,5,5
nuscenes_mini_subset,scene-1094_000,yaw,0.5,none,,11,Car,30.6,>30m,311.2,61,61
nuscenes_mini_subset,scene-1094_000,yaw,0.5,none,,12,Pedestrian,14.0,0-15m,121.1,16,16
nuscenes_mini_subset,scene-1094_000,yaw,0.5,none,,13,Pedestrian,38.1,>30m,33.3,1,1
nuscenes_mini_subset,scene-1094_000,yaw,1.0,none,,1,Car,24.9,15-30m,254.4,33,28
nuscenes_mini_subset,scene-1094_000,yaw,1.0,none,,2,Pedestrian,38.3,>30m,25.3,4,0
nuscenes_mini_subset,scene-1094_000,yaw,1.0,none,,3,Car,7.4,0-15m,452.5,463,453
nuscenes_mini_subset,scene-1094_000,yaw,1.0,none,,4,Pedestrian,37.2,>30m,34.4,3,0
nuscenes_mini_subset,scene-1094_000,yaw,1.0,none,,5,Pedestrian,22.0,15-30m,44.9,2,1
nuscenes_mini_subset,scene-1094_000,yaw,1.0,none,,6,Car,33.0,>30m,148.1,4,4
nuscenes_mini_subset,scene-1094_000,yaw,1.0,none,,7,Car,34.3,>30m,180.6,4,2
nuscenes_mini_subset,scene-1094_000,yaw,1.0,none,,8,Pedestrian,25.4,15-30m,44.8,4,0
nuscenes_mini_subset,scene-1094_000,yaw,1.0,none,,9,Pedestrian,14.4,0-15m,93.3,9,9
nuscenes_mini_subset,scene-1094_000,yaw,1.0,none,,10,Car,28.3,15-30m,261.7,5,5
nuscenes_mini_subset,scene-1094_000,yaw,1.0,none,,11,Car,30.6,>30m,311.2,61,61
nuscenes_mini_subset,scene-1094_000,yaw,1.0,none,,12,Pedestrian,14.0,0-15m,121.1,16,16
nuscenes_mini_subset,scene-1094_000,yaw,1.0,none,,13,Pedestrian,38.1,>30m,33.3,1,0
nuscenes_mini_subset,scene-1094_000,yaw,2.0,none,,1,Car,24.9,15-30m,254.4,33,20
nuscenes_mini_subset,scene-1094_000,yaw,2.0,none,,2,Pedestrian,38.3,>30m,25.3,4,0
nuscenes_mini_subset,scene-1094_000,yaw,2.0,none,,3,Car,7.4,0-15m,452.5,463,424
nuscenes_mini_subset,scene-1094_000,yaw,2.0,none,,4,Pedestrian,37.2,>30m,34.4,3,0
nuscenes_mini_subset,scene-1094_000,yaw,2.0,none,,5,Pedestrian,22.0,15-30m,44.9,2,0
nuscenes_mini_subset,scene-1094_000,yaw,2.0,none,,6,Car,33.0,>30m,148.1,3,3
nuscenes_mini_subset,scene-1094_000,yaw,2.0,none,,7,Car,34.3,>30m,180.6,4,0
nuscenes_mini_subset,scene-1094_000,yaw,2.0,none,,8,Pedestrian,25.4,15-30m,44.8,4,0
nuscenes_mini_subset,scene-1094_000,yaw,2.0,none,,9,Pedestrian,14.4,0-15m,93.3,9,4
nuscenes_mini_subset,scene-1094_000,yaw,2.0,none,,10,Car,28.3,15-30m,261.7,5,5
nuscenes_mini_subset,scene-1094_000,yaw,2.0,none,,11,Car,30.6,>30m,311.2,61,59
nuscenes_mini_subset,scene-1094_000,yaw,2.0,none,,12,Pedestrian,14.0,0-15m,121.1,16,14
nuscenes_mini_subset,scene-1094_000,yaw,2.0,none,,13,Pedestrian,38.1,>30m,33.3,1,0
nuscenes_mini_subset,scene-1094_001,yaw,0.0,none,,1,Car,24.8,15-30m,255.3,26,26
nuscenes_mini_subset,scene-1094_001,yaw,0.0,none,,2,Pedestrian,37.8,>30m,25.8,4,4
nuscenes_mini_subset,scene-1094_001,yaw,0.0,none,,3,Car,7.7,0-15m,445.8,420,420
nuscenes_mini_subset,scene-1094_001,yaw,0.0,none,,4,Pedestrian,36.8,>30m,39.0,4,4
nuscenes_mini_subset,scene-1094_001,yaw,0.0,none,,5,Pedestrian,22.4,15-30m,43.9,1,1
nuscenes_mini_subset,scene-1094_001,yaw,0.0,none,,6,Pedestrian,37.7,>30m,39.9,3,3
nuscenes_mini_subset,scene-1094_001,yaw,0.0,none,,7,Car,32.9,>30m,146.3,7,7
nuscenes_mini_subset,scene-1094_001,yaw,0.0,none,,8,Car,34.2,>30m,181.1,3,3
nuscenes_mini_subset,scene-1094_001,yaw,0.0,none,,9,Pedestrian,25.8,15-30m,44.6,3,3
nuscenes_mini_subset,scene-1094_001,yaw,0.0,none,,10,Pedestrian,13.8,0-15m,100.8,1,1
nuscenes_mini_subset,scene-1094_001,yaw,0.0,none,,11,Car,28.2,15-30m,262.6,5,5
nuscenes_mini_subset,scene-1094_001,yaw,0.0,none,,12,Car,30.5,>30m,312.2,63,63
nuscenes_mini_subset,scene-1094_001,yaw,0.0,none,,13,Pedestrian,14.2,0-15m,117.9,12,12
nuscenes_mini_subset,scene-1094_001,yaw,0.0,none,,14,Pedestrian,37.7,>30m,32.9,1,1
nuscenes_mini_subset,scene-1094_001,yaw,0.5,none,,1,Car,24.8,15-30m,255.3,26,26
nuscenes_mini_subset,scene-1094_001,yaw,0.5,none,,2,Pedestrian,37.8,>30m,25.8,4,3
nuscenes_mini_subset,scene-1094_001,yaw,0.5,none,,3,Car,7.7,0-15m,445.8,420,419
nuscenes_mini_subset,scene-1094_001,yaw,0.5,none,,4,Pedestrian,36.8,>30m,39.0,4,4
nuscenes_mini_subset,scene-1094_001,yaw,0.5,none,,5,Pedestrian,22.4,15-30m,43.9,1,1
nuscenes_mini_subset,scene-1094_001,yaw,0.5,none,,6,Pedestrian,37.7,>30m,39.9,3,3
nuscenes_mini_subset,scene-1094_001,yaw,0.5,none,,7,Car,32.9,>30m,146.3,4,4
nuscenes_mini_subset,scene-1094_001,yaw,0.5,none,,8,Car,34.2,>30m,181.1,3,3
nuscenes_mini_subset,scene-1094_001,yaw,0.5,none,,9,Pedestrian,25.8,15-30m,44.6,3,3
nuscenes_mini_subset,scene-1094_001,yaw,0.5,none,,10,Pedestrian,13.8,0-15m,100.8,1,1
nuscenes_mini_subset,scene-1094_001,yaw,0.5,none,,11,Car,28.2,15-30m,262.6,5,5
nuscenes_mini_subset,scene-1094_001,yaw,0.5,none,,12,Car,30.5,>30m,312.2,63,63
nuscenes_mini_subset,scene-1094_001,yaw,0.5,none,,13,Pedestrian,14.2,0-15m,117.9,12,12
nuscenes_mini_subset,scene-1094_001,yaw,0.5,none,,14,Pedestrian,37.7,>30m,32.9,1,1
nuscenes_mini_subset,scene-1094_001,yaw,1.0,none,,1,Car,24.8,15-30m,255.3,26,26
nuscenes_mini_subset,scene-1094_001,yaw,1.0,none,,2,Pedestrian,37.8,>30m,25.8,4,0
nuscenes_mini_subset,scene-1094_001,yaw,1.0,none,,3,Car,7.7,0-15m,445.8,420,417
nuscenes_mini_subset,scene-1094_001,yaw,1.0,none,,4,Pedestrian,36.8,>30m,39.0,4,0
nuscenes_mini_subset,scene-1094_001,yaw,1.0,none,,5,Pedestrian,22.4,15-30m,43.9,1,1
nuscenes_mini_subset,scene-1094_001,yaw,1.0,none,,6,Pedestrian,37.7,>30m,39.9,3,1
nuscenes_mini_subset,scene-1094_001,yaw,1.0,none,,7,Car,32.9,>30m,146.3,1,1
nuscenes_mini_subset,scene-1094_001,yaw,1.0,none,,8,Car,34.2,>30m,181.1,3,2
nuscenes_mini_subset,scene-1094_001,yaw,1.0,none,,9,Pedestrian,25.8,15-30m,44.6,3,2
nuscenes_mini_subset,scene-1094_001,yaw,1.0,none,,10,Pedestrian,13.8,0-15m,100.8,1,1
nuscenes_mini_subset,scene-1094_001,yaw,1.0,none,,11,Car,28.2,15-30m,262.6,5,5
nuscenes_mini_subset,scene-1094_001,yaw,1.0,none,,12,Car,30.5,>30m,312.2,63,63
nuscenes_mini_subset,scene-1094_001,yaw,1.0,none,,13,Pedestrian,14.2,0-15m,117.9,12,12
nuscenes_mini_subset,scene-1094_001,yaw,1.0,none,,14,Pedestrian,37.7,>30m,32.9,1,0
nuscenes_mini_subset,scene-1094_001,yaw,2.0,none,,1,Car,24.8,15-30m,255.3,26,26
nuscenes_mini_subset,scene-1094_001,yaw,2.0,none,,2,Pedestrian,37.8,>30m,25.8,4,0
nuscenes_mini_subset,scene-1094_001,yaw,2.0,none,,3,Car,7.7,0-15m,445.8,420,397
nuscenes_mini_subset,scene-1094_001,yaw,2.0,none,,4,Pedestrian,36.8,>30m,39.0,4,0
nuscenes_mini_subset,scene-1094_001,yaw,2.0,none,,5,Pedestrian,22.4,15-30m,43.9,1,0
nuscenes_mini_subset,scene-1094_001,yaw,2.0,none,,6,Pedestrian,37.7,>30m,39.9,3,0
nuscenes_mini_subset,scene-1094_001,yaw,2.0,none,,7,Car,32.9,>30m,146.3,0,0
nuscenes_mini_subset,scene-1094_001,yaw,2.0,none,,8,Car,34.2,>30m,181.1,3,0
nuscenes_mini_subset,scene-1094_001,yaw,2.0,none,,9,Pedestrian,25.8,15-30m,44.6,3,0
nuscenes_mini_subset,scene-1094_001,yaw,2.0,none,,10,Pedestrian,13.8,0-15m,100.8,1,0
nuscenes_mini_subset,scene-1094_001,yaw,2.0,none,,11,Car,28.2,15-30m,262.6,5,5
nuscenes_mini_subset,scene-1094_001,yaw,2.0,none,,12,Car,30.5,>30m,312.2,63,60
nuscenes_mini_subset,scene-1094_001,yaw,2.0,none,,13,Pedestrian,14.2,0-15m,117.9,12,9
nuscenes_mini_subset,scene-1094_001,yaw,2.0,none,,14,Pedestrian,37.7,>30m,32.9,1,0
nuscenes_mini_subset,scene-1094_002,yaw,0.0,none,,1,Car,24.8,15-30m,256.3,20,20
nuscenes_mini_subset,scene-1094_002,yaw,0.0,none,,2,Pedestrian,37.7,>30m,6.0,0,0
nuscenes_mini_subset,scene-1094_002,yaw,0.0,none,,3,Pedestrian,37.1,>30m,26.1,4,4
nuscenes_mini_subset,scene-1094_002,yaw,0.0,none,,4,Car,8.1,0-15m,439.4,381,381
nuscenes_mini_subset,scene-1094_002,yaw,0.0,none,,5,Pedestrian,36.1,>30m,37.4,4,4
nuscenes_mini_subset,scene-1094_002,yaw,0.0,none,,6,Pedestrian,22.7,15-30m,43.0,0,0
nuscenes_mini_subset,scene-1094_002,yaw,0.0,none,,7,Pedestrian,37.7,>30m,41.6,1,1
nuscenes_mini_subset,scene-1094_002,yaw,0.0,none,,8,Car,32.9,>30m,143.6,5,5
nuscenes_mini_subset,scene-1094_002,yaw,0.0,none,,9,Car,34.2,>30m,181.5,2,2
nuscenes_mini_subset,scene-1094_002,yaw,0.0,none,,10,Pedestrian,26.1,15-30m,44.7,3,3
nuscenes_mini_subset,scene-1094_002,yaw,0.0,none,,11,Pedestrian,13.3,0-15m,106.2,13,13
nuscenes_mini_subset,scene-1094_002,yaw,0.0,none,,12,Pedestrian,23.7,15-30m,52.9,6,6
nuscenes_mini_subset,scene-1094_002,yaw,0.0,none,,13,Car,28.2,15-30m,263.6,5,5
nuscenes_mini_subset,scene-1094_002,yaw,0.0,none,,14,Car,30.5,>30m,313.3,64,64
nuscenes_mini_subset,scene-1094_002,yaw,0.0,none,,15,Pedestrian,14.4,0-15m,115.3,18,18
nuscenes_mini_subset,scene-1094_002,yaw,0.0,none,,16,Pedestrian,37.3,>30m,32.5,2,2
nuscenes_mini_subset,scene-1094_002,yaw,0.5,none,,1,Car,24.8,15-30m,256.3,20,20
nuscenes_mini_subset,scene-1094_002,yaw,0.5,none,,2,Pedestrian,37.7,>30m,6.0,3,2
nuscenes_mini_subset,scene-1094_002,yaw,0.5,none,,3,Pedestrian,37.1,>30m,26.1,4,1
nuscenes_mini_subset,scene-1094_002,yaw,0.5,none,,4,Car,8.1,0-15m,439.4,381,380
nuscenes_mini_subset,scene-1094_002,yaw,0.5,none,,5,Pedestrian,36.1,>30m,37.4,4,3
nuscenes_mini_subset,scene-1094_002,yaw,0.5,none,,6,Pedestrian,22.7,15-30m,43.0,0,0
nuscenes_mini_subset,scene-1094_002,yaw,0.5,none,,7,Pedestrian,37.7,>30m,41.6,1,1
nuscenes_mini_subset,scene-1094_002,yaw,0.5,none,,8,Car,32.9,>30m,143.6,4,4
nuscenes_mini_subset,scene-1094_002,yaw,0.5,none,,9,Car,34.2,>30m,181.5,2,2
nuscenes_mini_subset,scene-1094_002,yaw,0.5,none,,10,Pedestrian,26.1,15-30m,44.7,3,3
nuscenes_mini_subset,scene-1094_002,yaw,0.5,none,,11,Pedestrian,13.3,0-15m,106.2,13,13
nuscenes_mini_subset,scene-1094_002,yaw,0.5,none,,12,Pedestrian,23.7,15-30m,52.9,6,6
nuscenes_mini_subset,scene-1094_002,yaw,0.5,none,,13,Car,28.2,15-30m,263.6,5,5
nuscenes_mini_subset,scene-1094_002,yaw,0.5,none,,14,Car,30.5,>30m,313.3,64,64
nuscenes_mini_subset,scene-1094_002,yaw,0.5,none,,15,Pedestrian,14.4,0-15m,115.3,18,18
nuscenes_mini_subset,scene-1094_002,yaw,0.5,none,,16,Pedestrian,37.3,>30m,32.5,2,2
nuscenes_mini_subset,scene-1094_002,yaw,1.0,none,,1,Car,24.8,15-30m,256.3,20,19
nuscenes_mini_subset,scene-1094_002,yaw,1.0,none,,2,Pedestrian,37.7,>30m,6.0,3,0
nuscenes_mini_subset,scene-1094_002,yaw,1.0,none,,3,Pedestrian,37.1,>30m,26.1,4,0
nuscenes_mini_subset,scene-1094_002,yaw,1.0,none,,4,Car,8.1,0-15m,439.4,381,379
nuscenes_mini_subset,scene-1094_002,yaw,1.0,none,,5,Pedestrian,36.1,>30m,37.4,4,0
nuscenes_mini_subset,scene-1094_002,yaw,1.0,none,,6,Pedestrian,22.7,15-30m,43.0,0,0
nuscenes_mini_subset,scene-1094_002,yaw,1.0,none,,7,Pedestrian,37.7,>30m,41.6,1,1
nuscenes_mini_subset,scene-1094_002,yaw,1.0,none,,8,Car,32.9,>30m,143.6,2,2
nuscenes_mini_subset,scene-1094_002,yaw,1.0,none,,9,Car,34.2,>30m,181.5,2,2
nuscenes_mini_subset,scene-1094_002,yaw,1.0,none,,10,Pedestrian,26.1,15-30m,44.7,3,0
nuscenes_mini_subset,scene-1094_002,yaw,1.0,none,,11,Pedestrian,13.3,0-15m,106.2,11,11
nuscenes_mini_subset,scene-1094_002,yaw,1.0,none,,12,Pedestrian,23.7,15-30m,52.9,6,3
nuscenes_mini_subset,scene-1094_002,yaw,1.0,none,,13,Car,28.2,15-30m,263.6,5,5
nuscenes_mini_subset,scene-1094_002,yaw,1.0,none,,14,Car,30.5,>30m,313.3,64,63
nuscenes_mini_subset,scene-1094_002,yaw,1.0,none,,15,Pedestrian,14.4,0-15m,115.3,18,16
nuscenes_mini_subset,scene-1094_002,yaw,1.0,none,,16,Pedestrian,37.3,>30m,32.5,2,0
nuscenes_mini_subset,scene-1094_002,yaw,2.0,none,,1,Car,24.8,15-30m,256.3,20,19
nuscenes_mini_subset,scene-1094_002,yaw,2.0,none,,2,Pedestrian,37.7,>30m,6.0,3,0
nuscenes_mini_subset,scene-1094_002,yaw,2.0,none,,3,Pedestrian,37.1,>30m,26.1,4,0
nuscenes_mini_subset,scene-1094_002,yaw,2.0,none,,4,Car,8.1,0-15m,439.4,381,363
nuscenes_mini_subset,scene-1094_002,yaw,2.0,none,,5,Pedestrian,36.1,>30m,37.4,4,0
nuscenes_mini_subset,scene-1094_002,yaw,2.0,none,,6,Pedestrian,22.7,15-30m,43.0,0,0
nuscenes_mini_subset,scene-1094_002,yaw,2.0,none,,7,Pedestrian,37.7,>30m,41.6,1,0
nuscenes_mini_subset,scene-1094_002,yaw,2.0,none,,8,Car,32.9,>30m,143.6,0,0
nuscenes_mini_subset,scene-1094_002,yaw,2.0,none,,9,Car,34.2,>30m,181.5,2,0
nuscenes_mini_subset,scene-1094_002,yaw,2.0,none,,10,Pedestrian,26.1,15-30m,44.7,3,0
nuscenes_mini_subset,scene-1094_002,yaw,2.0,none,,11,Pedestrian,13.3,0-15m,106.2,4,4
nuscenes_mini_subset,scene-1094_002,yaw,2.0,none,,12,Pedestrian,23.7,15-30m,52.9,6,0
nuscenes_mini_subset,scene-1094_002,yaw,2.0,none,,13,Car,28.2,15-30m,263.6,5,5
nuscenes_mini_subset,scene-1094_002,yaw,2.0,none,,14,Car,30.5,>30m,313.3,64,60
nuscenes_mini_subset,scene-1094_002,yaw,2.0,none,,15,Pedestrian,14.4,0-15m,115.3,18,10
nuscenes_mini_subset,scene-1094_002,yaw,2.0,none,,16,Pedestrian,37.3,>30m,32.5,2,0
nuscenes_mini_subset,scene-1094_003,yaw,0.0,none,,1,Car,24.6,15-30m,258.8,28,28
nuscenes_mini_subset,scene-1094_003,yaw,0.0,none,,2,Pedestrian,37.4,>30m,13.7,2,2
nuscenes_mini_subset,scene-1094_003,yaw,0.0,none,,3,Pedestrian,26.3,15-30m,41.3,4,4
nuscenes_mini_subset,scene-1094_003,yaw,0.0,none,,4,Pedestrian,36.5,>30m,31.6,2,2
nuscenes_mini_subset,scene-1094_003,yaw,0.0,none,,5,Car,8.3,0-15m,439.8,373,373
nuscenes_mini_subset,scene-1094_003,yaw,0.0,none,,6,Pedestrian,35.4,>30m,31.2,3,3
nuscenes_mini_subset,scene-1094_003,yaw,0.0,none,,7,Pedestrian,23.0,15-30m,42.4,0,0
nuscenes_mini_subset,scene-1094_003,yaw,0.0,none,,8,Pedestrian,37.5,>30m,43.5,1,1
nuscenes_mini_subset,scene-1094_003,yaw,0.0,none,,9,Car,32.7,>30m,134.2,7,7
nuscenes_mini_subset,scene-1094_003,yaw,0.0,none,,10,Car,34.0,>30m,182.7,0,0
nuscenes_mini_subset,scene-1094_003,yaw,0.0,none,,11,Pedestrian,26.4,15-30m,45.1,4,4
nuscenes_mini_subset,scene-1094_003,yaw,0.0,none,,12,Car,6.8,0-15m,68.3,10,10
nuscenes_mini_subset,scene-1094_003,yaw,0.0,none,,13,Pedestrian,12.7,0-15m,10.9,0,0
nuscenes_mini_subset,scene-1094_003,yaw,0.0,none,,14,Pedestrian,23.8,15-30m,53.1,6,6
nuscenes_mini_subset,scene-1094_003,yaw,0.0,none,,15,Pedestrian,38.3,>30m,4.3,0,0
nuscenes_mini_subset,scene-1094_003,yaw,0.0,none,,16,Car,28.0,15-30m,266.1,6,6
nuscenes_mini_subset,scene-1094_003,yaw,0.0,none,,17,Car,30.3,>30m,315.9,67,67
nuscenes_mini_subset,scene-1094_003,yaw,0.0,none,,18,Pedestrian,14.5,0-15m,113.9,12,12
nuscenes_mini_subset,scene-1094_003,yaw,0.0,none,,19,Pedestrian,36.8,>30m,32.2,2,2
nuscenes_mini_subset,scene-1094_003,yaw,0.5,none,,1,Car,24.6,15-30m,258.8,28,27
nuscenes_mini_subset,scene-1094_003,yaw,0.5,none,,2,Pedestrian,37.4,>30m,13.7,3,1
nuscenes_mini_subset,scene-1094_003,yaw,0.5,none,,3,Pedestrian,26.3,15-30m,41.3,4,4
nuscenes_mini_subset,scene-1094_003,yaw,0.5,none,,4,Pedestrian,36.5,>30m,31.6,2,2
nuscenes_mini_subset,scene-1094_003,yaw,0.5,none,,5,Car,8.3,0-15m,439.8,373,372
nuscenes_mini_subset,scene-1094_003,yaw,0.5,none,,6,Pedestrian,35.4,>30m,31.2,3,2
nuscenes_mini_subset,scene-1094_003,yaw,0.5,none,,7,Pedestrian,23.0,15-30m,42.4,0,0
nuscenes_mini_subset,scene-1094_003,yaw,0.5,none,,8,Pedestrian,37.5,>30m,43.5,1,1
nuscenes_mini_subset,scene-1094_003,yaw,0.5,none,,9,Car,32.7,>30m,134.2,7,7
nuscenes_mini_subset,scene-1094_003,yaw,0.5,none,,10,Car,34.0,>30m,182.7,0,0
nuscenes_mini_subset,scene-1094_003,yaw,0.5,none,,11,Pedestrian,26.4,15-30m,45.1,4,4
nuscenes_mini_subset,scene-1094_003,yaw,0.5,none,,12,Car,6.8,0-15m,68.3,16,16
nuscenes_mini_subset,scene-1094_003,yaw,0.5,none,,13,Pedestrian,12.7,0-15m,10.9,0,0
nuscenes_mini_subset,scene-1094_003,yaw,0.5,none,,14,Pedestrian,23.8,15-30m,53.1,6,6
nuscenes_mini_subset,scene-1094_003,yaw,0.5,none,,15,Pedestrian,38.3,>30m,4.3,0,0
nuscenes_mini_subset,scene-1094_003,yaw,0.5,none,,16,Car,28.0,15-30m,266.1,6,6
nuscenes_mini_subset,scene-1094_003,yaw,0.5,none,,17,Car,30.3,>30m,315.9,67,67
nuscenes_mini_subset,scene-1094_003,yaw,0.5,none,,18,Pedestrian,14.5,0-15m,113.9,12,12
nuscenes_mini_subset,scene-1094_003,yaw,0.5,none,,19,Pedestrian,36.8,>30m,32.2,2,1
nuscenes_mini_subset,scene-1094_003,yaw,1.0,none,,1,Car,24.6,15-30m,258.8,28,21
nuscenes_mini_subset,scene-1094_003,yaw,1.0,none,,2,Pedestrian,37.4,>30m,13.7,3,0
nuscenes_mini_subset,scene-1094_003,yaw,1.0,none,,3,Pedestrian,26.3,15-30m,41.3,4,2
nuscenes_mini_subset,scene-1094_003,yaw,1.0,none,,4,Pedestrian,36.5,>30m,31.6,2,0
nuscenes_mini_subset,scene-1094_003,yaw,1.0,none,,5,Car,8.3,0-15m,439.8,373,371
nuscenes_mini_subset,scene-1094_003,yaw,1.0,none,,6,Pedestrian,35.4,>30m,31.2,3,0
nuscenes_mini_subset,scene-1094_003,yaw,1.0,none,,7,Pedestrian,23.0,15-30m,42.4,0,0
nuscenes_mini_subset,scene-1094_003,yaw,1.0,none,,8,Pedestrian,37.5,>30m,43.5,1,1
nuscenes_mini_subset,scene-1094_003,yaw,1.0,none,,9,Car,32.7,>30m,134.2,6,6
nuscenes_mini_subset,scene-1094_003,yaw,1.0,none,,10,Car,34.0,>30m,182.7,0,0
nuscenes_mini_subset,scene-1094_003,yaw,1.0,none,,11,Pedestrian,26.4,15-30m,45.1,4,0
nuscenes_mini_subset,scene-1094_003,yaw,1.0,none,,12,Car,6.8,0-15m,68.3,21,19
nuscenes_mini_subset,scene-1094_003,yaw,1.0,none,,13,Pedestrian,12.7,0-15m,10.9,0,0
nuscenes_mini_subset,scene-1094_003,yaw,1.0,none,,14,Pedestrian,23.8,15-30m,53.1,6,3
nuscenes_mini_subset,scene-1094_003,yaw,1.0,none,,15,Pedestrian,38.3,>30m,4.3,0,0
nuscenes_mini_subset,scene-1094_003,yaw,1.0,none,,16,Car,28.0,15-30m,266.1,6,6
nuscenes_mini_subset,scene-1094_003,yaw,1.0,none,,17,Car,30.3,>30m,315.9,67,65
nuscenes_mini_subset,scene-1094_003,yaw,1.0,none,,18,Pedestrian,14.5,0-15m,113.9,12,12
nuscenes_mini_subset,scene-1094_003,yaw,1.0,none,,19,Pedestrian,36.8,>30m,32.2,2,0
nuscenes_mini_subset,scene-1094_003,yaw,2.0,none,,1,Car,24.6,15-30m,258.8,28,14
nuscenes_mini_subset,scene-1094_003,yaw,2.0,none,,2,Pedestrian,37.4,>30m,13.7,3,0
nuscenes_mini_subset,scene-1094_003,yaw,2.0,none,,3,Pedestrian,26.3,15-30m,41.3,4,0
nuscenes_mini_subset,scene-1094_003,yaw,2.0,none,,4,Pedestrian,36.5,>30m,31.6,2,0
nuscenes_mini_subset,scene-1094_003,yaw,2.0,none,,5,Car,8.3,0-15m,439.8,373,357
nuscenes_mini_subset,scene-1094_003,yaw,2.0,none,,6,Pedestrian,35.4,>30m,31.2,3,0
nuscenes_mini_subset,scene-1094_003,yaw,2.0,none,,7,Pedestrian,23.0,15-30m,42.4,0,0
nuscenes_mini_subset,scene-1094_003,yaw,2.0,none,,8,Pedestrian,37.5,>30m,43.5,1,0
nuscenes_mini_subset,scene-1094_003,yaw,2.0,none,,9,Car,32.7,>30m,134.2,3,3
nuscenes_mini_subset,scene-1094_003,yaw,2.0,none,,10,Car,34.0,>30m,182.7,0,0
nuscenes_mini_subset,scene-1094_003,yaw,2.0,none,,11,Pedestrian,26.4,15-30m,45.1,4,0
nuscenes_mini_subset,scene-1094_003,yaw,2.0,none,,12,Car,6.8,0-15m,68.3,34,25
nuscenes_mini_subset,scene-1094_003,yaw,2.0,none,,13,Pedestrian,12.7,0-15m,10.9,0,0
nuscenes_mini_subset,scene-1094_003,yaw,2.0,none,,14,Pedestrian,23.8,15-30m,53.1,6,0
nuscenes_mini_subset,scene-1094_003,yaw,2.0,none,,15,Pedestrian,38.3,>30m,4.3,0,0
nuscenes_mini_subset,scene-1094_003,yaw,2.0,none,,16,Car,28.0,15-30m,266.1,6,6
nuscenes_mini_subset,scene-1094_003,yaw,2.0,none,,17,Car,30.3,>30m,315.9,67,62
nuscenes_mini_subset,scene-1094_003,yaw,2.0,none,,18,Pedestrian,14.5,0-15m,113.9,12,7
nuscenes_mini_subset,scene-1094_003,yaw,2.0,none,,19,Pedestrian,36.8,>30m,32.2,2,0
nuscenes_mini_subset,scene-1094_004,yaw,0.0,none,,1,Car,24.2,15-30m,264.3,27,27
nuscenes_mini_subset,scene-1094_004,yaw,0.0,none,,2,Pedestrian,36.9,>30m,17.4,1,1
nuscenes_mini_subset,scene-1094_004,yaw,0.0,none,,3,Pedestrian,26.4,15-30m,41.3,4,4
nuscenes_mini_subset,scene-1094_004,yaw,0.0,none,,4,Pedestrian,35.7,>30m,39.0,4,4
nuscenes_mini_subset,scene-1094_004,yaw,0.0,none,,5,Car,8.5,0-15m,438.0,367,367
nuscenes_mini_subset,scene-1094_004,yaw,0.0,none,,6,Pedestrian,34.4,>30m,34.0,5,5
nuscenes_mini_subset,scene-1094_004,yaw,0.0,none,,7,Pedestrian,23.0,15-30m,42.3,0,0
nuscenes_mini_subset,scene-1094_004,yaw,0.0,none,,8,Pedestrian,37.0,>30m,45.2,0,0
nuscenes_mini_subset,scene-1094_004,yaw,0.0,none,,9,Car,32.3,>30m,116.8,6,6
nuscenes_mini_subset,scene-1094_004,yaw,0.0,none,,10,Car,33.5,>30m,185.2,0,0
nuscenes_mini_subset,scene-1094_004,yaw,0.0,none,,11,Pedestrian,26.4,15-30m,45.9,4,4
nuscenes_mini_subset,scene-1094_004,yaw,0.0,none,,12,Car,8.5,0-15m,46.2,11,11
nuscenes_mini_subset,scene-1094_004,yaw,0.0,none,,13,Pedestrian,23.8,15-30m,53.8,6,6
nuscenes_mini_subset,scene-1094_004,yaw,0.0,none,,14,Pedestrian,37.8,>30m,6.9,0,0
nuscenes_mini_subset,scene-1094_004,yaw,0.0,none,,15,Car,27.6,15-30m,271.6,5,5
nuscenes_mini_subset,scene-1094_004,yaw,0.0,none,,16,Car,29.9,15-30m,321.6,68,68
nuscenes_mini_subset,scene-1094_004,yaw,0.0,none,,17,Pedestrian,14.6,0-15m,112.6,0,0
nuscenes_mini_subset,scene-1094_004,yaw,0.0,none,,18,Pedestrian,36.2,>30m,32.1,1,1
nuscenes_mini_subset,scene-1094_004,yaw,0.5,none,,1,Car,24.2,15-30m,264.3,27,26
nuscenes_mini_subset,scene-1094_004,yaw,0.5,none,,2,Pedestrian,36.9,>30m,17.4,1,0
nuscenes_mini_subset,scene-1094_004,yaw,0.5,none,,3,Pedestrian,26.4,15-30m,41.3,4,4
nuscenes_mini_subset,scene-1094_004,yaw,0.5,none,,4,Pedestrian,35.7,>30m,39.0,4,4
nuscenes_mini_subset,scene-1094_004,yaw,0.5,none,,5,Car,8.5,0-15m,438.0,367,367
nuscenes_mini_subset,scene-1094_004,yaw,0.5,none,,6,Pedestrian,34.4,>30m,34.0,5,3
nuscenes_mini_subset,scene-1094_004,yaw,0.5,none,,7,Pedestrian,23.0,15-30m,42.3,0,0
nuscenes_mini_subset,scene-1094_004,yaw,0.5,none,,8,Pedestrian,37.0,>30m,45.2,0,0
nuscenes_mini_subset,scene-1094_004,yaw,0.5,none,,9,Car,32.3,>30m,116.8,5,5
nuscenes_mini_subset,scene-1094_004,yaw,0.5,none,,10,Car,33.5,>30m,185.2,0,0
nuscenes_mini_subset,scene-1094_004,yaw,0.5,none,,11,Pedestrian,26.4,15-30m,45.9,4,3
nuscenes_mini_subset,scene-1094_004,yaw,0.5,none,,12,Car,8.5,0-15m,46.2,16,14
nuscenes_mini_subset,scene-1094_004,yaw,0.5,none,,13,Pedestrian,23.8,15-30m,53.8,6,6
nuscenes_mini_subset,scene-1094_004,yaw,0.5,none,,14,Pedestrian,37.8,>30m,6.9,1,0
nuscenes_mini_subset,scene-1094_004,yaw,0.5,none,,15,Car,27.6,15-30m,271.6,5,5
nuscenes_mini_subset,scene-1094_004,yaw,0.5,none,,16,Car,29.9,15-30m,321.6,68,68
nuscenes_mini_subset,scene-1094_004,yaw,0.5,none,,17,Pedestrian,14.6,0-15m,112.6,0,0
nuscenes_mini_subset,scene-1094_004,yaw,0.5,none,,18,Pedestrian,36.2,>30m,32.1,1,1
nuscenes_mini_subset,scene-1094_004,yaw,1.0,none,,1,Car,24.2,15-30m,264.3,27,22
nuscenes_mini_subset,scene-1094_004,yaw,1.0,none,,2,Pedestrian,36.9,>30m,17.4,1,0
nuscenes_mini_subset,scene-1094_004,yaw,1.0,none,,3,Pedestrian,26.4,15-30m,41.3,4,0
nuscenes_mini_subset,scene-1094_004,yaw,1.0,none,,4,Pedestrian,35.7,>30m,39.0,4,2
nuscenes_mini_subset,scene-1094_004,yaw,1.0,none,,5,Car,8.5,0-15m,438.0,367,362
nuscenes_mini_subset,scene-1094_004,yaw,1.0,none,,6,Pedestrian,34.4,>30m,34.0,5,0
nuscenes_mini_subset,scene-1094_004,yaw,1.0,none,,7,Pedestrian,23.0,15-30m,42.3,0,0
nuscenes_mini_subset,scene-1094_004,yaw,1.0,none,,8,Pedestrian,37.0,>30m,45.2,0,0
nuscenes_mini_subset,scene-1094_004,yaw,1.0,none,,9,Car,32.3,>30m,116.8,3,3
nuscenes_mini_subset,scene-1094_004,yaw,1.0,none,,10,Car,33.5,>30m,185.2,0,0
nuscenes_mini_subset,scene-1094_004,yaw,1.0,none,,11,Pedestrian,26.4,15-30m,45.9,4,1
nuscenes_mini_subset,scene-1094_004,yaw,1.0,none,,12,Car,8.5,0-15m,46.2,19,13
nuscenes_mini_subset,scene-1094_004,yaw,1.0,none,,13,Pedestrian,23.8,15-30m,53.8,6,4
nuscenes_mini_subset,scene-1094_004,yaw,1.0,none,,14,Pedestrian,37.8,>30m,6.9,1,0
nuscenes_mini_subset,scene-1094_004,yaw,1.0,none,,15,Car,27.6,15-30m,271.6,5,5
nuscenes_mini_subset,scene-1094_004,yaw,1.0,none,,16,Car,29.9,15-30m,321.6,68,66
nuscenes_mini_subset,scene-1094_004,yaw,1.0,none,,17,Pedestrian,14.6,0-15m,112.6,0,0
nuscenes_mini_subset,scene-1094_004,yaw,1.0,none,,18,Pedestrian,36.2,>30m,32.1,1,0
nuscenes_mini_subset,scene-1094_004,yaw,2.0,none,,1,Car,24.2,15-30m,264.3,27,21
nuscenes_mini_subset,scene-1094_004,yaw,2.0,none,,2,Pedestrian,36.9,>30m,17.4,1,0
nuscenes_mini_subset,scene-1094_004,yaw,2.0,none,,3,Pedestrian,26.4,15-30m,41.3,4,0
nuscenes_mini_subset,scene-1094_004,yaw,2.0,none,,4,Pedestrian,35.7,>30m,39.0,4,0
nuscenes_mini_subset,scene-1094_004,yaw,2.0,none,,5,Car,8.5,0-15m,438.0,367,347
nuscenes_mini_subset,scene-1094_004,yaw,2.0,none,,6,Pedestrian,34.4,>30m,34.0,5,0
nuscenes_mini_subset,scene-1094_004,yaw,2.0,none,,7,Pedestrian,23.0,15-30m,42.3,0,0
nuscenes_mini_subset,scene-1094_004,yaw,2.0,none,,8,Pedestrian,37.0,>30m,45.2,0,0
nuscenes_mini_subset,scene-1094_004,yaw,2.0,none,,9,Car,32.3,>30m,116.8,1,1
nuscenes_mini_subset,scene-1094_004,yaw,2.0,none,,10,Car,33.5,>30m,185.2,0,0
nuscenes_mini_subset,scene-1094_004,yaw,2.0,none,,11,Pedestrian,26.4,15-30m,45.9,4,0
nuscenes_mini_subset,scene-1094_004,yaw,2.0,none,,12,Car,8.5,0-15m,46.2,30,14
nuscenes_mini_subset,scene-1094_004,yaw,2.0,none,,13,Pedestrian,23.8,15-30m,53.8,6,0
nuscenes_mini_subset,scene-1094_004,yaw,2.0,none,,14,Pedestrian,37.8,>30m,6.9,1,0
nuscenes_mini_subset,scene-1094_004,yaw,2.0,none,,15,Car,27.6,15-30m,271.6,5,5
nuscenes_mini_subset,scene-1094_004,yaw,2.0,none,,16,Car,29.9,15-30m,321.6,68,63
nuscenes_mini_subset,scene-1094_004,yaw,2.0,none,,17,Pedestrian,14.6,0-15m,112.6,0,0
nuscenes_mini_subset,scene-1094_004,yaw,2.0,none,,18,Pedestrian,36.2,>30m,32.1,1,0
nuscenes_mini_subset,scene-1094_005,yaw,0.0,none,,1,Car,23.5,15-30m,273.8,30,30
nuscenes_mini_subset,scene-1094_005,yaw,0.0,none,,2,Pedestrian,36.2,>30m,15.0,2,2
nuscenes_mini_subset,scene-1094_005,yaw,0.0,none,,3,Pedestrian,26.0,15-30m,41.9,3,3
nuscenes_mini_subset,scene-1094_005,yaw,0.0,none,,4,Pedestrian,34.8,>30m,33.7,2,2
nuscenes_mini_subset,scene-1094_005,yaw,0.0,none,,5,Car,8.5,0-15m,442.8,379,379
nuscenes_mini_subset,scene-1094_005,yaw,0.0,none,,6,Pedestrian,33.3,>30m,38.0,5,5
nuscenes_mini_subset,scene-1094_005,yaw,0.0,none,,7,Pedestrian,22.7,15-30m,42.8,0,0
nuscenes_mini_subset,scene-1094_005,yaw,0.0,none,,8,Pedestrian,36.1,>30m,47.0,2,2
nuscenes_mini_subset,scene-1094_005,yaw,0.0,none,,9,Car,31.6,>30m,88.9,0,0
nuscenes_mini_subset,scene-1094_005,yaw,0.0,none,,10,Car,32.8,>30m,189.6,0,0
nuscenes_mini_subset,scene-1094_005,yaw,0.0,none,,11,Pedestrian,26.1,15-30m,47.4,3,3
nuscenes_mini_subset,scene-1094_005,yaw,0.0,none,,12,Car,9.9,0-15m,8.8,0,0
nuscenes_mini_subset,scene-1094_005,yaw,0.0,none,,13,Pedestrian,23.4,15-30m,55.2,6,6
nuscenes_mini_subset,scene-1094_005,yaw,0.0,none,,14,Pedestrian,37.2,>30m,8.2,0,0
nuscenes_mini_subset,scene-1094_005,yaw,0.0,none,,15,Car,26.9,15-30m,281.1,15,15
nuscenes_mini_subset,scene-1094_005,yaw,0.0,none,,16,Car,29.2,15-30m,331.6,74,74
nuscenes_mini_subset,scene-1094_005,yaw,0.0,none,,17,Pedestrian,14.4,0-15m,113.9,0,0
nuscenes_mini_subset,scene-1094_005,yaw,0.0,none,,18,Pedestrian,35.3,>30m,32.3,3,3
nuscenes_mini_subset,scene-1094_005,yaw,0.5,none,,1,Car,23.5,15-30m,273.8,30,30
nuscenes_mini_subset,scene-1094_005,yaw,0.5,none,,2,Pedestrian,36.2,>30m,15.0,4,2
nuscenes_mini_subset,scene-1094_005,yaw,0.5,none,,3,Pedestrian,26.0,15-30m,41.9,3,3
nuscenes_mini_subset,scene-1094_005,yaw,0.5,none,,4,Pedestrian,34.8,>30m,33.7,2,2
nuscenes_mini_subset,scene-1094_005,yaw,0.5,none,,5,Car,8.5,0-15m,442.8,379,377
nuscenes_mini_subset,scene-1094_005,yaw,0.5,none,,6,Pedestrian,33.3,>30m,38.0,5,3
nuscenes_mini_subset,scene-1094_005,yaw,0.5,none,,7,Pedestrian,22.7,15-30m,42.8,0,0
nuscenes_mini_subset,scene-1094_005,yaw,0.5,none,,8,Pedestrian,36.1,>30m,47.0,2,2
nuscenes_mini_subset,scene-1094_005,yaw,0.5,none,,9,Car,31.6,>30m,88.9,0,0
nuscenes_mini_subset,scene-1094_005,yaw,0.5,none,,10,Car,32.8,>30m,189.6,0,0
nuscenes_mini_subset,scene-1094_005,yaw,0.5,none,,11,Pedestrian,26.1,15-30m,47.4,3,3
nuscenes_mini_subset,scene-1094_005,yaw,0.5,none,,12,Car,9.9,0-15m,8.8,2,1
nuscenes_mini_subset,scene-1094_005,yaw,0.5,none,,13,Pedestrian,23.4,15-30m,55.2,6,6
nuscenes_mini_subset,scene-1094_005,yaw,0.5,none,,14,Pedestrian,37.2,>30m,8.2,0,0
nuscenes_mini_subset,scene-1094_005,yaw,0.5,none,,15,Car,26.9,15-30m,281.1,15,15
nuscenes_mini_subset,scene-1094_005,yaw,0.5,none,,16,Car,29.2,15-30m,331.6,74,74
nuscenes_mini_subset,scene-1094_005,yaw,0.5,none,,17,Pedestrian,14.4,0-15m,113.9,0,0
nuscenes_mini_subset,scene-1094_005,yaw,0.5,none,,18,Pedestrian,35.3,>30m,32.3,3,2
nuscenes_mini_subset,scene-1094_005,yaw,1.0,none,,1,Car,23.5,15-30m,273.8,30,30
nuscenes_mini_subset,scene-1094_005,yaw,1.0,none,,2,Pedestrian,36.2,>30m,15.0,4,0
nuscenes_mini_subset,scene-1094_005,yaw,1.0,none,,3,Pedestrian,26.0,15-30m,41.9,3,1
nuscenes_mini_subset,scene-1094_005,yaw,1.0,none,,4,Pedestrian,34.8,>30m,33.7,2,0
nuscenes_mini_subset,scene-1094_005,yaw,1.0,none,,5,Car,8.5,0-15m,442.8,379,370
nuscenes_mini_subset,scene-1094_005,yaw,1.0,none,,6,Pedestrian,33.3,>30m,38.0,5,0
nuscenes_mini_subset,scene-1094_005,yaw,1.0,none,,7,Pedestrian,22.7,15-30m,42.8,0,0
nuscenes_mini_subset,scene-1094_005,yaw,1.0,none,,8,Pedestrian,36.1,>30m,47.0,2,0
nuscenes_mini_subset,scene-1094_005,yaw,1.0,none,,9,Car,31.6,>30m,88.9,0,0
nuscenes_mini_subset,scene-1094_005,yaw,1.0,none,,10,Car,32.8,>30m,189.6,0,0
nuscenes_mini_subset,scene-1094_005,yaw,1.0,none,,11,Pedestrian,26.1,15-30m,47.4,3,0
nuscenes_mini_subset,scene-1094_005,yaw,1.0,none,,12,Car,9.9,0-15m,8.8,5,1
nuscenes_mini_subset,scene-1094_005,yaw,1.0,none,,13,Pedestrian,23.4,15-30m,55.2,6,3
nuscenes_mini_subset,scene-1094_005,yaw,1.0,none,,14,Pedestrian,37.2,>30m,8.2,0,0
nuscenes_mini_subset,scene-1094_005,yaw,1.0,none,,15,Car,26.9,15-30m,281.1,15,15
nuscenes_mini_subset,scene-1094_005,yaw,1.0,none,,16,Car,29.2,15-30m,331.6,74,73
nuscenes_mini_subset,scene-1094_005,yaw,1.0,none,,17,Pedestrian,14.4,0-15m,113.9,0,0
nuscenes_mini_subset,scene-1094_005,yaw,1.0,none,,18,Pedestrian,35.3,>30m,32.3,3,0
nuscenes_mini_subset,scene-1094_005,yaw,2.0,none,,1,Car,23.5,15-30m,273.8,30,30
nuscenes_mini_subset,scene-1094_005,yaw,2.0,none,,2,Pedestrian,36.2,>30m,15.0,4,0
nuscenes_mini_subset,scene-1094_005,yaw,2.0,none,,3,Pedestrian,26.0,15-30m,41.9,3,0
nuscenes_mini_subset,scene-1094_005,yaw,2.0,none,,4,Pedestrian,34.8,>30m,33.7,2,0
nuscenes_mini_subset,scene-1094_005,yaw,2.0,none,,5,Car,8.5,0-15m,442.8,379,352
nuscenes_mini_subset,scene-1094_005,yaw,2.0,none,,6,Pedestrian,33.3,>30m,38.0,5,0
nuscenes_mini_subset,scene-1094_005,yaw,2.0,none,,7,Pedestrian,22.7,15-30m,42.8,0,0
nuscenes_mini_subset,scene-1094_005,yaw,2.0,none,,8,Pedestrian,36.1,>30m,47.0,2,0
nuscenes_mini_subset,scene-1094_005,yaw,2.0,none,,9,Car,31.6,>30m,88.9,0,0
nuscenes_mini_subset,scene-1094_005,yaw,2.0,none,,10,Car,32.8,>30m,189.6,0,0
nuscenes_mini_subset,scene-1094_005,yaw,2.0,none,,11,Pedestrian,26.1,15-30m,47.4,3,0
nuscenes_mini_subset,scene-1094_005,yaw,2.0,none,,12,Car,9.9,0-15m,8.8,14,1
nuscenes_mini_subset,scene-1094_005,yaw,2.0,none,,13,Pedestrian,23.4,15-30m,55.2,6,0
nuscenes_mini_subset,scene-1094_005,yaw,2.0,none,,14,Pedestrian,37.2,>30m,8.2,0,0
nuscenes_mini_subset,scene-1094_005,yaw,2.0,none,,15,Car,26.9,15-30m,281.1,15,15
nuscenes_mini_subset,scene-1094_005,yaw,2.0,none,,16,Car,29.2,15-30m,331.6,74,70
nuscenes_mini_subset,scene-1094_005,yaw,2.0,none,,17,Pedestrian,14.4,0-15m,113.9,0,0
nuscenes_mini_subset,scene-1094_005,yaw,2.0,none,,18,Pedestrian,35.3,>30m,32.3,3,0
nuscenes_mini_subset,scene-1094_006,yaw,0.0,none,,1,Car,22.6,15-30m,274.9,50,50
nuscenes_mini_subset,scene-1094_006,yaw,0.0,none,,2,Pedestrian,35.3,>30m,0.6,0,0
nuscenes_mini_subset,scene-1094_006,yaw,0.0,none,,3,Pedestrian,25.4,15-30m,43.3,3,3
nuscenes_mini_subset,scene-1094_006,yaw,0.0,none,,4,Pedestrian,34.0,>30m,33.3,4,4
nuscenes_mini_subset,scene-1094_006,yaw,0.0,none,,5,Car,8.3,0-15m,490.7,415,415
nuscenes_mini_subset,scene-1094_006,yaw,0.0,none,,6,Pedestrian,31.9,>30m,41.5,5,5
nuscenes_mini_subset,scene-1094_006,yaw,0.0,none,,7,Pedestrian,22.2,15-30m,43.8,0,0
nuscenes_mini_subset,scene-1094_006,yaw,0.0,none,,8,Pedestrian,35.0,>30m,47.7,3,3
nuscenes_mini_subset,scene-1094_006,yaw,0.0,none,,9,Car,30.9,>30m,52.4,0,0
nuscenes_mini_subset,scene-1094_006,yaw,0.0,none,,10,Car,31.8,>30m,196.0,0,0
nuscenes_mini_subset,scene-1094_006,yaw,0.0,none,,11,Pedestrian,25.7,15-30m,49.5,6,6
nuscenes_mini_subset,scene-1094_006,yaw,0.0,none,,12,Pedestrian,23.0,15-30m,57.1,6,6
nuscenes_mini_subset,scene-1094_006,yaw,0.0,none,,13,Pedestrian,36.3,>30m,7.9,0,0
nuscenes_mini_subset,scene-1094_006,yaw,0.0,none,,14,Car,26.0,15-30m,295.3,10,10
nuscenes_mini_subset,scene-1094_006,yaw,0.0,none,,15,Car,28.2,15-30m,346.3,64,64
nuscenes_mini_subset,scene-1094_006,yaw,0.0,none,,16,Pedestrian,13.9,0-15m,117.4,0,0
nuscenes_mini_subset,scene-1094_006,yaw,0.0,none,,17,Pedestrian,34.1,>30m,32.9,1,1
nuscenes_mini_subset,scene-1094_006,yaw,0.5,none,,1,Car,22.6,15-30m,274.9,50,50
nuscenes_mini_subset,scene-1094_006,yaw,0.5,none,,2,Pedestrian,35.3,>30m,0.6,1,0
nuscenes_mini_subset,scene-1094_006,yaw,0.5,none,,3,Pedestrian,25.4,15-30m,43.3,3,3
nuscenes_mini_subset,scene-1094_006,yaw,0.5,none,,4,Pedestrian,34.0,>30m,33.3,4,2
nuscenes_mini_subset,scene-1094_006,yaw,0.5,none,,5,Car,8.3,0-15m,490.7,415,413
nuscenes_mini_subset,scene-1094_006,yaw,0.5,none,,6,Pedestrian,31.9,>30m,41.5,5,3
nuscenes_mini_subset,scene-1094_006,yaw,0.5,none,,7,Pedestrian,22.2,15-30m,43.8,0,0
nuscenes_mini_subset,scene-1094_006,yaw,0.5,none,,8,Pedestrian,35.0,>30m,47.7,3,3
nuscenes_mini_subset,scene-1094_006,yaw,0.5,none,,9,Car,30.9,>30m,52.4,0,0
nuscenes_mini_subset,scene-1094_006,yaw,0.5,none,,10,Car,31.8,>30m,196.0,0,0
nuscenes_mini_subset,scene-1094_006,yaw,0.5,none,,11,Pedestrian,25.7,15-30m,49.5,6,6
nuscenes_mini_subset,scene-1094_006,yaw,0.5,none,,12,Pedestrian,23.0,15-30m,57.1,6,6
nuscenes_mini_subset,scene-1094_006,yaw,0.5,none,,13,Pedestrian,36.3,>30m,7.9,1,1
nuscenes_mini_subset,scene-1094_006,yaw,0.5,none,,14,Car,26.0,15-30m,295.3,10,10
nuscenes_mini_subset,scene-1094_006,yaw,0.5,none,,15,Car,28.2,15-30m,346.3,64,64
nuscenes_mini_subset,scene-1094_006,yaw,0.5,none,,16,Pedestrian,13.9,0-15m,117.4,0,0
nuscenes_mini_subset,scene-1094_006,yaw,0.5,none,,17,Pedestrian,34.1,>30m,32.9,1,1
nuscenes_mini_subset,scene-1094_006,yaw,1.0,none,,1,Car,22.6,15-30m,274.9,49,49
nuscenes_mini_subset,scene-1094_006,yaw,1.0,none,,2,Pedestrian,35.3,>30m,0.6,3,0
nuscenes_mini_subset,scene-1094_006,yaw,1.0,none,,3,Pedestrian,25.4,15-30m,43.3,3,3
nuscenes_mini_subset,scene-1094_006,yaw,1.0,none,,4,Pedestrian,34.0,>30m,33.3,4,1
nuscenes_mini_subset,scene-1094_006,yaw,1.0,none,,5,Car,8.3,0-15m,490.7,415,407
nuscenes_mini_subset,scene-1094_006,yaw,1.0,none,,6,Pedestrian,31.9,>30m,41.5,5,1
nuscenes_mini_subset,scene-1094_006,yaw,1.0,none,,7,Pedestrian,22.2,15-30m,43.8,0,0
nuscenes_mini_subset,scene-1094_006,yaw,1.0,none,,8,Pedestrian,35.0,>30m,47.7,3,1
nuscenes_mini_subset,scene-1094_006,yaw,1.0,none,,9,Car,30.9,>30m,52.4,0,0
nuscenes_mini_subset,scene-1094_006,yaw,1.0,none,,10,Car,31.8,>30m,196.0,0,0
nuscenes_mini_subset,scene-1094_006,yaw,1.0,none,,11,Pedestrian,25.7,15-30m,49.5,6,2
nuscenes_mini_subset,scene-1094_006,yaw,1.0,none,,12,Pedestrian,23.0,15-30m,57.1,6,4
nuscenes_mini_subset,scene-1094_006,yaw,1.0,none,,13,Pedestrian,36.3,>30m,7.9,1,0
nuscenes_mini_subset,scene-1094_006,yaw,1.0,none,,14,Car,26.0,15-30m,295.3,10,10
nuscenes_mini_subset,scene-1094_006,yaw,1.0,none,,15,Car,28.2,15-30m,346.3,64,63
nuscenes_mini_subset,scene-1094_006,yaw,1.0,none,,16,Pedestrian,13.9,0-15m,117.4,0,0
nuscenes_mini_subset,scene-1094_006,yaw,1.0,none,,17,Pedestrian,34.1,>30m,32.9,1,0
nuscenes_mini_subset,scene-1094_006,yaw,2.0,none,,1,Car,22.6,15-30m,274.9,43,43
nuscenes_mini_subset,scene-1094_006,yaw,2.0,none,,2,Pedestrian,35.3,>30m,0.6,3,0
nuscenes_mini_subset,scene-1094_006,yaw,2.0,none,,3,Pedestrian,25.4,15-30m,43.3,3,0
nuscenes_mini_subset,scene-1094_006,yaw,2.0,none,,4,Pedestrian,34.0,>30m,33.3,4,0
nuscenes_mini_subset,scene-1094_006,yaw,2.0,none,,5,Car,8.3,0-15m,490.7,415,391
nuscenes_mini_subset,scene-1094_006,yaw,2.0,none,,6,Pedestrian,31.9,>30m,41.5,5,0
nuscenes_mini_subset,scene-1094_006,yaw,2.0,none,,7,Pedestrian,22.2,15-30m,43.8,0,0
nuscenes_mini_subset,scene-1094_006,yaw,2.0,none,,8,Pedestrian,35.0,>30m,47.7,3,0
nuscenes_mini_subset,scene-1094_006,yaw,2.0,none,,9,Car,30.9,>30m,52.4,0,0
nuscenes_mini_subset,scene-1094_006,yaw,2.0,none,,10,Car,31.8,>30m,196.0,0,0
nuscenes_mini_subset,scene-1094_006,yaw,2.0,none,,11,Pedestrian,25.7,15-30m,49.5,6,0
nuscenes_mini_subset,scene-1094_006,yaw,2.0,none,,12,Pedestrian,23.0,15-30m,57.1,6,0
nuscenes_mini_subset,scene-1094_006,yaw,2.0,none,,13,Pedestrian,36.3,>30m,7.9,1,0
nuscenes_mini_subset,scene-1094_006,yaw,2.0,none,,14,Car,26.0,15-30m,295.3,10,10
nuscenes_mini_subset,scene-1094_006,yaw,2.0,none,,15,Car,28.2,15-30m,346.3,64,61
nuscenes_mini_subset,scene-1094_006,yaw,2.0,none,,16,Pedestrian,13.9,0-15m,117.4,0,0
nuscenes_mini_subset,scene-1094_006,yaw,2.0,none,,17,Pedestrian,34.1,>30m,32.9,1,0
nuscenes_mini_subset,scene-1094_007,yaw,0.0,none,,0,Car,21.5,15-30m,232.7,48,48
nuscenes_mini_subset,scene-1094_007,yaw,0.0,none,,1,Pedestrian,20.9,15-30m,45.7,2,2
nuscenes_mini_subset,scene-1094_007,yaw,0.0,none,,2,Pedestrian,24.5,15-30m,45.2,6,6
nuscenes_mini_subset,scene-1094_007,yaw,0.0,none,,3,Pedestrian,32.9,>30m,34.7,2,2
nuscenes_mini_subset,scene-1094_007,yaw,0.0,none,,4,Car,8.0,0-15m,531.4,462,462
nuscenes_mini_subset,scene-1094_007,yaw,0.0,none,,5,Pedestrian,30.4,>30m,44.5,4,4
nuscenes_mini_subset,scene-1094_007,yaw,0.0,none,,6,Pedestrian,21.4,15-30m,45.5,0,0
nuscenes_mini_subset,scene-1094_007,yaw,0.0,none,,7,Pedestrian,33.6,>30m,48.6,2,2
nuscenes_mini_subset,scene-1094_007,yaw,0.0,none,,8,Car,29.9,15-30m,10.6,0,0
nuscenes_mini_subset,scene-1094_007,yaw,0.0,none,,9,Car,30.5,>30m,204.5,9,9
nuscenes_mini_subset,scene-1094_007,yaw,0.0,none,,10,Pedestrian,25.0,15-30m,52.4,4,4
nuscenes_mini_subset,scene-1094_007,yaw,0.0,none,,11,Pedestrian,22.3,15-30m,60.1,9,9
nuscenes_mini_subset,scene-1094_007,yaw,0.0,none,,12,Car,24.8,15-30m,314.0,6,6
nuscenes_mini_subset,scene-1094_007,yaw,0.0,none,,13,Car,27.1,15-30m,365.5,62,62
nuscenes_mini_subset,scene-1094_007,yaw,0.0,none,,14,Pedestrian,13.1,0-15m,123.7,0,0
nuscenes_mini_subset,scene-1094_007,yaw,0.0,none,,15,Pedestrian,20.9,15-30m,42.6,7,7
nuscenes_mini_subset,scene-1094_007,yaw,0.0,none,,16,Pedestrian,32.8,>30m,34.1,2,2
nuscenes_mini_subset,scene-1094_007,yaw,0.5,none,,0,Car,21.5,15-30m,232.7,44,44
nuscenes_mini_subset,scene-1094_007,yaw,0.5,none,,1,Pedestrian,20.9,15-30m,45.7,2,2
nuscenes_mini_subset,scene-1094_007,yaw,0.5,none,,2,Pedestrian,24.5,15-30m,45.2,6,6
nuscenes_mini_subset,scene-1094_007,yaw,0.5,none,,3,Pedestrian,32.9,>30m,34.7,2,2
nuscenes_mini_subset,scene-1094_007,yaw,0.5,none,,4,Car,8.0,0-15m,531.4,462,460
nuscenes_mini_subset,scene-1094_007,yaw,0.5,none,,5,Pedestrian,30.4,>30m,44.5,4,4
nuscenes_mini_subset,scene-1094_007,yaw,0.5,none,,6,Pedestrian,21.4,15-30m,45.5,0,0
nuscenes_mini_subset,scene-1094_007,yaw,0.5,none,,7,Pedestrian,33.6,>30m,48.6,2,2
nuscenes_mini_subset,scene-1094_007,yaw,0.5,none,,8,Car,29.9,15-30m,10.6,0,0
nuscenes_mini_subset,scene-1094_007,yaw,0.5,none,,9,Car,30.5,>30m,204.5,9,9
nuscenes_mini_subset,scene-1094_007,yaw,0.5,none,,10,Pedestrian,25.0,15-30m,52.4,4,4
nuscenes_mini_subset,scene-1094_007,yaw,0.5,none,,11,Pedestrian,22.3,15-30m,60.1,9,9
nuscenes_mini_subset,scene-1094_007,yaw,0.5,none,,12,Car,24.8,15-30m,314.0,6,6
nuscenes_mini_subset,scene-1094_007,yaw,0.5,none,,13,Car,27.1,15-30m,365.5,62,62
nuscenes_mini_subset,scene-1094_007,yaw,0.5,none,,14,Pedestrian,13.1,0-15m,123.7,0,0
nuscenes_mini_subset,scene-1094_007,yaw,0.5,none,,15,Pedestrian,20.9,15-30m,42.6,7,7
nuscenes_mini_subset,scene-1094_007,yaw,0.5,none,,16,Pedestrian,32.8,>30m,34.1,2,2
nuscenes_mini_subset,scene-1094_007,yaw,1.0,none,,0,Car,21.5,15-30m,232.7,38,38
nuscenes_mini_subset,scene-1094_007,yaw,1.0,none,,1,Pedestrian,20.9,15-30m,45.7,2,2
nuscenes_mini_subset,scene-1094_007,yaw,1.0,none,,2,Pedestrian,24.5,15-30m,45.2,6,5
nuscenes_mini_subset,scene-1094_007,yaw,1.0,none,,3,Pedestrian,32.9,>30m,34.7,2,1
nuscenes_mini_subset,scene-1094_007,yaw,1.0,none,,4,Car,8.0,0-15m,531.4,462,454
nuscenes_mini_subset,scene-1094_007,yaw,1.0,none,,5,Pedestrian,30.4,>30m,44.5,4,1
nuscenes_mini_subset,scene-1094_007,yaw,1.0,none,,6,Pedestrian,21.4,15-30m,45.5,0,0
nuscenes_mini_subset,scene-1094_007,yaw,1.0,none,,7,Pedestrian,33.6,>30m,48.6,2,0
nuscenes_mini_subset,scene-1094_007,yaw,1.0,none,,8,Car,29.9,15-30m,10.6,0,0
nuscenes_mini_subset,scene-1094_007,yaw,1.0,none,,9,Car,30.5,>30m,204.5,9,9
nuscenes_mini_subset,scene-1094_007,yaw,1.0,none,,10,Pedestrian,25.0,15-30m,52.4,4,2
nuscenes_mini_subset,scene-1094_007,yaw,1.0,none,,11,Pedestrian,22.3,15-30m,60.1,9,5
nuscenes_mini_subset,scene-1094_007,yaw,1.0,none,,12,Car,24.8,15-30m,314.0,6,6
nuscenes_mini_subset,scene-1094_007,yaw,1.0,none,,13,Car,27.1,15-30m,365.5,62,59
nuscenes_mini_subset,scene-1094_007,yaw,1.0,none,,14,Pedestrian,13.1,0-15m,123.7,0,0
nuscenes_mini_subset,scene-1094_007,yaw,1.0,none,,15,Pedestrian,20.9,15-30m,42.6,7,2
nuscenes_mini_subset,scene-1094_007,yaw,1.0,none,,16,Pedestrian,32.8,>30m,34.1,2,0
nuscenes_mini_subset,scene-1094_007,yaw,2.0,none,,0,Car,21.5,15-30m,232.7,31,31
nuscenes_mini_subset,scene-1094_007,yaw,2.0,none,,1,Pedestrian,20.9,15-30m,45.7,2,0
nuscenes_mini_subset,scene-1094_007,yaw,2.0,none,,2,Pedestrian,24.5,15-30m,45.2,6,0
nuscenes_mini_subset,scene-1094_007,yaw,2.0,none,,3,Pedestrian,32.9,>30m,34.7,2,0
nuscenes_mini_subset,scene-1094_007,yaw,2.0,none,,4,Car,8.0,0-15m,531.4,462,434
nuscenes_mini_subset,scene-1094_007,yaw,2.0,none,,5,Pedestrian,30.4,>30m,44.5,4,0
nuscenes_mini_subset,scene-1094_007,yaw,2.0,none,,6,Pedestrian,21.4,15-30m,45.5,0,0
nuscenes_mini_subset,scene-1094_007,yaw,2.0,none,,7,Pedestrian,33.6,>30m,48.6,2,0
nuscenes_mini_subset,scene-1094_007,yaw,2.0,none,,8,Car,29.9,15-30m,10.6,0,0
nuscenes_mini_subset,scene-1094_007,yaw,2.0,none,,9,Car,30.5,>30m,204.5,9,9
nuscenes_mini_subset,scene-1094_007,yaw,2.0,none,,10,Pedestrian,25.0,15-30m,52.4,4,0
nuscenes_mini_subset,scene-1094_007,yaw,2.0,none,,11,Pedestrian,22.3,15-30m,60.1,9,0
nuscenes_mini_subset,scene-1094_007,yaw,2.0,none,,12,Car,24.8,15-30m,314.0,6,6
nuscenes_mini_subset,scene-1094_007,yaw,2.0,none,,13,Car,27.1,15-30m,365.5,62,53
nuscenes_mini_subset,scene-1094_007,yaw,2.0,none,,14,Pedestrian,13.1,0-15m,123.7,0,0
nuscenes_mini_subset,scene-1094_007,yaw,2.0,none,,15,Pedestrian,20.9,15-30m,42.6,7,0
nuscenes_mini_subset,scene-1094_007,yaw,2.0,none,,16,Pedestrian,32.8,>30m,34.1,2,0
nuscenes_mini_subset,scene-1094_008,yaw,0.0,none,,0,Car,20.4,15-30m,187.2,31,31
nuscenes_mini_subset,scene-1094_008,yaw,0.0,none,,1,Pedestrian,20.1,15-30m,47.4,8,8
nuscenes_mini_subset,scene-1094_008,yaw,0.0,none,,2,Pedestrian,23.6,15-30m,47.8,2,2
nuscenes_mini_subset,scene-1094_008,yaw,0.0,none,,3,Pedestrian,31.7,>30m,36.3,2,2
nuscenes_mini_subset,scene-1094_008,yaw,0.0,none,,4,Car,7.9,0-15m,610.5,481,481
nuscenes_mini_subset,scene-1094_008,yaw,0.0,none,,5,Pedestrian,28.8,15-30m,47.3,2,2
nuscenes_mini_subset,scene-1094_008,yaw,0.0,none,,6,Pedestrian,20.5,15-30m,47.5,0,0
nuscenes_mini_subset,scene-1094_008,yaw,0.0,none,,7,Pedestrian,32.2,>30m,49.5,2,2
nuscenes_mini_subset,scene-1094_008,yaw,0.0,none,,8,Car,29.2,15-30m,214.2,18,18
nuscenes_mini_subset,scene-1094_008,yaw,0.0,none,,9,Pedestrian,24.2,15-30m,56.9,4,4
nuscenes_mini_subset,scene-1094_008,yaw,0.0,none,,10,Pedestrian,21.4,15-30m,64.1,6,6
nuscenes_mini_subset,scene-1094_008,yaw,0.0,none,,11,Car,23.6,15-30m,311.5,1,1
nuscenes_mini_subset,scene-1094_008,yaw,0.0,none,,12,Car,25.8,15-30m,387.2,62,62
nuscenes_mini_subset,scene-1094_008,yaw,0.0,none,,13,Pedestrian,12.3,0-15m,131.6,20,20
nuscenes_mini_subset,scene-1094_008,yaw,0.0,none,,14,Pedestrian,20.1,15-30m,43.5,7,7
nuscenes_mini_subset,scene-1094_008,yaw,0.0,none,,15,Pedestrian,31.4,>30m,35.5,2,2
nuscenes_mini_subset,scene-1094_008,yaw,0.5,none,,0,Car,20.4,15-30m,187.2,26,26
nuscenes_mini_subset,scene-1094_008,yaw,0.5,none,,1,Pedestrian,20.1,15-30m,47.4,8,7
nuscenes_mini_subset,scene-1094_008,yaw,0.5,none,,2,Pedestrian,23.6,15-30m,47.8,2,2
nuscenes_mini_subset,scene-1094_008,yaw,0.5,none,,3,Pedestrian,31.7,>30m,36.3,2,2
nuscenes_mini_subset,scene-1094_008,yaw,0.5,none,,4,Car,7.9,0-15m,610.5,480,480
nuscenes_mini_subset,scene-1094_008,yaw,0.5,none,,5,Pedestrian,28.8,15-30m,47.3,2,1
nuscenes_mini_subset,scene-1094_008,yaw,0.5,none,,6,Pedestrian,20.5,15-30m,47.5,0,0
nuscenes_mini_subset,scene-1094_008,yaw,0.5,none,,7,Pedestrian,32.2,>30m,49.5,2,2
nuscenes_mini_subset,scene-1094_008,yaw,0.5,none,,8,Car,29.2,15-30m,214.2,18,18
nuscenes_mini_subset,scene-1094_008,yaw,0.5,none,,9,Pedestrian,24.2,15-30m,56.9,4,4
nuscenes_mini_subset,scene-1094_008,yaw,0.5,none,,10,Pedestrian,21.4,15-30m,64.1,6,6
nuscenes_mini_subset,scene-1094_008,yaw,0.5,none,,11,Car,23.6,15-30m,311.5,1,1
nuscenes_mini_subset,scene-1094_008,yaw,0.5,none,,12,Car,25.8,15-30m,387.2,62,62
nuscenes_mini_subset,scene-1094_008,yaw,0.5,none,,13,Pedestrian,12.3,0-15m,131.6,20,20
nuscenes_mini_subset,scene-1094_008,yaw,0.5,none,,14,Pedestrian,20.1,15-30m,43.5,7,6
nuscenes_mini_subset,scene-1094_008,yaw,0.5,none,,15,Pedestrian,31.4,>30m,35.5,2,1
nuscenes_mini_subset,scene-1094_008,yaw,1.0,none,,0,Car,20.4,15-30m,187.2,23,23
nuscenes_mini_subset,scene-1094_008,yaw,1.0,none,,1,Pedestrian,20.1,15-30m,47.4,8,6
nuscenes_mini_subset,scene-1094_008,yaw,1.0,none,,2,Pedestrian,23.6,15-30m,47.8,2,1
nuscenes_mini_subset,scene-1094_008,yaw,1.0,none,,3,Pedestrian,31.7,>30m,36.3,2,1
nuscenes_mini_subset,scene-1094_008,yaw,1.0,none,,4,Car,7.9,0-15m,610.5,478,474
nuscenes_mini_subset,scene-1094_008,yaw,1.0,none,,5,Pedestrian,28.8,15-30m,47.3,2,0
nuscenes_mini_subset,scene-1094_008,yaw,1.0,none,,6,Pedestrian,20.5,15-30m,47.5,0,0
nuscenes_mini_subset,scene-1094_008,yaw,1.0,none,,7,Pedestrian,32.2,>30m,49.5,2,1
nuscenes_mini_subset,scene-1094_008,yaw,1.0,none,,8,Car,29.2,15-30m,214.2,18,16
nuscenes_mini_subset,scene-1094_008,yaw,1.0,none,,9,Pedestrian,24.2,15-30m,56.9,4,2
nuscenes_mini_subset,scene-1094_008,yaw,1.0,none,,10,Pedestrian,21.4,15-30m,64.1,6,4
nuscenes_mini_subset,scene-1094_008,yaw,1.0,none,,11,Car,23.6,15-30m,311.5,1,1
nuscenes_mini_subset,scene-1094_008,yaw,1.0,none,,12,Car,25.8,15-30m,387.2,62,61
nuscenes_mini_subset,scene-1094_008,yaw,1.0,none,,13,Pedestrian,12.3,0-15m,131.6,20,20
nuscenes_mini_subset,scene-1094_008,yaw,1.0,none,,14,Pedestrian,20.1,15-30m,43.5,7,3
nuscenes_mini_subset,scene-1094_008,yaw,1.0,none,,15,Pedestrian,31.4,>30m,35.5,2,0
nuscenes_mini_subset,scene-1094_008,yaw,2.0,none,,0,Car,20.4,15-30m,187.2,14,14
nuscenes_mini_subset,scene-1094_008,yaw,2.0,none,,1,Pedestrian,20.1,15-30m,47.4,8,0
nuscenes_mini_subset,scene-1094_008,yaw,2.0,none,,2,Pedestrian,23.6,15-30m,47.8,2,0
nuscenes_mini_subset,scene-1094_008,yaw,2.0,none,,3,Pedestrian,31.7,>30m,36.3,2,0
nuscenes_mini_subset,scene-1094_008,yaw,2.0,none,,4,Car,7.9,0-15m,610.5,460,455
nuscenes_mini_subset,scene-1094_008,yaw,2.0,none,,5,Pedestrian,28.8,15-30m,47.3,2,0
nuscenes_mini_subset,scene-1094_008,yaw,2.0,none,,6,Pedestrian,20.5,15-30m,47.5,0,0
nuscenes_mini_subset,scene-1094_008,yaw,2.0,none,,7,Pedestrian,32.2,>30m,49.5,2,0
nuscenes_mini_subset,scene-1094_008,yaw,2.0,none,,8,Car,29.2,15-30m,214.2,18,11
nuscenes_mini_subset,scene-1094_008,yaw,2.0,none,,9,Pedestrian,24.2,15-30m,56.9,4,0
nuscenes_mini_subset,scene-1094_008,yaw,2.0,none,,10,Pedestrian,21.4,15-30m,64.1,6,0
nuscenes_mini_subset,scene-1094_008,yaw,2.0,none,,11,Car,23.6,15-30m,311.5,1,1
nuscenes_mini_subset,scene-1094_008,yaw,2.0,none,,12,Car,25.8,15-30m,387.2,62,58
nuscenes_mini_subset,scene-1094_008,yaw,2.0,none,,13,Pedestrian,12.3,0-15m,131.6,20,18
nuscenes_mini_subset,scene-1094_008,yaw,2.0,none,,14,Pedestrian,20.1,15-30m,43.5,7,0
nuscenes_mini_subset,scene-1094_008,yaw,2.0,none,,15,Pedestrian,31.4,>30m,35.5,2,0
nuscenes_mini_subset,scene-1094_009,yaw,0.0,none,,0,Car,19.3,15-30m,148.3,0,0
nuscenes_mini_subset,scene-1094_009,yaw,0.0,none,,1,Pedestrian,19.4,15-30m,49.0,6,6
nuscenes_mini_subset,scene-1094_009,yaw,0.0,none,,2,Pedestrian,22.5,15-30m,51.3,3,3
nuscenes_mini_subset,scene-1094_009,yaw,0.0,none,,3,Pedestrian,30.4,>30m,38.3,1,1
nuscenes_mini_subset,scene-1094_009,yaw,0.0,none,,4,Car,8.2,0-15m,399.6,300,300
nuscenes_mini_subset,scene-1094_009,yaw,0.0,none,,5,Pedestrian,27.1,15-30m,51.1,6,6
nuscenes_mini_subset,scene-1094_009,yaw,0.0,none,,6,Pedestrian,19.6,15-30m,49.6,1,1
nuscenes_mini_subset,scene-1094_009,yaw,0.0,none,,7,Pedestrian,26.1,15-30m,65.9,5,5
nuscenes_mini_subset,scene-1094_009,yaw,0.0,none,,8,Pedestrian,30.7,>30m,50.8,4,4
nuscenes_mini_subset,scene-1094_009,yaw,0.0,none,,9,Car,27.8,15-30m,224.6,11,11
nuscenes_mini_subset,scene-1094_009,yaw,0.0,none,,10,Pedestrian,23.5,15-30m,19.2,0,0
nuscenes_mini_subset,scene-1094_009,yaw,0.0,none,,11,Pedestrian,20.6,15-30m,69.1,7,7
nuscenes_mini_subset,scene-1094_009,yaw,0.0,none,,12,Car,22.4,15-30m,289.9,0,0
nuscenes_mini_subset,scene-1094_009,yaw,0.0,none,,13,Car,24.6,15-30m,409.0,84,84
nuscenes_mini_subset,scene-1094_009,yaw,0.0,none,,14,Pedestrian,11.3,0-15m,143.0,26,26
nuscenes_mini_subset,scene-1094_009,yaw,0.0,none,,15,Pedestrian,19.4,15-30m,44.8,9,9
nuscenes_mini_subset,scene-1094_009,yaw,0.0,none,,16,Pedestrian,30.1,>30m,37.5,2,2
nuscenes_mini_subset,scene-1094_009,yaw,0.5,none,,0,Car,19.3,15-30m,148.3,0,0
nuscenes_mini_subset,scene-1094_009,yaw,0.5,none,,1,Pedestrian,19.4,15-30m,49.0,6,5
nuscenes_mini_subset,scene-1094_009,yaw,0.5,none,,2,Pedestrian,22.5,15-30m,51.3,3,3
nuscenes_mini_subset,scene-1094_009,yaw,0.5,none,,3,Pedestrian,30.4,>30m,38.3,1,1
nuscenes_mini_subset,scene-1094_009,yaw,0.5,none,,4,Car,8.2,0-15m,399.6,288,288
nuscenes_mini_subset,scene-1094_009,yaw,0.5,none,,5,Pedestrian,27.1,15-30m,51.1,6,5
nuscenes_mini_subset,scene-1094_009,yaw,0.5,none,,6,Pedestrian,19.6,15-30m,49.6,1,1
nuscenes_mini_subset,scene-1094_009,yaw,0.5,none,,7,Pedestrian,26.1,15-30m,65.9,5,5
nuscenes_mini_subset,scene-1094_009,yaw,0.5,none,,8,Pedestrian,30.7,>30m,50.8,4,4
nuscenes_mini_subset,scene-1094_009,yaw,0.5,none,,9,Car,27.8,15-30m,224.6,11,11
nuscenes_mini_subset,scene-1094_009,yaw,0.5,none,,10,Pedestrian,23.5,15-30m,19.2,1,1
nuscenes_mini_subset,scene-1094_009,yaw,0.5,none,,11,Pedestrian,20.6,15-30m,69.1,7,7
nuscenes_mini_subset,scene-1094_009,yaw,0.5,none,,12,Car,22.4,15-30m,289.9,0,0
nuscenes_mini_subset,scene-1094_009,yaw,0.5,none,,13,Car,24.6,15-30m,409.0,84,84
nuscenes_mini_subset,scene-1094_009,yaw,0.5,none,,14,Pedestrian,11.3,0-15m,143.0,26,26
nuscenes_mini_subset,scene-1094_009,yaw,0.5,none,,15,Pedestrian,19.4,15-30m,44.8,9,8
nuscenes_mini_subset,scene-1094_009,yaw,0.5,none,,16,Pedestrian,30.1,>30m,37.5,2,2
nuscenes_mini_subset,scene-1094_009,yaw,1.0,none,,0,Car,19.3,15-30m,148.3,0,0
nuscenes_mini_subset,scene-1094_009,yaw,1.0,none,,1,Pedestrian,19.4,15-30m,49.0,6,4
nuscenes_mini_subset,scene-1094_009,yaw,1.0,none,,2,Pedestrian,22.5,15-30m,51.3,3,1
nuscenes_mini_subset,scene-1094_009,yaw,1.0,none,,3,Pedestrian,30.4,>30m,38.3,1,1
nuscenes_mini_subset,scene-1094_009,yaw,1.0,none,,4,Car,8.2,0-15m,399.6,279,279
nuscenes_mini_subset,scene-1094_009,yaw,1.0,none,,5,Pedestrian,27.1,15-30m,51.1,6,3
nuscenes_mini_subset,scene-1094_009,yaw,1.0,none,,6,Pedestrian,19.6,15-30m,49.6,1,1
nuscenes_mini_subset,scene-1094_009,yaw,1.0,none,,7,Pedestrian,26.1,15-30m,65.9,5,4
nuscenes_mini_subset,scene-1094_009,yaw,1.0,none,,8,Pedestrian,30.7,>30m,50.8,4,0
nuscenes_mini_subset,scene-1094_009,yaw,1.0,none,,9,Car,27.8,15-30m,224.6,11,10
nuscenes_mini_subset,scene-1094_009,yaw,1.0,none,,10,Pedestrian,23.5,15-30m,19.2,2,1
nuscenes_mini_subset,scene-1094_009,yaw,1.0,none,,11,Pedestrian,20.6,15-30m,69.1,7,6
nuscenes_mini_subset,scene-1094_009,yaw,1.0,none,,12,Car,22.4,15-30m,289.9,0,0
nuscenes_mini_subset,scene-1094_009,yaw,1.0,none,,13,Car,24.6,15-30m,409.0,84,83
nuscenes_mini_subset,scene-1094_009,yaw,1.0,none,,14,Pedestrian,11.3,0-15m,143.0,26,26
nuscenes_mini_subset,scene-1094_009,yaw,1.0,none,,15,Pedestrian,19.4,15-30m,44.8,9,2
nuscenes_mini_subset,scene-1094_009,yaw,1.0,none,,16,Pedestrian,30.1,>30m,37.5,2,0
nuscenes_mini_subset,scene-1094_009,yaw,2.0,none,,0,Car,19.3,15-30m,148.3,0,0
nuscenes_mini_subset,scene-1094_009,yaw,2.0,none,,1,Pedestrian,19.4,15-30m,49.0,6,0
nuscenes_mini_subset,scene-1094_009,yaw,2.0,none,,2,Pedestrian,22.5,15-30m,51.3,3,0
nuscenes_mini_subset,scene-1094_009,yaw,2.0,none,,3,Pedestrian,30.4,>30m,38.3,1,0
nuscenes_mini_subset,scene-1094_009,yaw,2.0,none,,4,Car,8.2,0-15m,399.6,248,248
nuscenes_mini_subset,scene-1094_009,yaw,2.0,none,,5,Pedestrian,27.1,15-30m,51.1,6,0
nuscenes_mini_subset,scene-1094_009,yaw,2.0,none,,6,Pedestrian,19.6,15-30m,49.6,1,0
nuscenes_mini_subset,scene-1094_009,yaw,2.0,none,,7,Pedestrian,26.1,15-30m,65.9,5,0
nuscenes_mini_subset,scene-1094_009,yaw,2.0,none,,8,Pedestrian,30.7,>30m,50.8,4,0
nuscenes_mini_subset,scene-1094_009,yaw,2.0,none,,9,Car,27.8,15-30m,224.6,11,7
nuscenes_mini_subset,scene-1094_009,yaw,2.0,none,,10,Pedestrian,23.5,15-30m,19.2,2,0
nuscenes_mini_subset,scene-1094_009,yaw,2.0,none,,11,Pedestrian,20.6,15-30m,69.1,7,2
nuscenes_mini_subset,scene-1094_009,yaw,2.0,none,,12,Car,22.4,15-30m,289.9,0,0
nuscenes_mini_subset,scene-1094_009,yaw,2.0,none,,13,Car,24.6,15-30m,409.0,83,77
nuscenes_mini_subset,scene-1094_009,yaw,2.0,none,,14,Pedestrian,11.3,0-15m,143.0,26,24
nuscenes_mini_subset,scene-1094_009,yaw,2.0,none,,15,Pedestrian,19.4,15-30m,44.8,9,0
nuscenes_mini_subset,scene-1094_009,yaw,2.0,none,,16,Pedestrian,30.1,>30m,37.5,2,0
nuscenes_mini_subset,scene-1094_010,yaw,0.0,none,,0,Car,18.2,15-30m,175.8,2,2
nuscenes_mini_subset,scene-1094_010,yaw,0.0,none,,1,Pedestrian,18.5,15-30m,50.8,0,0
nuscenes_mini_subset,scene-1094_010,yaw,0.0,none,,2,Pedestrian,21.6,15-30m,57.2,2,2
nuscenes_mini_subset,scene-1094_010,yaw,0.0,none,,3,Pedestrian,29.2,15-30m,40.3,1,1
nuscenes_mini_subset,scene-1094_010,yaw,0.0,none,,4,Car,8.7,0-15m,214.4,114,114
nuscenes_mini_subset,scene-1094_010,yaw,0.0,none,,5,Pedestrian,18.8,15-30m,51.1,7,7
nuscenes_mini_subset,scene-1094_010,yaw,0.0,none,,6,Pedestrian,25.3,15-30m,68.2,1,1
nuscenes_mini_subset,scene-1094_010,yaw,0.0,none,,7,Pedestrian,29.4,15-30m,53.4,5,5
nuscenes_mini_subset,scene-1094_010,yaw,0.0,none,,8,Car,26.5,15-30m,234.2,24,24
nuscenes_mini_subset,scene-1094_010,yaw,0.0,none,,9,Pedestrian,19.9,15-30m,77.6,11,11
nuscenes_mini_subset,scene-1094_010,yaw,0.0,none,,10,Car,21.2,15-30m,330.2,32,32
nuscenes_mini_subset,scene-1094_010,yaw,0.0,none,,11,Car,23.3,15-30m,417.3,115,115
nuscenes_mini_subset,scene-1094_010,yaw,0.0,none,,12,Pedestrian,10.3,0-15m,155.5,36,36
nuscenes_mini_subset,scene-1094_010,yaw,0.0,none,,13,Pedestrian,18.6,15-30m,46.4,6,6
nuscenes_mini_subset,scene-1094_010,yaw,0.0,none,,14,Pedestrian,28.8,15-30m,41.4,3,3
nuscenes_mini_subset,scene-1094_010,yaw,0.5,none,,0,Car,18.2,15-30m,175.8,1,1
nuscenes_mini_subset,scene-1094_010,yaw,0.5,none,,1,Pedestrian,18.5,15-30m,50.8,0,0
nuscenes_mini_subset,scene-1094_010,yaw,0.5,none,,2,Pedestrian,21.6,15-30m,57.2,2,2
nuscenes_mini_subset,scene-1094_010,yaw,0.5,none,,3,Pedestrian,29.2,15-30m,40.3,1,1
nuscenes_mini_subset,scene-1094_010,yaw,0.5,none,,4,Car,8.7,0-15m,214.4,102,102
nuscenes_mini_subset,scene-1094_010,yaw,0.5,none,,5,Pedestrian,18.8,15-30m,51.1,7,7
nuscenes_mini_subset,scene-1094_010,yaw,0.5,none,,6,Pedestrian,25.3,15-30m,68.2,1,1
nuscenes_mini_subset,scene-1094_010,yaw,0.5,none,,7,Pedestrian,29.4,15-30m,53.4,5,5
nuscenes_mini_subset,scene-1094_010,yaw,0.5,none,,8,Car,26.5,15-30m,234.2,24,24
nuscenes_mini_subset,scene-1094_010,yaw,0.5,none,,9,Pedestrian,19.9,15-30m,77.6,11,11
nuscenes_mini_subset,scene-1094_010,yaw,0.5,none,,10,Car,21.2,15-30m,330.2,32,32
nuscenes_mini_subset,scene-1094_010,yaw,0.5,none,,11,Car,23.3,15-30m,417.3,115,115
nuscenes_mini_subset,scene-1094_010,yaw,0.5,none,,12,Pedestrian,10.3,0-15m,155.5,36,36
nuscenes_mini_subset,scene-1094_010,yaw,0.5,none,,13,Pedestrian,18.6,15-30m,46.4,6,6
nuscenes_mini_subset,scene-1094_010,yaw,0.5,none,,14,Pedestrian,28.8,15-30m,41.4,3,3
nuscenes_mini_subset,scene-1094_010,yaw,1.0,none,,0,Car,18.2,15-30m,175.8,1,1
nuscenes_mini_subset,scene-1094_010,yaw,1.0,none,,1,Pedestrian,18.5,15-30m,50.8,0,0
nuscenes_mini_subset,scene-1094_010,yaw,1.0,none,,2,Pedestrian,21.6,15-30m,57.2,2,2
nuscenes_mini_subset,scene-1094_010,yaw,1.0,none,,3,Pedestrian,29.2,15-30m,40.3,1,1
nuscenes_mini_subset,scene-1094_010,yaw,1.0,none,,4,Car,8.7,0-15m,214.4,90,90
nuscenes_mini_subset,scene-1094_010,yaw,1.0,none,,5,Pedestrian,18.8,15-30m,51.1,7,5
nuscenes_mini_subset,scene-1094_010,yaw,1.0,none,,6,Pedestrian,25.3,15-30m,68.2,1,1
nuscenes_mini_subset,scene-1094_010,yaw,1.0,none,,7,Pedestrian,29.4,15-30m,53.4,5,2
nuscenes_mini_subset,scene-1094_010,yaw,1.0,none,,8,Car,26.5,15-30m,234.2,24,24
nuscenes_mini_subset,scene-1094_010,yaw,1.0,none,,9,Pedestrian,19.9,15-30m,77.6,11,11
nuscenes_mini_subset,scene-1094_010,yaw,1.0,none,,10,Car,21.2,15-30m,330.2,32,32
nuscenes_mini_subset,scene-1094_010,yaw,1.0,none,,11,Car,23.3,15-30m,417.3,115,115
nuscenes_mini_subset,scene-1094_010,yaw,1.0,none,,12,Pedestrian,10.3,0-15m,155.5,36,36
nuscenes_mini_subset,scene-1094_010,yaw,1.0,none,,13,Pedestrian,18.6,15-30m,46.4,6,3
nuscenes_mini_subset,scene-1094_010,yaw,1.0,none,,14,Pedestrian,28.8,15-30m,41.4,3,0
nuscenes_mini_subset,scene-1094_010,yaw,2.0,none,,0,Car,18.2,15-30m,175.8,1,1
nuscenes_mini_subset,scene-1094_010,yaw,2.0,none,,1,Pedestrian,18.5,15-30m,50.8,0,0
nuscenes_mini_subset,scene-1094_010,yaw,2.0,none,,2,Pedestrian,21.6,15-30m,57.2,2,0
nuscenes_mini_subset,scene-1094_010,yaw,2.0,none,,3,Pedestrian,29.2,15-30m,40.3,1,0
nuscenes_mini_subset,scene-1094_010,yaw,2.0,none,,4,Car,8.7,0-15m,214.4,66,66
nuscenes_mini_subset,scene-1094_010,yaw,2.0,none,,5,Pedestrian,18.8,15-30m,51.1,7,0
nuscenes_mini_subset,scene-1094_010,yaw,2.0,none,,6,Pedestrian,25.3,15-30m,68.2,1,0
nuscenes_mini_subset,scene-1094_010,yaw,2.0,none,,7,Pedestrian,29.4,15-30m,53.4,5,0
nuscenes_mini_subset,scene-1094_010,yaw,2.0,none,,8,Car,26.5,15-30m,234.2,24,22
nuscenes_mini_subset,scene-1094_010,yaw,2.0,none,,9,Pedestrian,19.9,15-30m,77.6,11,4
nuscenes_mini_subset,scene-1094_010,yaw,2.0,none,,10,Car,21.2,15-30m,330.2,32,32
nuscenes_mini_subset,scene-1094_010,yaw,2.0,none,,11,Car,23.3,15-30m,417.3,115,110
nuscenes_mini_subset,scene-1094_010,yaw,2.0,none,,12,Pedestrian,10.3,0-15m,155.5,36,33
nuscenes_mini_subset,scene-1094_010,yaw,2.0,none,,13,Pedestrian,18.6,15-30m,46.4,6,0
nuscenes_mini_subset,scene-1094_010,yaw,2.0,none,,14,Pedestrian,28.8,15-30m,41.4,3,0
nuscenes_mini_subset,scene-1094_011,yaw,0.0,none,,0,Car,17.1,15-30m,301.2,88,88
nuscenes_mini_subset,scene-1094_011,yaw,0.0,none,,1,Pedestrian,17.7,15-30m,53.2,7,7
nuscenes_mini_subset,scene-1094_011,yaw,0.0,none,,2,Pedestrian,20.7,15-30m,63.3,1,1
nuscenes_mini_subset,scene-1094_011,yaw,0.0,none,,3,Pedestrian,28.1,15-30m,43.7,3,3
nuscenes_mini_subset,scene-1094_011,yaw,0.0,none,,4,Car,9.6,0-15m,53.8,8,8
nuscenes_mini_subset,scene-1094_011,yaw,0.0,none,,5,Pedestrian,18.0,15-30m,53.2,8,8
nuscenes_mini_subset,scene-1094_011,yaw,0.0,none,,6,Pedestrian,24.4,15-30m,68.4,0,0
nuscenes_mini_subset,scene-1094_011,yaw,0.0,none,,7,Pedestrian,28.2,15-30m,60.2,3,3
nuscenes_mini_subset,scene-1094_011,yaw,0.0,none,,8,Car,25.6,15-30m,122.9,0,0
nuscenes_mini_subset,scene-1094_011,yaw,0.0,none,,9,Car,25.1,15-30m,245.6,33,33
nuscenes_mini_subset,scene-1094_011,yaw,0.0,none,,10,Car,19.9,15-30m,354.2,25,25
nuscenes_mini_subset,scene-1094_011,yaw,0.0,none,,11,Car,22.0,15-30m,410.5,121,121
nuscenes_mini_subset,scene-1094_011,yaw,0.0,none,,12,Pedestrian,9.4,0-15m,175.7,40,40
nuscenes_mini_subset,scene-1094_011,yaw,0.0,none,,13,Pedestrian,17.8,15-30m,48.8,2,2
nuscenes_mini_subset,scene-1094_011,yaw,0.5,none,,0,Car,17.1,15-30m,301.2,84,84
nuscenes_mini_subset,scene-1094_011,yaw,0.5,none,,1,Pedestrian,17.7,15-30m,53.2,7,5
nuscenes_mini_subset,scene-1094_011,yaw,0.5,none,,2,Pedestrian,20.7,15-30m,63.3,1,1
nuscenes_mini_subset,scene-1094_011,yaw,0.5,none,,3,Pedestrian,28.1,15-30m,43.7,3,2
nuscenes_mini_subset,scene-1094_011,yaw,0.5,none,,4,Car,9.6,0-15m,53.8,1,1
nuscenes_mini_subset,scene-1094_011,yaw,0.5,none,,5,Pedestrian,18.0,15-30m,53.2,8,8
nuscenes_mini_subset,scene-1094_011,yaw,0.5,none,,6,Pedestrian,24.4,15-30m,68.4,0,0
nuscenes_mini_subset,scene-1094_011,yaw,0.5,none,,7,Pedestrian,28.2,15-30m,60.2,3,2
nuscenes_mini_subset,scene-1094_011,yaw,0.5,none,,8,Car,25.6,15-30m,122.9,0,0
nuscenes_mini_subset,scene-1094_011,yaw,0.5,none,,9,Car,25.1,15-30m,245.6,33,33
nuscenes_mini_subset,scene-1094_011,yaw,0.5,none,,10,Car,19.9,15-30m,354.2,25,25
nuscenes_mini_subset,scene-1094_011,yaw,0.5,none,,11,Car,22.0,15-30m,410.5,121,121
nuscenes_mini_subset,scene-1094_011,yaw,0.5,none,,12,Pedestrian,9.4,0-15m,175.7,40,40
nuscenes_mini_subset,scene-1094_011,yaw,0.5,none,,13,Pedestrian,17.8,15-30m,48.8,2,1
nuscenes_mini_subset,scene-1094_011,yaw,1.0,none,,0,Car,17.1,15-30m,301.2,79,79
nuscenes_mini_subset,scene-1094_011,yaw,1.0,none,,1,Pedestrian,17.7,15-30m,53.2,7,4
nuscenes_mini_subset,scene-1094_011,yaw,1.0,none,,2,Pedestrian,20.7,15-30m,63.3,1,1
nuscenes_mini_subset,scene-1094_011,yaw,1.0,none,,3,Pedestrian,28.1,15-30m,43.7,3,1
nuscenes_mini_subset,scene-1094_011,yaw,1.0,none,,4,Car,9.6,0-15m,53.8,0,0
nuscenes_mini_subset,scene-1094_011,yaw,1.0,none,,5,Pedestrian,18.0,15-30m,53.2,8,8
nuscenes_mini_subset,scene-1094_011,yaw,1.0,none,,6,Pedestrian,24.4,15-30m,68.4,0,0
nuscenes_mini_subset,scene-1094_011,yaw,1.0,none,,7,Pedestrian,28.2,15-30m,60.2,3,1
nuscenes_mini_subset,scene-1094_011,yaw,1.0,none,,8,Car,25.6,15-30m,122.9,0,0
nuscenes_mini_subset,scene-1094_011,yaw,1.0,none,,9,Car,25.1,15-30m,245.6,33,33
nuscenes_mini_subset,scene-1094_011,yaw,1.0,none,,10,Car,19.9,15-30m,354.2,25,25
nuscenes_mini_subset,scene-1094_011,yaw,1.0,none,,11,Car,22.0,15-30m,410.5,121,119
nuscenes_mini_subset,scene-1094_011,yaw,1.0,none,,12,Pedestrian,9.4,0-15m,175.7,40,39
nuscenes_mini_subset,scene-1094_011,yaw,1.0,none,,13,Pedestrian,17.8,15-30m,48.8,2,1
nuscenes_mini_subset,scene-1094_011,yaw,2.0,none,,0,Car,17.1,15-30m,301.2,68,68
nuscenes_mini_subset,scene-1094_011,yaw,2.0,none,,1,Pedestrian,17.7,15-30m,53.2,7,0
nuscenes_mini_subset,scene-1094_011,yaw,2.0,none,,2,Pedestrian,20.7,15-30m,63.3,1,0
nuscenes_mini_subset,scene-1094_011,yaw,2.0,none,,3,Pedestrian,28.1,15-30m,43.7,3,0
nuscenes_mini_subset,scene-1094_011,yaw,2.0,none,,4,Car,9.6,0-15m,53.8,0,0
nuscenes_mini_subset,scene-1094_011,yaw,2.0,none,,5,Pedestrian,18.0,15-30m,53.2,8,0
nuscenes_mini_subset,scene-1094_011,yaw,2.0,none,,6,Pedestrian,24.4,15-30m,68.4,0,0
nuscenes_mini_subset,scene-1094_011,yaw,2.0,none,,7,Pedestrian,28.2,15-30m,60.2,3,0
nuscenes_mini_subset,scene-1094_011,yaw,2.0,none,,8,Car,25.6,15-30m,122.9,0,0
nuscenes_mini_subset,scene-1094_011,yaw,2.0,none,,9,Car,25.1,15-30m,245.6,33,29
nuscenes_mini_subset,scene-1094_011,yaw,2.0,none,,10,Car,19.9,15-30m,354.2,25,25
nuscenes_mini_subset,scene-1094_011,yaw,2.0,none,,11,Car,22.0,15-30m,410.5,121,114
nuscenes_mini_subset,scene-1094_011,yaw,2.0,none,,12,Pedestrian,9.4,0-15m,175.7,40,32
nuscenes_mini_subset,scene-1094_011,yaw,2.0,none,,13,Pedestrian,17.8,15-30m,48.8,2,0
nuscenes_mini_subset,scene-1094_012,yaw,0.0,none,,0,Car,15.9,15-30m,306.7,137,137
nuscenes_mini_subset,scene-1094_012,yaw,0.0,none,,1,Car,31.2,>30m,90.2,2,2
nuscenes_mini_subset,scene-1094_012,yaw,0.0,none,,2,Car,35.4,>30m,147.8,3,3
nuscenes_mini_subset,scene-1094_012,yaw,0.0,none,,3,Pedestrian,17.2,15-30m,59.0,8,8
nuscenes_mini_subset,scene-1094_012,yaw,0.0,none,,4,Car,41.3,>30m,23.4,0,0
nuscenes_mini_subset,scene-1094_012,yaw,0.0,none,,5,Pedestrian,27.0,15-30m,50.1,3,3
nuscenes_mini_subset,scene-1094_012,yaw,0.0,none,,6,Car,10.7,0-15m,78.9,20,20
nuscenes_mini_subset,scene-1094_012,yaw,0.0,none,,7,Pedestrian,17.3,15-30m,57.0,6,6
nuscenes_mini_subset,scene-1094_012,yaw,0.0,none,,8,Pedestrian,23.6,15-30m,68.3,0,0
nuscenes_mini_subset,scene-1094_012,yaw,0.0,none,,9,Car,24.5,15-30m,248.6,15,15
nuscenes_mini_subset,scene-1094_012,yaw,0.0,none,,10,Car,23.9,15-30m,270.2,31,31
nuscenes_mini_subset,scene-1094_012,yaw,0.0,none,,11,Car,18.7,15-30m,340.7,34,34
nuscenes_mini_subset,scene-1094_012,yaw,0.0,none,,12,Car,20.7,15-30m,405.2,121,121
nuscenes_mini_subset,scene-1094_012,yaw,0.0,none,,13,Pedestrian,8.7,0-15m,221.9,49,49
nuscenes_mini_subset,scene-1094_012,yaw,0.0,none,,14,Pedestrian,17.2,15-30m,54.8,8,8
nuscenes_mini_subset,scene-1094_012,yaw,0.5,none,,0,Car,15.9,15-30m,306.7,137,136
nuscenes_mini_subset,scene-1094_012,yaw,0.5,none,,1,Car,31.2,>30m,90.2,2,2
nuscenes_mini_subset,scene-1094_012,yaw,0.5,none,,2,Car,35.4,>30m,147.8,3,3
nuscenes_mini_subset,scene-1094_012,yaw,0.5,none,,3,Pedestrian,17.2,15-30m,59.0,8,8
nuscenes_mini_subset,scene-1094_012,yaw,0.5,none,,4,Car,41.3,>30m,23.4,0,0
nuscenes_mini_subset,scene-1094_012,yaw,0.5,none,,5,Pedestrian,27.0,15-30m,50.1,3,3
nuscenes_mini_subset,scene-1094_012,yaw,0.5,none,,6,Car,10.7,0-15m,78.9,11,11
nuscenes_mini_subset,scene-1094_012,yaw,0.5,none,,7,Pedestrian,17.3,15-30m,57.0,6,6
nuscenes_mini_subset,scene-1094_012,yaw,0.5,none,,8,Pedestrian,23.6,15-30m,68.3,0,0
nuscenes_mini_subset,scene-1094_012,yaw,0.5,none,,9,Car,24.5,15-30m,248.6,15,15
nuscenes_mini_subset,scene-1094_012,yaw,0.5,none,,10,Car,23.9,15-30m,270.2,31,31
nuscenes_mini_subset,scene-1094_012,yaw,0.5,none,,11,Car,18.7,15-30m,340.7,34,34
nuscenes_mini_subset,scene-1094_012,yaw,0.5,none,,12,Car,20.7,15-30m,405.2,121,121
nuscenes_mini_subset,scene-1094_012,yaw,0.5,none,,13,Pedestrian,8.7,0-15m,221.9,49,49
nuscenes_mini_subset,scene-1094_012,yaw,0.5,none,,14,Pedestrian,17.2,15-30m,54.8,8,7
nuscenes_mini_subset,scene-1094_012,yaw,1.0,none,,0,Car,15.9,15-30m,306.7,137,133
nuscenes_mini_subset,scene-1094_012,yaw,1.0,none,,1,Car,31.2,>30m,90.2,2,2
nuscenes_mini_subset,scene-1094_012,yaw,1.0,none,,2,Car,35.4,>30m,147.8,3,3
nuscenes_mini_subset,scene-1094_012,yaw,1.0,none,,3,Pedestrian,17.2,15-30m,59.0,8,6
nuscenes_mini_subset,scene-1094_012,yaw,1.0,none,,4,Car,41.3,>30m,23.4,0,0
nuscenes_mini_subset,scene-1094_012,yaw,1.0,none,,5,Pedestrian,27.0,15-30m,50.1,3,3
nuscenes_mini_subset,scene-1094_012,yaw,1.0,none,,6,Car,10.7,0-15m,78.9,5,5
nuscenes_mini_subset,scene-1094_012,yaw,1.0,none,,7,Pedestrian,17.3,15-30m,57.0,6,5
nuscenes_mini_subset,scene-1094_012,yaw,1.0,none,,8,Pedestrian,23.6,15-30m,68.3,0,0
nuscenes_mini_subset,scene-1094_012,yaw,1.0,none,,9,Car,24.5,15-30m,248.6,15,14
nuscenes_mini_subset,scene-1094_012,yaw,1.0,none,,10,Car,23.9,15-30m,270.2,31,31
nuscenes_mini_subset,scene-1094_012,yaw,1.0,none,,11,Car,18.7,15-30m,340.7,34,34
nuscenes_mini_subset,scene-1094_012,yaw,1.0,none,,12,Car,20.7,15-30m,405.2,121,121
nuscenes_mini_subset,scene-1094_012,yaw,1.0,none,,13,Pedestrian,8.7,0-15m,221.9,49,49
nuscenes_mini_subset,scene-1094_012,yaw,1.0,none,,14,Pedestrian,17.2,15-30m,54.8,8,3
nuscenes_mini_subset,scene-1094_012,yaw,2.0,none,,0,Car,15.9,15-30m,306.7,137,119
nuscenes_mini_subset,scene-1094_012,yaw,2.0,none,,1,Car,31.2,>30m,90.2,1,1
nuscenes_mini_subset,scene-1094_012,yaw,2.0,none,,2,Car,35.4,>30m,147.8,3,1
nuscenes_mini_subset,scene-1094_012,yaw,2.0,none,,3,Pedestrian,17.2,15-30m,59.0,8,0
nuscenes_mini_subset,scene-1094_012,yaw,2.0,none,,4,Car,41.3,>30m,23.4,0,0
nuscenes_mini_subset,scene-1094_012,yaw,2.0,none,,5,Pedestrian,27.0,15-30m,50.1,3,0
nuscenes_mini_subset,scene-1094_012,yaw,2.0,none,,6,Car,10.7,0-15m,78.9,0,0
nuscenes_mini_subset,scene-1094_012,yaw,2.0,none,,7,Pedestrian,17.3,15-30m,57.0,6,1
nuscenes_mini_subset,scene-1094_012,yaw,2.0,none,,8,Pedestrian,23.6,15-30m,68.3,0,0
nuscenes_mini_subset,scene-1094_012,yaw,2.0,none,,9,Car,24.5,15-30m,248.6,15,9
nuscenes_mini_subset,scene-1094_012,yaw,2.0,none,,10,Car,23.9,15-30m,270.2,31,29
nuscenes_mini_subset,scene-1094_012,yaw,2.0,none,,11,Car,18.7,15-30m,340.7,34,34
nuscenes_mini_subset,scene-1094_012,yaw,2.0,none,,12,Car,20.7,15-30m,405.2,121,118
nuscenes_mini_subset,scene-1094_012,yaw,2.0,none,,13,Pedestrian,8.7,0-15m,221.9,49,45
nuscenes_mini_subset,scene-1094_012,yaw,2.0,none,,14,Pedestrian,17.2,15-30m,54.8,8,0
nuscenes_mini_subset,scene-1094_013,yaw,0.0,none,,0,Car,14.4,0-15m,304.1,126,126
nuscenes_mini_subset,scene-1094_013,yaw,0.0,none,,1,Car,29.8,15-30m,184.9,6,6
nuscenes_mini_subset,scene-1094_013,yaw,0.0,none,,2,Car,34.0,>30m,128.7,10,10
nuscenes_mini_subset,scene-1094_013,yaw,0.0,none,,3,Pedestrian,16.5,15-30m,10.1,1,0
nuscenes_mini_subset,scene-1094_013,yaw,0.0,none,,4,Car,40.0,>30m,148.1,15,15
nuscenes_mini_subset,scene-1094_013,yaw,0.0,none,,5,Car,12.1,0-15m,189.2,75,75
nuscenes_mini_subset,scene-1094_013,yaw,0.0,none,,6,Pedestrian,16.7,15-30m,69.3,5,5
nuscenes_mini_subset,scene-1094_013,yaw,0.0,none,,7,Pedestrian,22.7,15-30m,71.9,0,0
nuscenes_mini_subset,scene-1094_013,yaw,0.0,none,,8,Car,23.1,15-30m,228.8,14,14
nuscenes_mini_subset,scene-1094_013,yaw,0.0,none,,9,Car,37.4,>30m,129.0,3,3
nuscenes_mini_subset,scene-1094_013,yaw,0.0,none,,10,Car,22.7,15-30m,329.4,28,28
nuscenes_mini_subset,scene-1094_013,yaw,0.0,none,,11,Car,17.3,15-30m,348.2,35,35
nuscenes_mini_subset,scene-1094_013,yaw,0.0,none,,12,Car,19.4,15-30m,429.1,168,168
nuscenes_mini_subset,scene-1094_013,yaw,0.0,none,,13,Car,46.5,>30m,93.6,1,1
nuscenes_mini_subset,scene-1094_013,yaw,0.5,none,,0,Car,14.4,0-15m,304.1,126,126
nuscenes_mini_subset,scene-1094_013,yaw,0.5,none,,1,Car,29.8,15-30m,184.9,6,6
nuscenes_mini_subset,scene-1094_013,yaw,0.5,none,,2,Car,34.0,>30m,128.7,10,10
nuscenes_mini_subset,scene-1094_013,yaw,0.5,none,,3,Pedestrian,16.5,15-30m,10.1,3,2
nuscenes_mini_subset,scene-1094_013,yaw,0.5,none,,4,Car,40.0,>30m,148.1,15,15
nuscenes_mini_subset,scene-1094_013,yaw,0.5,none,,5,Car,12.1,0-15m,189.2,68,68
nuscenes_mini_subset,scene-1094_013,yaw,0.5,none,,6,Pedestrian,16.7,15-30m,69.3,5,5
nuscenes_mini_subset,scene-1094_013,yaw,0.5,none,,7,Pedestrian,22.7,15-30m,71.9,0,0
nuscenes_mini_subset,scene-1094_013,yaw,0.5,none,,8,Car,23.1,15-30m,228.8,14,14
nuscenes_mini_subset,scene-1094_013,yaw,0.5,none,,9,Car,37.4,>30m,129.0,3,3
nuscenes_mini_subset,scene-1094_013,yaw,0.5,none,,10,Car,22.7,15-30m,329.4,28,28
nuscenes_mini_subset,scene-1094_013,yaw,0.5,none,,11,Car,17.3,15-30m,348.2,35,35
nuscenes_mini_subset,scene-1094_013,yaw,0.5,none,,12,Car,19.4,15-30m,429.1,168,168
nuscenes_mini_subset,scene-1094_013,yaw,0.5,none,,13,Car,46.5,>30m,93.6,1,1
nuscenes_mini_subset,scene-1094_013,yaw,1.0,none,,0,Car,14.4,0-15m,304.1,126,123
nuscenes_mini_subset,scene-1094_013,yaw,1.0,none,,1,Car,29.8,15-30m,184.9,6,6
nuscenes_mini_subset,scene-1094_013,yaw,1.0,none,,2,Car,34.0,>30m,128.7,10,10
nuscenes_mini_subset,scene-1094_013,yaw,1.0,none,,3,Pedestrian,16.5,15-30m,10.1,5,1
nuscenes_mini_subset,scene-1094_013,yaw,1.0,none,,4,Car,40.0,>30m,148.1,15,14
nuscenes_mini_subset,scene-1094_013,yaw,1.0,none,,5,Car,12.1,0-15m,189.2,61,61
nuscenes_mini_subset,scene-1094_013,yaw,1.0,none,,6,Pedestrian,16.7,15-30m,69.3,5,5
nuscenes_mini_subset,scene-1094_013,yaw,1.0,none,,7,Pedestrian,22.7,15-30m,71.9,0,0
nuscenes_mini_subset,scene-1094_013,yaw,1.0,none,,8,Car,23.1,15-30m,228.8,14,13
nuscenes_mini_subset,scene-1094_013,yaw,1.0,none,,9,Car,37.4,>30m,129.0,3,3
nuscenes_mini_subset,scene-1094_013,yaw,1.0,none,,10,Car,22.7,15-30m,329.4,28,28
nuscenes_mini_subset,scene-1094_013,yaw,1.0,none,,11,Car,17.3,15-30m,348.2,35,35
nuscenes_mini_subset,scene-1094_013,yaw,1.0,none,,12,Car,19.4,15-30m,429.1,168,168
nuscenes_mini_subset,scene-1094_013,yaw,1.0,none,,13,Car,46.5,>30m,93.6,1,1
nuscenes_mini_subset,scene-1094_013,yaw,2.0,none,,0,Car,14.4,0-15m,304.1,126,110
nuscenes_mini_subset,scene-1094_013,yaw,2.0,none,,1,Car,29.8,15-30m,184.9,6,6
nuscenes_mini_subset,scene-1094_013,yaw,2.0,none,,2,Car,34.0,>30m,128.7,10,8
nuscenes_mini_subset,scene-1094_013,yaw,2.0,none,,3,Pedestrian,16.5,15-30m,10.1,10,1
nuscenes_mini_subset,scene-1094_013,yaw,2.0,none,,4,Car,40.0,>30m,148.1,15,8
nuscenes_mini_subset,scene-1094_013,yaw,2.0,none,,5,Car,12.1,0-15m,189.2,47,47
nuscenes_mini_subset,scene-1094_013,yaw,2.0,none,,6,Pedestrian,16.7,15-30m,69.3,5,2
nuscenes_mini_subset,scene-1094_013,yaw,2.0,none,,7,Pedestrian,22.7,15-30m,71.9,0,0
nuscenes_mini_subset,scene-1094_013,yaw,2.0,none,,8,Car,23.1,15-30m,228.8,14,9
nuscenes_mini_subset,scene-1094_013,yaw,2.0,none,,9,Car,37.4,>30m,129.0,3,3
nuscenes_mini_subset,scene-1094_013,yaw,2.0,none,,10,Car,22.7,15-30m,329.4,28,25
nuscenes_mini_subset,scene-1094_013,yaw,2.0,none,,11,Car,17.3,15-30m,348.2,35,35
nuscenes_mini_subset,scene-1094_013,yaw,2.0,none,,12,Car,19.4,15-30m,429.1,168,165
nuscenes_mini_subset,scene-1094_013,yaw,2.0,none,,13,Car,46.5,>30m,93.6,0,0
nuscenes_mini_subset,scene-1094_014,yaw,0.0,none,,0,Car,12.8,0-15m,350.3,180,180
nuscenes_mini_subset,scene-1094_014,yaw,0.0,none,,1,Car,28.2,15-30m,170.7,14,14
nuscenes_mini_subset,scene-1094_014,yaw,0.0,none,,2,Car,32.4,>30m,122.9,11,11
nuscenes_mini_subset,scene-1094_014,yaw,0.0,none,,3,Car,38.4,>30m,133.1,16,16
nuscenes_mini_subset,scene-1094_014,yaw,0.0,none,,4,Car,13.4,0-15m,256.1,99,99
nuscenes_mini_subset,scene-1094_014,yaw,0.0,none,,5,Pedestrian,21.8,15-30m,85.3,0,0
nuscenes_mini_subset,scene-1094_014,yaw,0.0,none,,6,Car,21.4,15-30m,233.6,11,11
nuscenes_mini_subset,scene-1094_014,yaw,0.0,none,,7,Car,35.8,>30m,112.5,3,3
nuscenes_mini_subset,scene-1094_014,yaw,0.0,none,,8,Car,15.7,15-30m,411.0,48,48
nuscenes_mini_subset,scene-1094_014,yaw,0.0,none,,9,Car,17.9,15-30m,532.0,199,199
nuscenes_mini_subset,scene-1094_014,yaw,0.0,none,,10,Car,44.2,>30m,89.8,0,0
nuscenes_mini_subset,scene-1094_014,yaw,0.5,none,,0,Car,12.8,0-15m,350.3,180,180
nuscenes_mini_subset,scene-1094_014,yaw,0.5,none,,1,Car,28.2,15-30m,170.7,14,14
nuscenes_mini_subset,scene-1094_014,yaw,0.5,none,,2,Car,32.4,>30m,122.9,11,11
nuscenes_mini_subset,scene-1094_014,yaw,0.5,none,,3,Car,38.4,>30m,133.1,16,16
nuscenes_mini_subset,scene-1094_014,yaw,0.5,none,,4,Car,13.4,0-15m,256.1,99,99
nuscenes_mini_subset,scene-1094_014,yaw,0.5,none,,5,Pedestrian,21.8,15-30m,85.3,0,0
nuscenes_mini_subset,scene-1094_014,yaw,0.5,none,,6,Car,21.4,15-30m,233.6,11,11
nuscenes_mini_subset,scene-1094_014,yaw,0.5,none,,7,Car,35.8,>30m,112.5,3,3
nuscenes_mini_subset,scene-1094_014,yaw,0.5,none,,8,Car,15.7,15-30m,411.0,48,48
nuscenes_mini_subset,scene-1094_014,yaw,0.5,none,,9,Car,17.9,15-30m,532.0,199,199
nuscenes_mini_subset,scene-1094_014,yaw,0.5,none,,10,Car,44.2,>30m,89.8,0,0
nuscenes_mini_subset,scene-1094_014,yaw,1.0,none,,0,Car,12.8,0-15m,350.3,180,176
nuscenes_mini_subset,scene-1094_014,yaw,1.0,none,,1,Car,28.2,15-30m,170.7,14,14
nuscenes_mini_subset,scene-1094_014,yaw,1.0,none,,2,Car,32.4,>30m,122.9,11,11
nuscenes_mini_subset,scene-1094_014,yaw,1.0,none,,3,Car,38.4,>30m,133.1,16,15
nuscenes_mini_subset,scene-1094_014,yaw,1.0,none,,4,Car,13.4,0-15m,256.1,99,95
nuscenes_mini_subset,scene-1094_014,yaw,1.0,none,,5,Pedestrian,21.8,15-30m,85.3,0,0
nuscenes_mini_subset,scene-1094_014,yaw,1.0,none,,6,Car,21.4,15-30m,233.6,11,10
nuscenes_mini_subset,scene-1094_014,yaw,1.0,none,,7,Car,35.8,>30m,112.5,3,3
nuscenes_mini_subset,scene-1094_014,yaw,1.0,none,,8,Car,15.7,15-30m,411.0,48,48
nuscenes_mini_subset,scene-1094_014,yaw,1.0,none,,9,Car,17.9,15-30m,532.0,199,199
nuscenes_mini_subset,scene-1094_014,yaw,1.0,none,,10,Car,44.2,>30m,89.8,0,0
nuscenes_mini_subset,scene-1094_014,yaw,2.0,none,,0,Car,12.8,0-15m,350.3,180,161
nuscenes_mini_subset,scene-1094_014,yaw,2.0,none,,1,Car,28.2,15-30m,170.7,14,13
nuscenes_mini_subset,scene-1094_014,yaw,2.0,none,,2,Car,32.4,>30m,122.9,11,7
nuscenes_mini_subset,scene-1094_014,yaw,2.0,none,,3,Car,38.4,>30m,133.1,16,8
nuscenes_mini_subset,scene-1094_014,yaw,2.0,none,,4,Car,13.4,0-15m,256.1,99,82
nuscenes_mini_subset,scene-1094_014,yaw,2.0,none,,5,Pedestrian,21.8,15-30m,85.3,0,0
nuscenes_mini_subset,scene-1094_014,yaw,2.0,none,,6,Car,21.4,15-30m,233.6,11,8
nuscenes_mini_subset,scene-1094_014,yaw,2.0,none,,7,Car,35.8,>30m,112.5,3,2
nuscenes_mini_subset,scene-1094_014,yaw,2.0,none,,8,Car,15.7,15-30m,411.0,48,48
nuscenes_mini_subset,scene-1094_014,yaw,2.0,none,,9,Car,17.9,15-30m,532.0,199,195
nuscenes_mini_subset,scene-1094_014,yaw,2.0,none,,10,Car,44.2,>30m,89.8,0,0
nuscenes_mini_subset,scene-1094_015,yaw,0.0,none,,0,Car,11.0,0-15m,448.3,275,275
nuscenes_mini_subset,scene-1094_015,yaw,0.0,none,,1,Car,26.2,15-30m,182.0,18,18
nuscenes_mini_subset,scene-1094_015,yaw,0.0,none,,2,Car,30.5,>30m,135.5,13,13
nuscenes_mini_subset,scene-1094_015,yaw,0.0,none,,3,Car,36.4,>30m,136.9,16,16
nuscenes_mini_subset,scene-1094_015,yaw,0.0,none,,4,Car,14.7,0-15m,206.0,86,86
nuscenes_mini_subset,scene-1094_015,yaw,0.0,none,,5,Car,19.5,15-30m,281.1,28,28
nuscenes_mini_subset,scene-1094_015,yaw,0.0,none,,6,Car,33.9,>30m,112.4,3,3
nuscenes_mini_subset,scene-1094_015,yaw,0.0,none,,7,Pedestrian,49.6,>30m,21.2,1,1
nuscenes_mini_subset,scene-1094_015,yaw,0.0,none,,8,Car,14.1,0-15m,292.7,1,1
nuscenes_mini_subset,scene-1094_015,yaw,0.0,none,,9,Car,16.4,15-30m,171.8,43,43
nuscenes_mini_subset,scene-1094_015,yaw,0.0,none,,10,Car,41.6,>30m,87.4,1,1
nuscenes_mini_subset,scene-1094_015,yaw,0.5,none,,0,Car,11.0,0-15m,448.3,285,285
nuscenes_mini_subset,scene-1094_015,yaw,0.5,none,,1,Car,26.2,15-30m,182.0,18,18
nuscenes_mini_subset,scene-1094_015,yaw,0.5,none,,2,Car,30.5,>30m,135.5,13,13
nuscenes_mini_subset,scene-1094_015,yaw,0.5,none,,3,Car,36.4,>30m,136.9,16,16
nuscenes_mini_subset,scene-1094_015,yaw,0.5,none,,4,Car,14.7,0-15m,206.0,86,84
nuscenes_mini_subset,scene-1094_015,yaw,0.5,none,,5,Car,19.5,15-30m,281.1,28,26
nuscenes_mini_subset,scene-1094_015,yaw,0.5,none,,6,Car,33.9,>30m,112.4,3,3
nuscenes_mini_subset,scene-1094_015,yaw,0.5,none,,7,Pedestrian,49.6,>30m,21.2,1,0
nuscenes_mini_subset,scene-1094_015,yaw,0.5,none,,8,Car,14.1,0-15m,292.7,3,3
nuscenes_mini_subset,scene-1094_015,yaw,0.5,none,,9,Car,16.4,15-30m,171.8,51,51
nuscenes_mini_subset,scene-1094_015,yaw,0.5,none,,10,Car,41.6,>30m,87.4,1,1
nuscenes_mini_subset,scene-1094_015,yaw,1.0,none,,0,Car,11.0,0-15m,448.3,288,285
nuscenes_mini_subset,scene-1094_015,yaw,1.0,none,,1,Car,26.2,15-30m,182.0,18,18
nuscenes_mini_subset,scene-1094_015,yaw,1.0,none,,2,Car,30.5,>30m,135.5,13,13
nuscenes_mini_subset,scene-1094_015,yaw,1.0,none,,3,Car,36.4,>30m,136.9,16,15
nuscenes_mini_subset,scene-1094_015,yaw,1.0,none,,4,Car,14.7,0-15m,206.0,86,78
nuscenes_mini_subset,scene-1094_015,yaw,1.0,none,,5,Car,19.5,15-30m,281.1,28,24
nuscenes_mini_subset,scene-1094_015,yaw,1.0,none,,6,Car,33.9,>30m,112.4,3,3
nuscenes_mini_subset,scene-1094_015,yaw,1.0,none,,7,Pedestrian,49.6,>30m,21.2,1,0
nuscenes_mini_subset,scene-1094_015,yaw,1.0,none,,8,Car,14.1,0-15m,292.7,6,6
nuscenes_mini_subset,scene-1094_015,yaw,1.0,none,,9,Car,16.4,15-30m,171.8,55,55
nuscenes_mini_subset,scene-1094_015,yaw,1.0,none,,10,Car,41.6,>30m,87.4,1,1
nuscenes_mini_subset,scene-1094_015,yaw,2.0,none,,0,Car,11.0,0-15m,448.3,288,272
nuscenes_mini_subset,scene-1094_015,yaw,2.0,none,,1,Car,26.2,15-30m,182.0,18,16
nuscenes_mini_subset,scene-1094_015,yaw,2.0,none,,2,Car,30.5,>30m,135.5,13,12
nuscenes_mini_subset,scene-1094_015,yaw,2.0,none,,3,Car,36.4,>30m,136.9,16,9
nuscenes_mini_subset,scene-1094_015,yaw,2.0,none,,4,Car,14.7,0-15m,206.0,86,76
nuscenes_mini_subset,scene-1094_015,yaw,2.0,none,,5,Car,19.5,15-30m,281.1,28,20
nuscenes_mini_subset,scene-1094_015,yaw,2.0,none,,6,Car,33.9,>30m,112.4,3,3
nuscenes_mini_subset,scene-1094_015,yaw,2.0,none,,7,Pedestrian,49.6,>30m,21.2,1,0
nuscenes_mini_subset,scene-1094_015,yaw,2.0,none,,8,Car,14.1,0-15m,292.7,16,15
nuscenes_mini_subset,scene-1094_015,yaw,2.0,none,,9,Car,16.4,15-30m,171.8,68,62
nuscenes_mini_subset,scene-1094_015,yaw,2.0,none,,10,Car,41.6,>30m,87.4,1,0
nuscenes_mini_subset,scene-1094_016,yaw,0.0,none,,0,Car,9.2,0-15m,40.5,16,15
nuscenes_mini_subset,scene-1094_016,yaw,0.0,none,,1,Car,24.1,15-30m,221.1,22,22
nuscenes_mini_subset,scene-1094_016,yaw,0.0,none,,2,Car,28.3,15-30m,168.9,20,20
nuscenes_mini_subset,scene-1094_016,yaw,0.0,none,,3,Car,34.2,>30m,157.9,17,17
nuscenes_mini_subset,scene-1094_016,yaw,0.0,none,,4,Car,15.9,15-30m,191.1,72,72
nuscenes_mini_subset,scene-1094_016,yaw,0.0,none,,5,Car,17.5,15-30m,265.1,23,23
nuscenes_mini_subset,scene-1094_016,yaw,0.0,none,,6,Car,31.6,>30m,126.9,7,7
nuscenes_mini_subset,scene-1094_016,yaw,0.0,none,,7,Pedestrian,46.8,>30m,19.9,2,2
nuscenes_mini_subset,scene-1094_016,yaw,0.0,none,,8,Car,39.4,>30m,94.0,0,0
nuscenes_mini_subset,scene-1094_016,yaw,0.5,none,,0,Car,9.2,0-15m,40.5,22,22
nuscenes_mini_subset,scene-1094_016,yaw,0.5,none,,1,Car,24.1,15-30m,221.1,22,22
nuscenes_mini_subset,scene-1094_016,yaw,0.5,none,,2,Car,28.3,15-30m,168.9,20,20
nuscenes_mini_subset,scene-1094_016,yaw,0.5,none,,3,Car,34.2,>30m,157.9,17,17
nuscenes_mini_subset,scene-1094_016,yaw,0.5,none,,4,Car,15.9,15-30m,191.1,72,71
nuscenes_mini_subset,scene-1094_016,yaw,0.5,none,,5,Car,17.5,15-30m,265.1,23,23
nuscenes_mini_subset,scene-1094_016,yaw,0.5,none,,6,Car,31.6,>30m,126.9,7,7
nuscenes_mini_subset,scene-1094_016,yaw,0.5,none,,7,Pedestrian,46.8,>30m,19.9,2,1
nuscenes_mini_subset,scene-1094_016,yaw,0.5,none,,8,Car,39.4,>30m,94.0,0,0
nuscenes_mini_subset,scene-1094_016,yaw,1.0,none,,0,Car,9.2,0-15m,40.5,28,18
nuscenes_mini_subset,scene-1094_016,yaw,1.0,none,,1,Car,24.1,15-30m,221.1,22,22
nuscenes_mini_subset,scene-1094_016,yaw,1.0,none,,2,Car,28.3,15-30m,168.9,20,20
nuscenes_mini_subset,scene-1094_016,yaw,1.0,none,,3,Car,34.2,>30m,157.9,17,14
nuscenes_mini_subset,scene-1094_016,yaw,1.0,none,,4,Car,15.9,15-30m,191.1,72,68
nuscenes_mini_subset,scene-1094_016,yaw,1.0,none,,5,Car,17.5,15-30m,265.1,23,23
nuscenes_mini_subset,scene-1094_016,yaw,1.0,none,,6,Car,31.6,>30m,126.9,7,7
nuscenes_mini_subset,scene-1094_016,yaw,1.0,none,,7,Pedestrian,46.8,>30m,19.9,2,0
nuscenes_mini_subset,scene-1094_016,yaw,1.0,none,,8,Car,39.4,>30m,94.0,0,0
nuscenes_mini_subset,scene-1094_016,yaw,2.0,none,,0,Car,9.2,0-15m,40.5,48,24
nuscenes_mini_subset,scene-1094_016,yaw,2.0,none,,1,Car,24.1,15-30m,221.1,22,19
nuscenes_mini_subset,scene-1094_016,yaw,2.0,none,,2,Car,28.3,15-30m,168.9,20,19
nuscenes_mini_subset,scene-1094_016,yaw,2.0,none,,3,Car,34.2,>30m,157.9,17,9
nuscenes_mini_subset,scene-1094_016,yaw,2.0,none,,4,Car,15.9,15-30m,191.1,72,61
nuscenes_mini_subset,scene-1094_016,yaw,2.0,none,,5,Car,17.5,15-30m,265.1,23,22
nuscenes_mini_subset,scene-1094_016,yaw,2.0,none,,6,Car,31.6,>30m,126.9,7,7
nuscenes_mini_subset,scene-1094_016,yaw,2.0,none,,7,Pedestrian,46.8,>30m,19.9,2,0
nuscenes_mini_subset,scene-1094_016,yaw,2.0,none,,8,Car,39.4,>30m,94.0,0,0
nuscenes_mini_subset,scene-1094_017,yaw,0.0,none,,0,Car,21.7,15-30m,275.6,27,27
nuscenes_mini_subset,scene-1094_017,yaw,0.0,none,,1,Car,26.1,15-30m,212.7,22,22
nuscenes_mini_subset,scene-1094_017,yaw,0.0,none,,2,Car,31.8,>30m,184.3,16,16
nuscenes_mini_subset,scene-1094_017,yaw,0.0,none,,3,Car,17.2,15-30m,160.3,64,64
nuscenes_mini_subset,scene-1094_017,yaw,0.0,none,,4,Car,15.3,15-30m,70.5,7,7
nuscenes_mini_subset,scene-1094_017,yaw,0.0,none,,5,Car,29.1,15-30m,146.6,6,6
nuscenes_mini_subset,scene-1094_017,yaw,0.0,none,,6,Pedestrian,43.7,>30m,20.9,3,3
nuscenes_mini_subset,scene-1094_017,yaw,0.0,none,,7,Car,37.0,>30m,104.3,1,1
nuscenes_mini_subset,scene-1094_017,yaw,0.5,none,,0,Car,21.7,15-30m,275.6,27,27
nuscenes_mini_subset,scene-1094_017,yaw,0.5,none,,1,Car,26.1,15-30m,212.7,22,22
nuscenes_mini_subset,scene-1094_017,yaw,0.5,none,,2,Car,31.8,>30m,184.3,16,16
nuscenes_mini_subset,scene-1094_017,yaw,0.5,none,,3,Car,17.2,15-30m,160.3,64,63
nuscenes_mini_subset,scene-1094_017,yaw,0.5,none,,4,Car,15.3,15-30m,70.5,10,10
nuscenes_mini_subset,scene-1094_017,yaw,0.5,none,,5,Car,29.1,15-30m,146.6,6,6
nuscenes_mini_subset,scene-1094_017,yaw,0.5,none,,6,Pedestrian,43.7,>30m,20.9,3,1
nuscenes_mini_subset,scene-1094_017,yaw,0.5,none,,7,Car,37.0,>30m,104.3,1,1
nuscenes_mini_subset,scene-1094_017,yaw,1.0,none,,0,Car,21.7,15-30m,275.6,27,27
nuscenes_mini_subset,scene-1094_017,yaw,1.0,none,,1,Car,26.1,15-30m,212.7,22,22
nuscenes_mini_subset,scene-1094_017,yaw,1.0,none,,2,Car,31.8,>30m,184.3,16,16
nuscenes_mini_subset,scene-1094_017,yaw,1.0,none,,3,Car,17.2,15-30m,160.3,64,56
nuscenes_mini_subset,scene-1094_017,yaw,1.0,none,,4,Car,15.3,15-30m,70.5,15,13
nuscenes_mini_subset,scene-1094_017,yaw,1.0,none,,5,Car,29.1,15-30m,146.6,6,6
nuscenes_mini_subset,scene-1094_017,yaw,1.0,none,,6,Pedestrian,43.7,>30m,20.9,3,0
nuscenes_mini_subset,scene-1094_017,yaw,1.0,none,,7,Car,37.0,>30m,104.3,1,1
nuscenes_mini_subset,scene-1094_017,yaw,2.0,none,,0,Car,21.7,15-30m,275.6,27,24
nuscenes_mini_subset,scene-1094_017,yaw,2.0,none,,1,Car,26.1,15-30m,212.7,22,21
nuscenes_mini_subset,scene-1094_017,yaw,2.0,none,,2,Car,31.8,>30m,184.3,16,14
nuscenes_mini_subset,scene-1094_017,yaw,2.0,none,,3,Car,17.2,15-30m,160.3,64,52
nuscenes_mini_subset,scene-1094_017,yaw,2.0,none,,4,Car,15.3,15-30m,70.5,20,16
nuscenes_mini_subset,scene-1094_017,yaw,2.0,none,,5,Car,29.1,15-30m,146.6,6,6
nuscenes_mini_subset,scene-1094_017,yaw,2.0,none,,6,Pedestrian,43.7,>30m,20.9,3,0
nuscenes_mini_subset,scene-1094_017,yaw,2.0,none,,7,Car,37.0,>30m,104.3,1,1
nuscenes_mini_subset,scene-1094_018,yaw,0.0,none,,0,Car,19.1,15-30m,274.2,42,42
nuscenes_mini_subset,scene-1094_018,yaw,0.0,none,,1,Car,23.6,15-30m,98.8,2,2
nuscenes_mini_subset,scene-1094_018,yaw,0.0,none,,2,Car,29.2,15-30m,219.2,10,10
nuscenes_mini_subset,scene-1094_018,yaw,0.0,none,,3,Car,18.2,15-30m,144.0,43,43
nuscenes_mini_subset,scene-1094_018,yaw,0.0,none,,4,Car,26.4,15-30m,174.3,3,3
nuscenes_mini_subset,scene-1094_018,yaw,0.0,none,,5,Pedestrian,40.4,>30m,22.6,2,2
nuscenes_mini_subset,scene-1094_018,yaw,0.0,none,,7,Car,34.0,>30m,118.9,2,2
nuscenes_mini_subset,scene-1094_018,yaw,0.5,none,,0,Car,19.1,15-30m,274.2,44,44
nuscenes_mini_subset,scene-1094_018,yaw,0.5,none,,1,Car,23.6,15-30m,98.8,3,3
nuscenes_mini_subset,scene-1094_018,yaw,0.5,none,,2,Car,29.2,15-30m,219.2,10,10
nuscenes_mini_subset,scene-1094_018,yaw,0.5,none,,3,Car,18.2,15-30m,144.0,43,40
nuscenes_mini_subset,scene-1094_018,yaw,0.5,none,,4,Car,26.4,15-30m,174.3,3,3
nuscenes_mini_subset,scene-1094_018,yaw,0.5,none,,5,Pedestrian,40.4,>30m,22.6,2,1
nuscenes_mini_subset,scene-1094_018,yaw,0.5,none,,7,Car,34.0,>30m,118.9,2,2
nuscenes_mini_subset,scene-1094_018,yaw,1.0,none,,0,Car,19.1,15-30m,274.2,48,47
nuscenes_mini_subset,scene-1094_018,yaw,1.0,none,,1,Car,23.6,15-30m,98.8,6,5
nuscenes_mini_subset,scene-1094_018,yaw,1.0,none,,2,Car,29.2,15-30m,219.2,10,8
nuscenes_mini_subset,scene-1094_018,yaw,1.0,none,,3,Car,18.2,15-30m,144.0,43,40
nuscenes_mini_subset,scene-1094_018,yaw,1.0,none,,4,Car,26.4,15-30m,174.3,3,3
nuscenes_mini_subset,scene-1094_018,yaw,1.0,none,,5,Pedestrian,40.4,>30m,22.6,2,0
nuscenes_mini_subset,scene-1094_018,yaw,1.0,none,,7,Car,34.0,>30m,118.9,2,2
nuscenes_mini_subset,scene-1094_018,yaw,2.0,none,,0,Car,19.1,15-30m,274.2,52,49
nuscenes_mini_subset,scene-1094_018,yaw,2.0,none,,1,Car,23.6,15-30m,98.8,13,11
nuscenes_mini_subset,scene-1094_018,yaw,2.0,none,,2,Car,29.2,15-30m,219.2,10,8
nuscenes_mini_subset,scene-1094_018,yaw,2.0,none,,3,Car,18.2,15-30m,144.0,43,32
nuscenes_mini_subset,scene-1094_018,yaw,2.0,none,,4,Car,26.4,15-30m,174.3,3,3
nuscenes_mini_subset,scene-1094_018,yaw,2.0,none,,5,Pedestrian,40.4,>30m,22.6,2,0
nuscenes_mini_subset,scene-1094_018,yaw,2.0,none,,7,Car,34.0,>30m,118.9,2,2
nuscenes_mini_subset,scene-1094_019,yaw,0.0,none,,0,Car,16.4,15-30m,141.0,20,20
nuscenes_mini_subset,scene-1094_019,yaw,0.0,none,,1,Car,26.3,15-30m,256.1,36,36
nuscenes_mini_subset,scene-1094_019,yaw,0.0,none,,2,Car,19.2,15-30m,135.5,43,43
nuscenes_mini_subset,scene-1094_019,yaw,0.0,none,,3,Car,23.5,15-30m,215.6,14,14
nuscenes_mini_subset,scene-1094_019,yaw,0.0,none,,4,Car,92.9,>30m,34.6,0,0
nuscenes_mini_subset,scene-1094_019,yaw,0.0,none,,5,Pedestrian,36.7,>30m,24.9,3,3
nuscenes_mini_subset,scene-1094_019,yaw,0.0,none,,7,Pedestrian,50.5,>30m,21.0,1,1
nuscenes_mini_subset,scene-1094_019,yaw,0.0,none,,8,Car,30.7,>30m,139.7,3,3
nuscenes_mini_subset,scene-1094_019,yaw,0.5,none,,0,Car,16.4,15-30m,141.0,23,23
nuscenes_mini_subset,scene-1094_019,yaw,0.5,none,,1,Car,26.3,15-30m,256.1,36,36
nuscenes_mini_subset,scene-1094_019,yaw,0.5,none,,2,Car,19.2,15-30m,135.5,43,39
nuscenes_mini_subset,scene-1094_019,yaw,0.5,none,,3,Car,23.5,15-30m,215.6,14,14
nuscenes_mini_subset,scene-1094_019,yaw,0.5,none,,4,Car,92.9,>30m,34.6,0,0
nuscenes_mini_subset,scene-1094_019,yaw,0.5,none,,5,Pedestrian,36.7,>30m,24.9,3,1
nuscenes_mini_subset,scene-1094_019,yaw,0.5,none,,7,Pedestrian,50.5,>30m,21.0,1,0
nuscenes_mini_subset,scene-1094_019,yaw,0.5,none,,8,Car,30.7,>30m,139.7,3,3
nuscenes_mini_subset,scene-1094_019,yaw,1.0,none,,0,Car,16.4,15-30m,141.0,25,24
nuscenes_mini_subset,scene-1094_019,yaw,1.0,none,,1,Car,26.3,15-30m,256.1,36,35
nuscenes_mini_subset,scene-1094_019,yaw,1.0,none,,2,Car,19.2,15-30m,135.5,43,37
nuscenes_mini_subset,scene-1094_019,yaw,1.0,none,,3,Car,23.5,15-30m,215.6,14,12
nuscenes_mini_subset,scene-1094_019,yaw,1.0,none,,4,Car,92.9,>30m,34.6,0,0
nuscenes_mini_subset,scene-1094_019,yaw,1.0,none,,5,Pedestrian,36.7,>30m,24.9,3,0
nuscenes_mini_subset,scene-1094_019,yaw,1.0,none,,7,Pedestrian,50.5,>30m,21.0,1,0
nuscenes_mini_subset,scene-1094_019,yaw,1.0,none,,8,Car,30.7,>30m,139.7,3,3
nuscenes_mini_subset,scene-1094_019,yaw,2.0,none,,0,Car,16.4,15-30m,141.0,37,32
nuscenes_mini_subset,scene-1094_019,yaw,2.0,none,,1,Car,26.3,15-30m,256.1,36,32
nuscenes_mini_subset,scene-1094_019,yaw,2.0,none,,2,Car,19.2,15-30m,135.5,43,28
nuscenes_mini_subset,scene-1094_019,yaw,2.0,none,,3,Car,23.5,15-30m,215.6,14,11
nuscenes_mini_subset,scene-1094_019,yaw,2.0,none,,4,Car,92.9,>30m,34.6,0,0
nuscenes_mini_subset,scene-1094_019,yaw,2.0,none,,5,Pedestrian,36.7,>30m,24.9,3,0
nuscenes_mini_subset,scene-1094_019,yaw,2.0,none,,7,Pedestrian,50.5,>30m,21.0,1,0
nuscenes_mini_subset,scene-1094_019,yaw,2.0,none,,8,Car,30.7,>30m,139.7,3,3
nuscenes_mini_subset,scene-1094_020,yaw,0.0,none,,0,Car,99.1,>30m,26.5,0,0
nuscenes_mini_subset,scene-1094_020,yaw,0.0,none,,1,Car,23.8,15-30m,161.0,21,21
nuscenes_mini_subset,scene-1094_020,yaw,0.0,none,,2,Pedestrian,63.1,>30m,20.8,2,2
nuscenes_mini_subset,scene-1094_020,yaw,0.0,none,,3,Car,20.0,15-30m,129.1,37,37
nuscenes_mini_subset,scene-1094_020,yaw,0.0,none,,4,Car,20.9,15-30m,265.5,25,25
nuscenes_mini_subset,scene-1094_020,yaw,0.0,none,,5,Car,86.9,>30m,37.6,0,0
nuscenes_mini_subset,scene-1094_020,yaw,0.0,none,,6,Pedestrian,33.4,>30m,27.7,4,4
nuscenes_mini_subset,scene-1094_020,yaw,0.0,none,,8,Pedestrian,47.0,>30m,22.6,1,1
nuscenes_mini_subset,scene-1094_020,yaw,0.0,none,,9,Car,27.7,15-30m,165.1,0,0
nuscenes_mini_subset,scene-1094_020,yaw,0.5,none,,0,Car,99.1,>30m,26.5,0,0
nuscenes_mini_subset,scene-1094_020,yaw,0.5,none,,1,Car,23.8,15-30m,161.0,24,24
nuscenes_mini_subset,scene-1094_020,yaw,0.5,none,,2,Pedestrian,63.1,>30m,20.8,2,1
nuscenes_mini_subset,scene-1094_020,yaw,0.5,none,,3,Car,20.0,15-30m,129.1,37,34
nuscenes_mini_subset,scene-1094_020,yaw,0.5,none,,4,Car,20.9,15-30m,265.5,25,25
nuscenes_mini_subset,scene-1094_020,yaw,0.5,none,,5,Car,86.9,>30m,37.6,0,0
nuscenes_mini_subset,scene-1094_020,yaw,0.5,none,,6,Pedestrian,33.4,>30m,27.7,4,2
nuscenes_mini_subset,scene-1094_020,yaw,0.5,none,,8,Pedestrian,47.0,>30m,22.6,1,0
nuscenes_mini_subset,scene-1094_020,yaw,0.5,none,,9,Car,27.7,15-30m,165.1,0,0
nuscenes_mini_subset,scene-1094_020,yaw,1.0,none,,0,Car,99.1,>30m,26.5,0,0
nuscenes_mini_subset,scene-1094_020,yaw,1.0,none,,1,Car,23.8,15-30m,161.0,29,29
nuscenes_mini_subset,scene-1094_020,yaw,1.0,none,,2,Pedestrian,63.1,>30m,20.8,2,0
nuscenes_mini_subset,scene-1094_020,yaw,1.0,none,,3,Car,20.0,15-30m,129.1,37,31
nuscenes_mini_subset,scene-1094_020,yaw,1.0,none,,4,Car,20.9,15-30m,265.5,25,25
nuscenes_mini_subset,scene-1094_020,yaw,1.0,none,,5,Car,86.9,>30m,37.6,0,0
nuscenes_mini_subset,scene-1094_020,yaw,1.0,none,,6,Pedestrian,33.4,>30m,27.7,4,0
nuscenes_mini_subset,scene-1094_020,yaw,1.0,none,,8,Pedestrian,47.0,>30m,22.6,1,0
nuscenes_mini_subset,scene-1094_020,yaw,1.0,none,,9,Car,27.7,15-30m,165.1,0,0
nuscenes_mini_subset,scene-1094_020,yaw,2.0,none,,0,Car,99.1,>30m,26.5,0,0
nuscenes_mini_subset,scene-1094_020,yaw,2.0,none,,1,Car,23.8,15-30m,161.0,34,31
nuscenes_mini_subset,scene-1094_020,yaw,2.0,none,,2,Pedestrian,63.1,>30m,20.8,2,0
nuscenes_mini_subset,scene-1094_020,yaw,2.0,none,,3,Car,20.0,15-30m,129.1,37,22
nuscenes_mini_subset,scene-1094_020,yaw,2.0,none,,4,Car,20.9,15-30m,265.5,25,23
nuscenes_mini_subset,scene-1094_020,yaw,2.0,none,,5,Car,86.9,>30m,37.6,0,0
nuscenes_mini_subset,scene-1094_020,yaw,2.0,none,,6,Pedestrian,33.4,>30m,27.7,4,0
nuscenes_mini_subset,scene-1094_020,yaw,2.0,none,,8,Pedestrian,47.0,>30m,22.6,1,0
nuscenes_mini_subset,scene-1094_020,yaw,2.0,none,,9,Car,27.7,15-30m,165.1,0,0
nuscenes_mini_subset,scene-1094_021,yaw,0.0,none,,0,Car,90.5,>30m,29.6,0,0
nuscenes_mini_subset,scene-1094_021,yaw,0.0,none,,1,Car,21.0,15-30m,26.1,0,0
nuscenes_mini_subset,scene-1094_021,yaw,0.0,none,,2,Pedestrian,60.3,>30m,22.3,0,0
nuscenes_mini_subset,scene-1094_021,yaw,0.0,none,,3,Car,21.0,15-30m,122.7,40,40
nuscenes_mini_subset,scene-1094_021,yaw,0.0,none,,4,Car,17.9,15-30m,140.3,24,24
nuscenes_mini_subset,scene-1094_021,yaw,0.0,none,,5,Car,80.1,>30m,41.9,0,0
nuscenes_mini_subset,scene-1094_021,yaw,0.0,none,,6,Pedestrian,29.4,15-30m,31.8,4,4
nuscenes_mini_subset,scene-1094_021,yaw,0.0,none,,8,Pedestrian,43.0,>30m,25.0,1,1
nuscenes_mini_subset,scene-1094_021,yaw,0.0,none,,9,Car,24.1,15-30m,208.8,3,3
nuscenes_mini_subset,scene-1094_021,yaw,0.5,none,,0,Car,90.5,>30m,29.6,0,0
nuscenes_mini_subset,scene-1094_021,yaw,0.5,none,,1,Car,21.0,15-30m,26.1,0,0
nuscenes_mini_subset,scene-1094_021,yaw,0.5,none,,2,Pedestrian,60.3,>30m,22.3,0,0
nuscenes_mini_subset,scene-1094_021,yaw,0.5,none,,3,Car,21.0,15-30m,122.7,40,36
nuscenes_mini_subset,scene-1094_021,yaw,0.5,none,,4,Car,17.9,15-30m,140.3,27,27
nuscenes_mini_subset,scene-1094_021,yaw,0.5,none,,5,Car,80.1,>30m,41.9,0,0
nuscenes_mini_subset,scene-1094_021,yaw,0.5,none,,6,Pedestrian,29.4,15-30m,31.8,4,3
nuscenes_mini_subset,scene-1094_021,yaw,0.5,none,,8,Pedestrian,43.0,>30m,25.0,1,0
nuscenes_mini_subset,scene-1094_021,yaw,0.5,none,,9,Car,24.1,15-30m,208.8,3,3
nuscenes_mini_subset,scene-1094_021,yaw,1.0,none,,0,Car,90.5,>30m,29.6,0,0
nuscenes_mini_subset,scene-1094_021,yaw,1.0,none,,1,Car,21.0,15-30m,26.1,2,2
nuscenes_mini_subset,scene-1094_021,yaw,1.0,none,,2,Pedestrian,60.3,>30m,22.3,0,0
nuscenes_mini_subset,scene-1094_021,yaw,1.0,none,,3,Car,21.0,15-30m,122.7,40,33
nuscenes_mini_subset,scene-1094_021,yaw,1.0,none,,4,Car,17.9,15-30m,140.3,29,29
nuscenes_mini_subset,scene-1094_021,yaw,1.0,none,,5,Car,80.1,>30m,41.9,0,0
nuscenes_mini_subset,scene-1094_021,yaw,1.0,none,,6,Pedestrian,29.4,15-30m,31.8,4,1
nuscenes_mini_subset,scene-1094_021,yaw,1.0,none,,8,Pedestrian,43.0,>30m,25.0,1,0
nuscenes_mini_subset,scene-1094_021,yaw,1.0,none,,9,Car,24.1,15-30m,208.8,3,3
nuscenes_mini_subset,scene-1094_021,yaw,2.0,none,,0,Car,90.5,>30m,29.6,0,0
nuscenes_mini_subset,scene-1094_021,yaw,2.0,none,,1,Car,21.0,15-30m,26.1,5,2
nuscenes_mini_subset,scene-1094_021,yaw,2.0,none,,2,Pedestrian,60.3,>30m,22.3,0,0
nuscenes_mini_subset,scene-1094_021,yaw,2.0,none,,3,Car,21.0,15-30m,122.7,40,24
nuscenes_mini_subset,scene-1094_021,yaw,2.0,none,,4,Car,17.9,15-30m,140.3,30,23
nuscenes_mini_subset,scene-1094_021,yaw,2.0,none,,5,Car,80.1,>30m,41.9,0,0
nuscenes_mini_subset,scene-1094_021,yaw,2.0,none,,6,Pedestrian,29.4,15-30m,31.8,4,0
nuscenes_mini_subset,scene-1094_021,yaw,2.0,none,,8,Pedestrian,43.0,>30m,25.0,1,0
nuscenes_mini_subset,scene-1094_021,yaw,2.0,none,,9,Car,24.1,15-30m,208.8,3,2
nuscenes_mini_subset,scene-1094_022,yaw,0.0,none,,0,Pedestrian,40.3,>30m,31.9,1,1
nuscenes_mini_subset,scene-1094_022,yaw,0.0,none,,1,Car,81.6,>30m,33.6,0,0
nuscenes_mini_subset,scene-1094_022,yaw,0.0,none,,2,Pedestrian,57.3,>30m,24.0,0,0
nuscenes_mini_subset,scene-1094_022,yaw,0.0,none,,3,Car,21.8,15-30m,117.3,23,23
nuscenes_mini_subset,scene-1094_022,yaw,0.0,none,,4,Pedestrian,37.6,>30m,31.5,2,2
nuscenes_mini_subset,scene-1094_022,yaw,0.0,none,,5,Car,73.1,>30m,47.3,0,0
nuscenes_mini_subset,scene-1094_022,yaw,0.0,none,,6,Pedestrian,25.3,15-30m,38.1,5,5
nuscenes_mini_subset,scene-1094_022,yaw,0.0,none,,7,Pedestrian,38.7,>30m,28.2,1,1
nuscenes_mini_subset,scene-1094_022,yaw,0.0,none,,8,Car,20.5,15-30m,247.7,24,24
nuscenes_mini_subset,scene-1094_022,yaw,0.5,none,,0,Pedestrian,40.3,>30m,31.9,1,1
nuscenes_mini_subset,scene-1094_022,yaw,0.5,none,,1,Car,81.6,>30m,33.6,0,0
nuscenes_mini_subset,scene-1094_022,yaw,0.5,none,,2,Pedestrian,57.3,>30m,24.0,0,0
nuscenes_mini_subset,scene-1094_022,yaw,0.5,none,,3,Car,21.8,15-30m,117.3,23,20
nuscenes_mini_subset,scene-1094_022,yaw,0.5,none,,4,Pedestrian,37.6,>30m,31.5,2,1
nuscenes_mini_subset,scene-1094_022,yaw,0.5,none,,5,Car,73.1,>30m,47.3,0,0
nuscenes_mini_subset,scene-1094_022,yaw,0.5,none,,6,Pedestrian,25.3,15-30m,38.1,5,4
nuscenes_mini_subset,scene-1094_022,yaw,0.5,none,,7,Pedestrian,38.7,>30m,28.2,1,0
nuscenes_mini_subset,scene-1094_022,yaw,0.5,none,,8,Car,20.5,15-30m,247.7,24,24
nuscenes_mini_subset,scene-1094_022,yaw,1.0,none,,0,Pedestrian,40.3,>30m,31.9,1,1
nuscenes_mini_subset,scene-1094_022,yaw,1.0,none,,1,Car,81.6,>30m,33.6,0,0
nuscenes_mini_subset,scene-1094_022,yaw,1.0,none,,2,Pedestrian,57.3,>30m,24.0,0,0
nuscenes_mini_subset,scene-1094_022,yaw,1.0,none,,3,Car,21.8,15-30m,117.3,23,20
nuscenes_mini_subset,scene-1094_022,yaw,1.0,none,,4,Pedestrian,37.6,>30m,31.5,2,0
nuscenes_mini_subset,scene-1094_022,yaw,1.0,none,,5,Car,73.1,>30m,47.3,0,0
nuscenes_mini_subset,scene-1094_022,yaw,1.0,none,,6,Pedestrian,25.3,15-30m,38.1,5,2
nuscenes_mini_subset,scene-1094_022,yaw,1.0,none,,7,Pedestrian,38.7,>30m,28.2,1,0
nuscenes_mini_subset,scene-1094_022,yaw,1.0,none,,8,Car,20.5,15-30m,247.7,24,24
nuscenes_mini_subset,scene-1094_022,yaw,2.0,none,,0,Pedestrian,40.3,>30m,31.9,1,0
nuscenes_mini_subset,scene-1094_022,yaw,2.0,none,,1,Car,81.6,>30m,33.6,0,0
nuscenes_mini_subset,scene-1094_022,yaw,2.0,none,,2,Pedestrian,57.3,>30m,24.0,0,0
nuscenes_mini_subset,scene-1094_022,yaw,2.0,none,,3,Car,21.8,15-30m,117.3,23,15
nuscenes_mini_subset,scene-1094_022,yaw,2.0,none,,4,Pedestrian,37.6,>30m,31.5,2,0
nuscenes_mini_subset,scene-1094_022,yaw,2.0,none,,5,Car,73.1,>30m,47.3,0,0
nuscenes_mini_subset,scene-1094_022,yaw,2.0,none,,6,Pedestrian,25.3,15-30m,38.1,5,0
nuscenes_mini_subset,scene-1094_022,yaw,2.0,none,,7,Pedestrian,38.7,>30m,28.2,1,0
nuscenes_mini_subset,scene-1094_022,yaw,2.0,none,,8,Car,20.5,15-30m,247.7,25,24
nuscenes_mini_subset,scene-1094_023,yaw,0.0,none,,0,Pedestrian,36.5,>30m,35.2,3,3
nuscenes_mini_subset,scene-1094_023,yaw,0.0,none,,1,Car,71.4,>30m,39.7,0,0
nuscenes_mini_subset,scene-1094_023,yaw,0.0,none,,2,Pedestrian,53.6,>30m,26.4,1,1
nuscenes_mini_subset,scene-1094_023,yaw,0.0,none,,3,Car,22.9,15-30m,111.5,18,18
nuscenes_mini_subset,scene-1094_023,yaw,0.0,none,,4,Pedestrian,32.5,>30m,35.9,2,2
nuscenes_mini_subset,scene-1094_023,yaw,0.0,none,,5,Car,64.8,>30m,55.6,0,0
nuscenes_mini_subset,scene-1094_023,yaw,0.0,none,,6,Pedestrian,20.4,15-30m,49.3,6,6
nuscenes_mini_subset,scene-1094_023,yaw,0.0,none,,7,Pedestrian,33.6,>30m,33.2,0,0
nuscenes_mini_subset,scene-1094_023,yaw,0.0,none,,8,Car,16.5,15-30m,80.5,10,10
nuscenes_mini_subset,scene-1094_023,yaw,0.5,none,,0,Pedestrian,36.5,>30m,35.2,3,3
nuscenes_mini_subset,scene-1094_023,yaw,0.5,none,,1,Car,71.4,>30m,39.7,0,0
nuscenes_mini_subset,scene-1094_023,yaw,0.5,none,,2,Pedestrian,53.6,>30m,26.4,1,1
nuscenes_mini_subset,scene-1094_023,yaw,0.5,none,,3,Car,22.9,15-30m,111.5,18,16
nuscenes_mini_subset,scene-1094_023,yaw,0.5,none,,4,Pedestrian,32.5,>30m,35.9,2,1
nuscenes_mini_subset,scene-1094_023,yaw,0.5,none,,5,Car,64.8,>30m,55.6,0,0
nuscenes_mini_subset,scene-1094_023,yaw,0.5,none,,6,Pedestrian,20.4,15-30m,49.3,6,6
nuscenes_mini_subset,scene-1094_023,yaw,0.5,none,,7,Pedestrian,33.6,>30m,33.2,0,0
nuscenes_mini_subset,scene-1094_023,yaw,0.5,none,,8,Car,16.5,15-30m,80.5,14,12
nuscenes_mini_subset,scene-1094_023,yaw,1.0,none,,0,Pedestrian,36.5,>30m,35.2,3,3
nuscenes_mini_subset,scene-1094_023,yaw,1.0,none,,1,Car,71.4,>30m,39.7,0,0
nuscenes_mini_subset,scene-1094_023,yaw,1.0,none,,2,Pedestrian,53.6,>30m,26.4,1,0
nuscenes_mini_subset,scene-1094_023,yaw,1.0,none,,3,Car,22.9,15-30m,111.5,18,15
nuscenes_mini_subset,scene-1094_023,yaw,1.0,none,,4,Pedestrian,32.5,>30m,35.9,2,0
nuscenes_mini_subset,scene-1094_023,yaw,1.0,none,,5,Car,64.8,>30m,55.6,0,0
nuscenes_mini_subset,scene-1094_023,yaw,1.0,none,,6,Pedestrian,20.4,15-30m,49.3,6,5
nuscenes_mini_subset,scene-1094_023,yaw,1.0,none,,7,Pedestrian,33.6,>30m,33.2,0,0
nuscenes_mini_subset,scene-1094_023,yaw,1.0,none,,8,Car,16.5,15-30m,80.5,16,16
nuscenes_mini_subset,scene-1094_023,yaw,2.0,none,,0,Pedestrian,36.5,>30m,35.2,3,0
nuscenes_mini_subset,scene-1094_023,yaw,2.0,none,,1,Car,71.4,>30m,39.7,0,0
nuscenes_mini_subset,scene-1094_023,yaw,2.0,none,,2,Pedestrian,53.6,>30m,26.4,1,0
nuscenes_mini_subset,scene-1094_023,yaw,2.0,none,,3,Car,22.9,15-30m,111.5,18,10
nuscenes_mini_subset,scene-1094_023,yaw,2.0,none,,4,Pedestrian,32.5,>30m,35.9,2,0
nuscenes_mini_subset,scene-1094_023,yaw,2.0,none,,5,Car,64.8,>30m,55.6,0,0
nuscenes_mini_subset,scene-1094_023,yaw,2.0,none,,6,Pedestrian,20.4,15-30m,49.3,6,0
nuscenes_mini_subset,scene-1094_023,yaw,2.0,none,,7,Pedestrian,33.6,>30m,33.2,0,0
nuscenes_mini_subset,scene-1094_023,yaw,2.0,none,,8,Car,16.5,15-30m,80.5,22,17
nuscenes_mini_subset,scene-1094_024,yaw,0.0,none,,0,Pedestrian,32.9,>30m,39.0,4,4
nuscenes_mini_subset,scene-1094_024,yaw,0.0,none,,1,Car,62.1,>30m,47.6,0,0
nuscenes_mini_subset,scene-1094_024,yaw,0.0,none,,2,Pedestrian,50.2,>30m,29.2,0,0
nuscenes_mini_subset,scene-1094_024,yaw,0.0,none,,3,Car,23.5,15-30m,108.1,30,30
nuscenes_mini_subset,scene-1094_024,yaw,0.0,none,,4,Pedestrian,27.8,15-30m,41.1,1,1
nuscenes_mini_subset,scene-1094_024,yaw,0.0,none,,5,Car,57.2,>30m,66.3,0,0
nuscenes_mini_subset,scene-1094_024,yaw,0.0,none,,6,Pedestrian,15.9,15-30m,68.0,15,15
nuscenes_mini_subset,scene-1094_024,yaw,0.0,none,,7,Pedestrian,28.8,15-30m,39.8,0,0
nuscenes_mini_subset,scene-1094_024,yaw,0.5,none,,0,Pedestrian,32.9,>30m,39.0,4,3
nuscenes_mini_subset,scene-1094_024,yaw,0.5,none,,1,Car,62.1,>30m,47.6,0,0
nuscenes_mini_subset,scene-1094_024,yaw,0.5,none,,2,Pedestrian,50.2,>30m,29.2,0,0
nuscenes_mini_subset,scene-1094_024,yaw,0.5,none,,3,Car,23.5,15-30m,108.1,30,29
nuscenes_mini_subset,scene-1094_024,yaw,0.5,none,,4,Pedestrian,27.8,15-30m,41.1,1,1
nuscenes_mini_subset,scene-1094_024,yaw,0.5,none,,5,Car,57.2,>30m,66.3,0,0
nuscenes_mini_subset,scene-1094_024,yaw,0.5,none,,6,Pedestrian,15.9,15-30m,68.0,15,14
nuscenes_mini_subset,scene-1094_024,yaw,0.5,none,,7,Pedestrian,28.8,15-30m,39.8,0,0
nuscenes_mini_subset,scene-1094_024,yaw,1.0,none,,0,Pedestrian,32.9,>30m,39.0,4,2
nuscenes_mini_subset,scene-1094_024,yaw,1.0,none,,1,Car,62.1,>30m,47.6,0,0
nuscenes_mini_subset,scene-1094_024,yaw,1.0,none,,2,Pedestrian,50.2,>30m,29.2,0,0
nuscenes_mini_subset,scene-1094_024,yaw,1.0,none,,3,Car,23.5,15-30m,108.1,30,26
nuscenes_mini_subset,scene-1094_024,yaw,1.0,none,,4,Pedestrian,27.8,15-30m,41.1,1,0
nuscenes_mini_subset,scene-1094_024,yaw,1.0,none,,5,Car,57.2,>30m,66.3,0,0
nuscenes_mini_subset,scene-1094_024,yaw,1.0,none,,6,Pedestrian,15.9,15-30m,68.0,15,12
nuscenes_mini_subset,scene-1094_024,yaw,1.0,none,,7,Pedestrian,28.8,15-30m,39.8,0,0
nuscenes_mini_subset,scene-1094_024,yaw,2.0,none,,0,Pedestrian,32.9,>30m,39.0,4,0
nuscenes_mini_subset,scene-1094_024,yaw,2.0,none,,1,Car,62.1,>30m,47.6,0,0
nuscenes_mini_subset,scene-1094_024,yaw,2.0,none,,2,Pedestrian,50.2,>30m,29.2,0,0
nuscenes_mini_subset,scene-1094_024,yaw,2.0,none,,3,Car,23.5,15-30m,108.1,30,18
nuscenes_mini_subset,scene-1094_024,yaw,2.0,none,,4,Pedestrian,27.8,15-30m,41.1,1,0
nuscenes_mini_subset,scene-1094_024,yaw,2.0,none,,5,Car,57.2,>30m,66.3,0,0
nuscenes_mini_subset,scene-1094_024,yaw,2.0,none,,6,Pedestrian,15.9,15-30m,68.0,15,4
nuscenes_mini_subset,scene-1094_024,yaw,2.0,none,,7,Pedestrian,28.8,15-30m,39.8,0,0
nuscenes_mini_subset,scene-1094_025,yaw,0.0,none,,0,Pedestrian,29.0,15-30m,44.1,6,6
nuscenes_mini_subset,scene-1094_025,yaw,0.0,none,,2,Car,52.6,>30m,59.2,1,1
nuscenes_mini_subset,scene-1094_025,yaw,0.0,none,,3,Pedestrian,46.7,>30m,32.5,1,1
nuscenes_mini_subset,scene-1094_025,yaw,0.0,none,,4,Car,24.3,15-30m,104.3,42,42
nuscenes_mini_subset,scene-1094_025,yaw,0.0,none,,5,Pedestrian,22.9,15-30m,48.7,3,3
nuscenes_mini_subset,scene-1094_025,yaw,0.0,none,,6,Car,49.8,>30m,80.6,0,0
nuscenes_mini_subset,scene-1094_025,yaw,0.0,none,,7,Pedestrian,11.3,0-15m,110.4,19,19
nuscenes_mini_subset,scene-1094_025,yaw,0.0,none,,8,Pedestrian,23.9,15-30m,50.3,1,1
nuscenes_mini_subset,scene-1094_025,yaw,0.5,none,,0,Pedestrian,29.0,15-30m,44.1,6,5
nuscenes_mini_subset,scene-1094_025,yaw,0.5,none,,2,Car,52.6,>30m,59.2,1,0
nuscenes_mini_subset,scene-1094_025,yaw,0.5,none,,3,Pedestrian,46.7,>30m,32.5,1,1
nuscenes_mini_subset,scene-1094_025,yaw,0.5,none,,4,Car,24.3,15-30m,104.3,42,39
nuscenes_mini_subset,scene-1094_025,yaw,0.5,none,,5,Pedestrian,22.9,15-30m,48.7,3,2
nuscenes_mini_subset,scene-1094_025,yaw,0.5,none,,6,Car,49.8,>30m,80.6,0,0
nuscenes_mini_subset,scene-1094_025,yaw,0.5,none,,7,Pedestrian,11.3,0-15m,110.4,19,19
nuscenes_mini_subset,scene-1094_025,yaw,0.5,none,,8,Pedestrian,23.9,15-30m,50.3,1,1
nuscenes_mini_subset,scene-1094_025,yaw,1.0,none,,0,Pedestrian,29.0,15-30m,44.1,6,3
nuscenes_mini_subset,scene-1094_025,yaw,1.0,none,,2,Car,52.6,>30m,59.2,1,0
nuscenes_mini_subset,scene-1094_025,yaw,1.0,none,,3,Pedestrian,46.7,>30m,32.5,1,0
nuscenes_mini_subset,scene-1094_025,yaw,1.0,none,,4,Car,24.3,15-30m,104.3,42,36
nuscenes_mini_subset,scene-1094_025,yaw,1.0,none,,5,Pedestrian,22.9,15-30m,48.7,3,2
nuscenes_mini_subset,scene-1094_025,yaw,1.0,none,,6,Car,49.8,>30m,80.6,0,0
nuscenes_mini_subset,scene-1094_025,yaw,1.0,none,,7,Pedestrian,11.3,0-15m,110.4,19,18
nuscenes_mini_subset,scene-1094_025,yaw,1.0,none,,8,Pedestrian,23.9,15-30m,50.3,1,1
nuscenes_mini_subset,scene-1094_025,yaw,2.0,none,,0,Pedestrian,29.0,15-30m,44.1,6,0
nuscenes_mini_subset,scene-1094_025,yaw,2.0,none,,2,Car,52.6,>30m,59.2,1,0
nuscenes_mini_subset,scene-1094_025,yaw,2.0,none,,3,Pedestrian,46.7,>30m,32.5,1,0
nuscenes_mini_subset,scene-1094_025,yaw,2.0,none,,4,Car,24.3,15-30m,104.3,42,25
nuscenes_mini_subset,scene-1094_025,yaw,2.0,none,,5,Pedestrian,22.9,15-30m,48.7,3,0
nuscenes_mini_subset,scene-1094_025,yaw,2.0,none,,6,Car,49.8,>30m,80.6,0,0
nuscenes_mini_subset,scene-1094_025,yaw,2.0,none,,7,Pedestrian,11.3,0-15m,110.4,19,11
nuscenes_mini_subset,scene-1094_025,yaw,2.0,none,,8,Pedestrian,23.9,15-30m,50.3,1,0
nuscenes_mini_subset,scene-1094_026,yaw,0.0,none,,0,Pedestrian,25.1,15-30m,51.0,5,5
nuscenes_mini_subset,scene-1094_026,yaw,0.0,none,,2,Car,43.0,>30m,77.9,4,4
nuscenes_mini_subset,scene-1094_026,yaw,0.0,none,,3,Pedestrian,43.1,>30m,36.8,1,1
nuscenes_mini_subset,scene-1094_026,yaw,0.0,none,,4,Car,25.0,15-30m,101.1,30,30
nuscenes_mini_subset,scene-1094_026,yaw,0.0,none,,5,Pedestrian,18.0,15-30m,57.4,5,5
nuscenes_mini_subset,scene-1094_026,yaw,0.0,none,,6,Car,42.3,>30m,102.5,6,6
nuscenes_mini_subset,scene-1094_026,yaw,0.0,none,,7,Pedestrian,19.0,15-30m,68.6,6,6
nuscenes_mini_subset,scene-1094_026,yaw,0.5,none,,0,Pedestrian,25.1,15-30m,51.0,5,5
nuscenes_mini_subset,scene-1094_026,yaw,0.5,none,,2,Car,43.0,>30m,77.9,4,3
nuscenes_mini_subset,scene-1094_026,yaw,0.5,none,,3,Pedestrian,43.1,>30m,36.8,1,1
nuscenes_mini_subset,scene-1094_026,yaw,0.5,none,,4,Car,25.0,15-30m,101.1,30,28
nuscenes_mini_subset,scene-1094_026,yaw,0.5,none,,5,Pedestrian,18.0,15-30m,57.4,5,5
nuscenes_mini_subset,scene-1094_026,yaw,0.5,none,,6,Car,42.3,>30m,102.5,6,5
nuscenes_mini_subset,scene-1094_026,yaw,0.5,none,,7,Pedestrian,19.0,15-30m,68.6,6,6
nuscenes_mini_subset,scene-1094_026,yaw,1.0,none,,0,Pedestrian,25.1,15-30m,51.0,5,2
nuscenes_mini_subset,scene-1094_026,yaw,1.0,none,,2,Car,43.0,>30m,77.9,4,3
nuscenes_mini_subset,scene-1094_026,yaw,1.0,none,,3,Pedestrian,43.1,>30m,36.8,1,0
nuscenes_mini_subset,scene-1094_026,yaw,1.0,none,,4,Car,25.0,15-30m,101.1,30,27
nuscenes_mini_subset,scene-1094_026,yaw,1.0,none,,5,Pedestrian,18.0,15-30m,57.4,5,5
nuscenes_mini_subset,scene-1094_026,yaw,1.0,none,,6,Car,42.3,>30m,102.5,6,5
nuscenes_mini_subset,scene-1094_026,yaw,1.0,none,,7,Pedestrian,19.0,15-30m,68.6,6,5
nuscenes_mini_subset,scene-1094_026,yaw,2.0,none,,0,Pedestrian,25.1,15-30m,51.0,5,0
nuscenes_mini_subset,scene-1094_026,yaw,2.0,none,,2,Car,43.0,>30m,77.9,4,1
nuscenes_mini_subset,scene-1094_026,yaw,2.0,none,,3,Pedestrian,43.1,>30m,36.8,1,0
nuscenes_mini_subset,scene-1094_026,yaw,2.0,none,,4,Car,25.0,15-30m,101.1,30,20
nuscenes_mini_subset,scene-1094_026,yaw,2.0,none,,5,Pedestrian,18.0,15-30m,57.4,5,0
nuscenes_mini_subset,scene-1094_026,yaw,2.0,none,,6,Car,42.3,>30m,102.5,6,4
nuscenes_mini_subset,scene-1094_026,yaw,2.0,none,,7,Pedestrian,19.0,15-30m,68.6,6,0
nuscenes_mini_subset,scene-1094_027,yaw,0.0,none,,0,Pedestrian,21.1,15-30m,60.8,6,6
nuscenes_mini_subset,scene-1094_027,yaw,0.0,none,,2,Car,34.1,>30m,109.5,1,1
nuscenes_mini_subset,scene-1094_027,yaw,0.0,none,,3,Pedestrian,39.4,>30m,42.4,2,2
nuscenes_mini_subset,scene-1094_027,yaw,0.0,none,,4,Car,25.8,15-30m,97.8,29,29
nuscenes_mini_subset,scene-1094_027,yaw,0.0,none,,5,Pedestrian,52.7,>30m,17.8,1,1
nuscenes_mini_subset,scene-1094_027,yaw,0.0,none,,6,Pedestrian,13.0,0-15m,71.1,13,13
nuscenes_mini_subset,scene-1094_027,yaw,0.0,none,,7,Car,34.7,>30m,140.6,5,5
nuscenes_mini_subset,scene-1094_027,yaw,0.0,none,,8,Pedestrian,14.2,0-15m,106.9,22,22
nuscenes_mini_subset,scene-1094_027,yaw,0.5,none,,0,Pedestrian,21.1,15-30m,60.8,6,6
nuscenes_mini_subset,scene-1094_027,yaw,0.5,none,,2,Car,34.1,>30m,109.5,1,1
nuscenes_mini_subset,scene-1094_027,yaw,0.5,none,,3,Pedestrian,39.4,>30m,42.4,2,2
nuscenes_mini_subset,scene-1094_027,yaw,0.5,none,,4,Car,25.8,15-30m,97.8,29,27
nuscenes_mini_subset,scene-1094_027,yaw,0.5,none,,5,Pedestrian,52.7,>30m,17.8,1,1
nuscenes_mini_subset,scene-1094_027,yaw,0.5,none,,6,Pedestrian,13.0,0-15m,71.1,13,13
nuscenes_mini_subset,scene-1094_027,yaw,0.5,none,,7,Car,34.7,>30m,140.6,5,5
nuscenes_mini_subset,scene-1094_027,yaw,0.5,none,,8,Pedestrian,14.2,0-15m,106.9,22,22
nuscenes_mini_subset,scene-1094_027,yaw,1.0,none,,0,Pedestrian,21.1,15-30m,60.8,6,3
nuscenes_mini_subset,scene-1094_027,yaw,1.0,none,,2,Car,34.1,>30m,109.5,1,1
nuscenes_mini_subset,scene-1094_027,yaw,1.0,none,,3,Pedestrian,39.4,>30m,42.4,2,1
nuscenes_mini_subset,scene-1094_027,yaw,1.0,none,,4,Car,25.8,15-30m,97.8,29,25
nuscenes_mini_subset,scene-1094_027,yaw,1.0,none,,5,Pedestrian,52.7,>30m,17.8,1,0
nuscenes_mini_subset,scene-1094_027,yaw,1.0,none,,6,Pedestrian,13.0,0-15m,71.1,13,13
nuscenes_mini_subset,scene-1094_027,yaw,1.0,none,,7,Car,34.7,>30m,140.6,5,4
nuscenes_mini_subset,scene-1094_027,yaw,1.0,none,,8,Pedestrian,14.2,0-15m,106.9,22,20
nuscenes_mini_subset,scene-1094_027,yaw,2.0,none,,0,Pedestrian,21.1,15-30m,60.8,6,0
nuscenes_mini_subset,scene-1094_027,yaw,2.0,none,,2,Car,34.1,>30m,109.5,1,1
nuscenes_mini_subset,scene-1094_027,yaw,2.0,none,,3,Pedestrian,39.4,>30m,42.4,2,0
nuscenes_mini_subset,scene-1094_027,yaw,2.0,none,,4,Car,25.8,15-30m,97.8,29,17
nuscenes_mini_subset,scene-1094_027,yaw,2.0,none,,5,Pedestrian,52.7,>30m,17.8,1,0
nuscenes_mini_subset,scene-1094_027,yaw,2.0,none,,6,Pedestrian,13.0,0-15m,71.1,13,6
nuscenes_mini_subset,scene-1094_027,yaw,2.0,none,,7,Car,34.7,>30m,140.6,5,3
nuscenes_mini_subset,scene-1094_027,yaw,2.0,none,,8,Pedestrian,14.2,0-15m,106.9,22,13
nuscenes_mini_subset,scene-1094_028,yaw,0.0,none,,0,Pedestrian,17.0,15-30m,75.5,9,9
nuscenes_mini_subset,scene-1094_028,yaw,0.0,none,,2,Car,25.2,15-30m,177.7,7,7
nuscenes_mini_subset,scene-1094_028,yaw,0.0,none,,3,Pedestrian,35.7,>30m,50.3,2,2
nuscenes_mini_subset,scene-1094_028,yaw,0.0,none,,4,Car,26.6,15-30m,94.4,9,9
nuscenes_mini_subset,scene-1094_028,yaw,0.0,none,,5,Pedestrian,47.5,>30m,19.9,1,1
nuscenes_mini_subset,scene-1094_028,yaw,0.0,none,,6,Pedestrian,8.0,0-15m,146.4,49,49
nuscenes_mini_subset,scene-1094_028,yaw,0.0,none,,7,Car,27.3,15-30m,214.8,9,9
nuscenes_mini_subset,scene-1094_028,yaw,0.5,none,,0,Pedestrian,17.0,15-30m,75.5,9,9
nuscenes_mini_subset,scene-1094_028,yaw,0.5,none,,2,Car,25.2,15-30m,177.7,7,7
nuscenes_mini_subset,scene-1094_028,yaw,0.5,none,,3,Pedestrian,35.7,>30m,50.3,2,2
nuscenes_mini_subset,scene-1094_028,yaw,0.5,none,,4,Car,26.6,15-30m,94.4,9,8
nuscenes_mini_subset,scene-1094_028,yaw,0.5,none,,5,Pedestrian,47.5,>30m,19.9,1,1
nuscenes_mini_subset,scene-1094_028,yaw,0.5,none,,6,Pedestrian,8.0,0-15m,146.4,49,49
nuscenes_mini_subset,scene-1094_028,yaw,0.5,none,,7,Car,27.3,15-30m,214.8,9,9
nuscenes_mini_subset,scene-1094_028,yaw,1.0,none,,0,Pedestrian,17.0,15-30m,75.5,9,8
nuscenes_mini_subset,scene-1094_028,yaw,1.0,none,,2,Car,25.2,15-30m,177.7,7,7
nuscenes_mini_subset,scene-1094_028,yaw,1.0,none,,3,Pedestrian,35.7,>30m,50.3,2,0
nuscenes_mini_subset,scene-1094_028,yaw,1.0,none,,4,Car,26.6,15-30m,94.4,9,7
nuscenes_mini_subset,scene-1094_028,yaw,1.0,none,,5,Pedestrian,47.5,>30m,19.9,1,0
nuscenes_mini_subset,scene-1094_028,yaw,1.0,none,,6,Pedestrian,8.0,0-15m,146.4,49,46
nuscenes_mini_subset,scene-1094_028,yaw,1.0,none,,7,Car,27.3,15-30m,214.8,9,9
nuscenes_mini_subset,scene-1094_028,yaw,2.0,none,,0,Pedestrian,17.0,15-30m,75.5,9,1
nuscenes_mini_subset,scene-1094_028,yaw,2.0,none,,2,Car,25.2,15-30m,177.7,7,7
nuscenes_mini_subset,scene-1094_028,yaw,2.0,none,,3,Pedestrian,35.7,>30m,50.3,2,0
nuscenes_mini_subset,scene-1094_028,yaw,2.0,none,,4,Car,26.6,15-30m,94.4,9,6
nuscenes_mini_subset,scene-1094_028,yaw,2.0,none,,5,Pedestrian,47.5,>30m,19.9,1,0
nuscenes_mini_subset,scene-1094_028,yaw,2.0,none,,6,Pedestrian,8.0,0-15m,146.4,49,43
nuscenes_mini_subset,scene-1094_028,yaw,2.0,none,,7,Car,27.3,15-30m,214.8,9,9
nuscenes_mini_subset,scene-1094_029,yaw,0.0,none,,0,Pedestrian,13.0,0-15m,100.3,19,19
nuscenes_mini_subset,scene-1094_029,yaw,0.0,none,,2,Car,17.0,15-30m,215.3,6,6
nuscenes_mini_subset,scene-1094_029,yaw,0.0,none,,3,Car,27.3,15-30m,91.7,19,19
nuscenes_mini_subset,scene-1094_029,yaw,0.0,none,,4,Pedestrian,42.2,>30m,23.1,3,3
nuscenes_mini_subset,scene-1094_029,yaw,0.0,none,,5,Car,20.5,15-30m,40.5,0,0
nuscenes_mini_subset,scene-1094_029,yaw,0.5,none,,0,Pedestrian,13.0,0-15m,100.3,19,19
nuscenes_mini_subset,scene-1094_029,yaw,0.5,none,,2,Car,17.0,15-30m,215.3,8,8
nuscenes_mini_subset,scene-1094_029,yaw,0.5,none,,3,Car,27.3,15-30m,91.7,19,18
nuscenes_mini_subset,scene-1094_029,yaw,0.5,none,,4,Pedestrian,42.2,>30m,23.1,3,2
nuscenes_mini_subset,scene-1094_029,yaw,0.5,none,,5,Car,20.5,15-30m,40.5,0,0
nuscenes_mini_subset,scene-1094_029,yaw,1.0,none,,0,Pedestrian,13.0,0-15m,100.3,19,17
nuscenes_mini_subset,scene-1094_029,yaw,1.0,none,,2,Car,17.0,15-30m,215.3,12,12
nuscenes_mini_subset,scene-1094_029,yaw,1.0,none,,3,Car,27.3,15-30m,91.7,19,16
nuscenes_mini_subset,scene-1094_029,yaw,1.0,none,,4,Pedestrian,42.2,>30m,23.1,3,0
nuscenes_mini_subset,scene-1094_029,yaw,1.0,none,,5,Car,20.5,15-30m,40.5,0,0
nuscenes_mini_subset,scene-1094_029,yaw,2.0,none,,0,Pedestrian,13.0,0-15m,100.3,19,5
nuscenes_mini_subset,scene-1094_029,yaw,2.0,none,,2,Car,17.0,15-30m,215.3,17,16
nuscenes_mini_subset,scene-1094_029,yaw,2.0,none,,3,Car,27.3,15-30m,91.7,19,11
nuscenes_mini_subset,scene-1094_029,yaw,2.0,none,,4,Pedestrian,42.2,>30m,23.1,3,0
nuscenes_mini_subset,scene-1094_029,yaw,2.0,none,,5,Car,20.5,15-30m,40.5,0,0
nuscenes_mini_subset,scene-1094_030,yaw,0.0,none,,0,Pedestrian,8.9,0-15m,152.9,42,42
nuscenes_mini_subset,scene-1094_030,yaw,0.0,none,,2,Car,28.2,15-30m,88.7,8,8
nuscenes_mini_subset,scene-1094_030,yaw,0.0,none,,3,Pedestrian,36.8,>30m,27.6,2,2
nuscenes_mini_subset,scene-1094_030,yaw,0.5,none,,0,Pedestrian,8.9,0-15m,152.9,42,42
nuscenes_mini_subset,scene-1094_030,yaw,0.5,none,,2,Car,28.2,15-30m,88.7,8,7
nuscenes_mini_subset,scene-1094_030,yaw,0.5,none,,3,Pedestrian,36.8,>30m,27.6,2,1
nuscenes_mini_subset,scene-1094_030,yaw,1.0,none,,0,Pedestrian,8.9,0-15m,152.9,42,39
nuscenes_mini_subset,scene-1094_030,yaw,1.0,none,,2,Car,28.2,15-30m,88.7,8,7
nuscenes_mini_subset,scene-1094_030,yaw,1.0,none,,3,Pedestrian,36.8,>30m,27.6,2,0
nuscenes_mini_subset,scene-1094_030,yaw,2.0,none,,0,Pedestrian,8.9,0-15m,152.9,42,19
nuscenes_mini_subset,scene-1094_030,yaw,2.0,none,,2,Car,28.2,15-30m,88.7,8,4
nuscenes_mini_subset,scene-1094_030,yaw,2.0,none,,3,Pedestrian,36.8,>30m,27.6,2,0
nuscenes_mini_subset,scene-1094_031,yaw,0.0,none,,1,Car,28.7,15-30m,86.9,9,9
nuscenes_mini_subset,scene-1094_031,yaw,0.0,none,,2,Pedestrian,31.1,>30m,34.4,3,3
nuscenes_mini_subset,scene-1094_031,yaw,0.5,none,,1,Car,28.7,15-30m,86.9,9,8
nuscenes_mini_subset,scene-1094_031,yaw,0.5,none,,2,Pedestrian,31.1,>30m,34.4,3,2
nuscenes_mini_subset,scene-1094_031,yaw,1.0,none,,1,Car,28.7,15-30m,86.9,9,6
nuscenes_mini_subset,scene-1094_031,yaw,1.0,none,,2,Pedestrian,31.1,>30m,34.4,3,1
nuscenes_mini_subset,scene-1094_031,yaw,2.0,none,,1,Car,28.7,15-30m,86.9,9,3
nuscenes_mini_subset,scene-1094_031,yaw,2.0,none,,2,Pedestrian,31.1,>30m,34.4,3,0
nuscenes_mini_subset,scene-1094_032,yaw,0.0,none,,1,Car,29.2,15-30m,86.0,7,7
nuscenes_mini_subset,scene-1094_032,yaw,0.0,none,,2,Pedestrian,25.3,15-30m,45.3,2,2
nuscenes_mini_subset,scene-1094_032,yaw,0.5,none,,1,Car,29.2,15-30m,86.0,7,7
nuscenes_mini_subset,scene-1094_032,yaw,0.5,none,,2,Pedestrian,25.3,15-30m,45.3,2,2
nuscenes_mini_subset,scene-1094_032,yaw,1.0,none,,1,Car,29.2,15-30m,86.0,7,6
nuscenes_mini_subset,scene-1094_032,yaw,1.0,none,,2,Pedestrian,25.3,15-30m,45.3,2,1
nuscenes_mini_subset,scene-1094_032,yaw,2.0,none,,1,Car,29.2,15-30m,86.0,7,4
nuscenes_mini_subset,scene-1094_032,yaw,2.0,none,,2,Pedestrian,25.3,15-30m,45.3,2,0
nuscenes_mini_subset,scene-1094_033,yaw,0.0,none,,1,Car,29.7,15-30m,85.2,17,17
nuscenes_mini_subset,scene-1094_033,yaw,0.0,none,,2,Pedestrian,19.3,15-30m,66.5,6,6
nuscenes_mini_subset,scene-1094_033,yaw,0.5,none,,1,Car,29.7,15-30m,85.2,17,17
nuscenes_mini_subset,scene-1094_033,yaw,0.5,none,,2,Pedestrian,19.3,15-30m,66.5,6,6
nuscenes_mini_subset,scene-1094_033,yaw,1.0,none,,1,Car,29.7,15-30m,85.2,17,13
nuscenes_mini_subset,scene-1094_033,yaw,1.0,none,,2,Pedestrian,19.3,15-30m,66.5,6,6
nuscenes_mini_subset,scene-1094_033,yaw,2.0,none,,1,Car,29.7,15-30m,85.2,17,7
nuscenes_mini_subset,scene-1094_033,yaw,2.0,none,,2,Pedestrian,19.3,15-30m,66.5,6,0
nuscenes_mini_subset,scene-1094_034,yaw,0.0,none,,0,Car,30.0,15-30m,84.7,7,7
nuscenes_mini_subset,scene-1094_034,yaw,0.0,none,,1,Pedestrian,13.4,0-15m,117.4,13,13
nuscenes_mini_subset,scene-1094_034,yaw,0.5,none,,0,Car,30.0,15-30m,84.7,7,7
nuscenes_mini_subset,scene-1094_034,yaw,0.5,none,,1,Pedestrian,13.4,0-15m,117.4,13,13
nuscenes_mini_subset,scene-1094_034,yaw,1.0,none,,0,Car,30.0,15-30m,84.7,7,6
nuscenes_mini_subset,scene-1094_034,yaw,1.0,none,,1,Pedestrian,13.4,0-15m,117.4,13,13
nuscenes_mini_subset,scene-1094_034,yaw,2.0,none,,0,Car,30.0,15-30m,84.7,7,3
nuscenes_mini_subset,scene-1094_034,yaw,2.0,none,,1,Pedestrian,13.4,0-15m,117.4,13,7
nuscenes_mini_subset,scene-1094_035,yaw,0.0,none,,0,Car,30.0,15-30m,85.3,8,8
nuscenes_mini_subset,scene-1094_035,yaw,0.0,none,,2,Car,53.8,>30m,58.0,1,1
nuscenes_mini_subset,scene-1094_035,yaw,0.5,none,,0,Car,30.0,15-30m,85.3,8,8
nuscenes_mini_subset,scene-1094_035,yaw,0.5,none,,2,Car,53.8,>30m,58.0,1,1
nuscenes_mini_subset,scene-1094_035,yaw,1.0,none,,0,Car,30.0,15-30m,85.3,8,7
nuscenes_mini_subset,scene-1094_035,yaw,1.0,none,,2,Car,53.8,>30m,58.0,1,0
nuscenes_mini_subset,scene-1094_035,yaw,2.0,none,,0,Car,30.0,15-30m,85.3,8,4
nuscenes_mini_subset,scene-1094_035,yaw,2.0,none,,2,Car,53.8,>30m,58.0,1,0
nuscenes_mini_subset,scene-1094_036,yaw,0.0,none,,0,Car,30.0,>30m,85.3,17,17
nuscenes_mini_subset,scene-1094_036,yaw,0.0,none,,2,Car,42.0,>30m,80.4,0,0
nuscenes_mini_subset,scene-1094_036,yaw,0.5,none,,0,Car,30.0,>30m,85.3,17,17
nuscenes_mini_subset,scene-1094_036,yaw,0.5,none,,2,Car,42.0,>30m,80.4,0,0
nuscenes_mini_subset,scene-1094_036,yaw,1.0,none,,0,Car,30.0,>30m,85.3,17,14
nuscenes_mini_subset,scene-1094_036,yaw,1.0,none,,2,Car,42.0,>30m,80.4,0,0
nuscenes_mini_subset,scene-1094_036,yaw,2.0,none,,0,Car,30.0,>30m,85.3,17,8
nuscenes_mini_subset,scene-1094_036,yaw,2.0,none,,2,Car,42.0,>30m,80.4,0,0
nuscenes_mini_subset,scene-1094_037,yaw,0.0,none,,0,Car,30.0,>30m,82.8,7,7
nuscenes_mini_subset,scene-1094_037,yaw,0.0,none,,1,Pedestrian,33.1,>30m,28.7,1,1
nuscenes_mini_subset,scene-1094_037,yaw,0.0,none,,3,Pedestrian,28.7,15-30m,34.0,3,3
nuscenes_mini_subset,scene-1094_037,yaw,0.0,none,,4,Car,30.2,>30m,128.7,5,5
nuscenes_mini_subset,scene-1094_037,yaw,0.0,none,,5,Pedestrian,30.9,>30m,30.8,1,1
nuscenes_mini_subset,scene-1094_037,yaw,0.5,none,,0,Car,30.0,>30m,82.8,7,7
nuscenes_mini_subset,scene-1094_037,yaw,0.5,none,,1,Pedestrian,33.1,>30m,28.7,1,1
nuscenes_mini_subset,scene-1094_037,yaw,0.5,none,,3,Pedestrian,28.7,15-30m,34.0,3,3
nuscenes_mini_subset,scene-1094_037,yaw,0.5,none,,4,Car,30.2,>30m,128.7,5,4
nuscenes_mini_subset,scene-1094_037,yaw,0.5,none,,5,Pedestrian,30.9,>30m,30.8,1,1
nuscenes_mini_subset,scene-1094_037,yaw,1.0,none,,0,Car,30.0,>30m,82.8,7,7
nuscenes_mini_subset,scene-1094_037,yaw,1.0,none,,1,Pedestrian,33.1,>30m,28.7,1,0
nuscenes_mini_subset,scene-1094_037,yaw,1.0,none,,3,Pedestrian,28.7,15-30m,34.0,3,1
nuscenes_mini_subset,scene-1094_037,yaw,1.0,none,,4,Car,30.2,>30m,128.7,5,4
nuscenes_mini_subset,scene-1094_037,yaw,1.0,none,,5,Pedestrian,30.9,>30m,30.8,1,0
nuscenes_mini_subset,scene-1094_037,yaw,2.0,none,,0,Car,30.0,>30m,82.8,7,4
nuscenes_mini_subset,scene-1094_037,yaw,2.0,none,,1,Pedestrian,33.1,>30m,28.7,1,0
nuscenes_mini_subset,scene-1094_037,yaw,2.0,none,,3,Pedestrian,28.7,15-30m,34.0,3,0
nuscenes_mini_subset,scene-1094_037,yaw,2.0,none,,4,Car,30.2,>30m,128.7,5,4
nuscenes_mini_subset,scene-1094_037,yaw,2.0,none,,5,Pedestrian,30.9,>30m,30.8,1,0
nuscenes_mini_subset,scene-1094_038,yaw,0.0,none,,0,Car,30.0,15-30m,82.9,18,18
nuscenes_mini_subset,scene-1094_038,yaw,0.0,none,,1,Pedestrian,26.3,15-30m,37.7,5,5
nuscenes_mini_subset,scene-1094_038,yaw,0.0,none,,2,Pedestrian,22.0,15-30m,47.7,4,4
nuscenes_mini_subset,scene-1094_038,yaw,0.0,none,,3,Car,18.9,15-30m,273.7,42,42
nuscenes_mini_subset,scene-1094_038,yaw,0.0,none,,4,Pedestrian,25.4,15-30m,38.7,3,3
nuscenes_mini_subset,scene-1094_038,yaw,0.5,none,,0,Car,30.0,15-30m,82.9,18,15
nuscenes_mini_subset,scene-1094_038,yaw,0.5,none,,1,Pedestrian,26.3,15-30m,37.7,5,3
nuscenes_mini_subset,scene-1094_038,yaw,0.5,none,,2,Pedestrian,22.0,15-30m,47.7,4,4
nuscenes_mini_subset,scene-1094_038,yaw,0.5,none,,3,Car,18.9,15-30m,273.7,42,42
nuscenes_mini_subset,scene-1094_038,yaw,0.5,none,,4,Pedestrian,25.4,15-30m,38.7,3,3
nuscenes_mini_subset,scene-1094_038,yaw,1.0,none,,0,Car,30.0,15-30m,82.9,18,14
nuscenes_mini_subset,scene-1094_038,yaw,1.0,none,,1,Pedestrian,26.3,15-30m,37.7,5,1
nuscenes_mini_subset,scene-1094_038,yaw,1.0,none,,2,Pedestrian,22.0,15-30m,47.7,4,4
nuscenes_mini_subset,scene-1094_038,yaw,1.0,none,,3,Car,18.9,15-30m,273.7,42,41
nuscenes_mini_subset,scene-1094_038,yaw,1.0,none,,4,Pedestrian,25.4,15-30m,38.7,3,1
nuscenes_mini_subset,scene-1094_038,yaw,2.0,none,,0,Car,30.0,15-30m,82.9,18,8
nuscenes_mini_subset,scene-1094_038,yaw,2.0,none,,1,Pedestrian,26.3,15-30m,37.7,5,0
nuscenes_mini_subset,scene-1094_038,yaw,2.0,none,,2,Pedestrian,22.0,15-30m,47.7,4,0
nuscenes_mini_subset,scene-1094_038,yaw,2.0,none,,3,Car,18.9,15-30m,273.7,42,38
nuscenes_mini_subset,scene-1094_038,yaw,2.0,none,,4,Pedestrian,25.4,15-30m,38.7,3,0
nuscenes_mini_subset,scene-1094_039,yaw,0.0,none,,0,Car,29.8,15-30m,83.3,10,10
nuscenes_mini_subset,scene-1094_039,yaw,0.0,none,,1,Pedestrian,19.6,15-30m,55.1,11,11
nuscenes_mini_subset,scene-1094_039,yaw,0.0,none,,2,Pedestrian,15.3,15-30m,77.1,7,7
nuscenes_mini_subset,scene-1094_039,yaw,0.0,none,,3,Pedestrian,19.8,15-30m,52.2,4,4
nuscenes_mini_subset,scene-1094_039,yaw,0.5,none,,0,Car,29.8,15-30m,83.3,10,9
nuscenes_mini_subset,scene-1094_039,yaw,0.5,none,,1,Pedestrian,19.6,15-30m,55.1,11,11
nuscenes_mini_subset,scene-1094_039,yaw,0.5,none,,2,Pedestrian,15.3,15-30m,77.1,7,7
nuscenes_mini_subset,scene-1094_039,yaw,0.5,none,,3,Pedestrian,19.8,15-30m,52.2,4,4
nuscenes_mini_subset,scene-1094_039,yaw,1.0,none,,0,Car,29.8,15-30m,83.3,10,8
nuscenes_mini_subset,scene-1094_039,yaw,1.0,none,,1,Pedestrian,19.6,15-30m,55.1,11,7
nuscenes_mini_subset,scene-1094_039,yaw,1.0,none,,2,Pedestrian,15.3,15-30m,77.1,7,7
nuscenes_mini_subset,scene-1094_039,yaw,1.0,none,,3,Pedestrian,19.8,15-30m,52.2,4,1
nuscenes_mini_subset,scene-1094_039,yaw,2.0,none,,0,Car,29.8,15-30m,83.3,10,5
nuscenes_mini_subset,scene-1094_039,yaw,2.0,none,,1,Pedestrian,19.6,15-30m,55.1,11,0
nuscenes_mini_subset,scene-1094_039,yaw,2.0,none,,2,Pedestrian,15.3,15-30m,77.1,7,0
nuscenes_mini_subset,scene-1094_039,yaw,2.0,none,,3,Pedestrian,19.8,15-30m,52.2,4,0
